unsigned char quickapp_system_default_cjk_font[] = {
  0x00, 0x01, 0x00, 0x00, 0x00, 0x10, 0x01, 0x00, 0x00, 0x04, 0x00, 0x00,
  0x47, 0x50, 0x4f, 0x53, 0xbf, 0x89, 0xa5, 0x4e, 0x00, 0x00, 0x16, 0xf4,
  0x00, 0x00, 0x11, 0xce, 0x47, 0x53, 0x55, 0x42, 0x4a, 0x4d, 0x39, 0x13,
  0x00, 0x00, 0x02, 0x64, 0x00, 0x00, 0x01, 0x4e, 0x4f, 0x53, 0x2f, 0x32,
  0x56, 0x53, 0xba, 0x07, 0x00, 0x00, 0x02, 0x04, 0x00, 0x00, 0x00, 0x60,
  0x53, 0x54, 0x41, 0x54, 0x78, 0x92, 0x6c, 0xdd, 0x00, 0x00, 0x01, 0x9c,
  0x00, 0x00, 0x00, 0x2e, 0x63, 0x6d, 0x61, 0x70, 0xf2, 0x24, 0xf0, 0x91,
  0x00, 0x00, 0x10, 0x4c, 0x00, 0x00, 0x06, 0xa8, 0x67, 0x61, 0x73, 0x70,
  0x00, 0x00, 0x00, 0x10, 0x00, 0x00, 0x01, 0x0c, 0x00, 0x00, 0x00, 0x08,
  0x67, 0x6c, 0x79, 0x66, 0x1d, 0xda, 0x41, 0xba, 0x00, 0x00, 0x28, 0xc4,
  0x00, 0x00, 0xe0, 0xe4, 0x68, 0x65, 0x61, 0x64, 0x22, 0xe1, 0x21, 0x5f,
  0x00, 0x00, 0x01, 0xcc, 0x00, 0x00, 0x00, 0x36, 0x68, 0x68, 0x65, 0x61,
  0x0c, 0x11, 0x09, 0xb8, 0x00, 0x00, 0x01, 0x54, 0x00, 0x00, 0x00, 0x24,
  0x68, 0x6d, 0x74, 0x78, 0x42, 0x05, 0x4b, 0xd8, 0x00, 0x00, 0x0b, 0x20,
  0x00, 0x00, 0x05, 0x2a, 0x6c, 0x6f, 0x63, 0x61, 0x54, 0x6e, 0x8c, 0x2e,
  0x00, 0x00, 0x05, 0xe0, 0x00, 0x00, 0x02, 0xa0, 0x6d, 0x61, 0x78, 0x70,
  0x01, 0xa4, 0x02, 0x49, 0x00, 0x00, 0x01, 0x14, 0x00, 0x00, 0x00, 0x20,
  0x6e, 0x61, 0x6d, 0x65, 0x2a, 0x9b, 0x46, 0xcb, 0x00, 0x00, 0x03, 0xb4,
  0x00, 0x00, 0x02, 0x2a, 0x70, 0x6f, 0x73, 0x74, 0xff, 0x86, 0x00, 0x32,
  0x00, 0x00, 0x01, 0x34, 0x00, 0x00, 0x00, 0x20, 0x76, 0x68, 0x65, 0x61,
  0x0c, 0x9e, 0x17, 0x20, 0x00, 0x00, 0x01, 0x78, 0x00, 0x00, 0x00, 0x24,
  0x76, 0x6d, 0x74, 0x78, 0x4a, 0xd8, 0x46, 0xf8, 0x00, 0x00, 0x08, 0x80,
  0x00, 0x00, 0x02, 0xa0, 0x00, 0x01, 0x00, 0x01, 0xff, 0xff, 0x00, 0x0f,
  0x00, 0x01, 0x00, 0x00, 0x01, 0x4f, 0x02, 0x48, 0x00, 0x54, 0x00, 0x00,
  0x00, 0x00, 0x00, 0x01, 0x00, 0x00, 0x00, 0x00, 0x00, 0x00, 0x00, 0x00,
  0x00, 0x00, 0x00, 0x00, 0x00, 0x00, 0x00, 0x00, 0x00, 0x03, 0x00, 0x00,
  0x00, 0x00, 0x00, 0x00, 0xff, 0x83, 0x00, 0x32, 0x00, 0x00, 0x00, 0x00,
  0x00, 0x00, 0x00, 0x00, 0x00, 0x00, 0x00, 0x00, 0x00, 0x00, 0x00, 0x00,
  0x00, 0x00, 0x00, 0x00, 0x00, 0x01, 0x00, 0x00, 0x04, 0x88, 0xfe, 0xe0,
  0x00, 0x00, 0x0b, 0xb8, 0xfc, 0x16, 0xfd, 0xd9, 0x0b, 0x70, 0x00, 0x01,
  0x00, 0x00, 0x00, 0x00, 0x00, 0x00, 0x00, 0x00, 0x00, 0x00, 0x00, 0x00,
  0x00, 0x00, 0x01, 0x46, 0x00, 0x01, 0x10, 0x00, 0x01, 0xf4, 0xfe, 0x0c,
  0x00, 0x00, 0x0b, 0xb8, 0xff, 0x36, 0xfd, 0x5b, 0x0b, 0x70, 0x00, 0x00,
  0x00, 0x01, 0x00, 0x00, 0x00, 0x00, 0x00, 0x00, 0x00, 0x00, 0x00, 0x00,
  0x00, 0x00, 0x00, 0x01, 0x00, 0x01, 0x00, 0x01, 0x00, 0x08, 0x00, 0x01,
  0x00, 0x00, 0x00, 0x14, 0x00, 0x01, 0x00, 0x00, 0x00, 0x1c, 0x00, 0x02,
  0x77, 0x67, 0x68, 0x74, 0x01, 0x01, 0x00, 0x00, 0x00, 0x02, 0x00, 0x03,
  0x00, 0x00, 0x00, 0x02, 0x00, 0x02, 0x01, 0x90, 0x00, 0x00, 0x02, 0xbc,
  0x00, 0x00, 0x00, 0x00, 0x00, 0x01, 0x00, 0x00, 0x00, 0x02, 0x01, 0x06,
  0x0c, 0xa5, 0x31, 0xab, 0x5f, 0x0f, 0x3c, 0xf5, 0x00, 0x03, 0x03, 0xe8,
  0x00, 0x00, 0x00, 0x00, 0xdc, 0xb0, 0x24, 0xa7, 0x00, 0x00, 0x00, 0x00,
  0xdf, 0x92, 0xb7, 0xd7, 0xfc, 0x16, 0xfb, 0xe8, 0x0b, 0x70, 0x07, 0x10,
  0x00, 0x00, 0x00, 0x06, 0x00, 0x02, 0x00, 0x00, 0x00, 0x00, 0x00, 0x00,
  0x00, 0x04, 0x03, 0xdd, 0x01, 0x90, 0x00, 0x05, 0x00, 0x00, 0x02, 0x8a,
  0x02, 0x58, 0x00, 0x00, 0x00, 0x4b, 0x02, 0x8a, 0x02, 0x58, 0x00, 0x00,
  0x01, 0x5e, 0x00, 0x32, 0x01, 0x45, 0x00, 0x00, 0x02, 0x0b, 0x02, 0x00,
  0x00, 0x00, 0x00, 0x00, 0x00, 0x00, 0x00, 0x00, 0x00, 0x01, 0x08, 0x01,
  0x00, 0x00, 0x00, 0x00, 0x00, 0x10, 0x00, 0x00, 0x00, 0x00, 0x41, 0x44,
  0x42, 0x4f, 0x00, 0x40, 0x00, 0x20, 0xff, 0x1f, 0x03, 0x70, 0xff, 0x88,
  0x00, 0x00, 0x04, 0x88, 0x01, 0x20, 0x60, 0x06, 0x01, 0x07, 0x00, 0x00,
  0x00, 0x00, 0x02, 0x1f, 0x02, 0xdd, 0x00, 0x00, 0x00, 0x20, 0x00, 0x06,
  0x00, 0x01, 0x00, 0x00, 0x00, 0x0a, 0x00, 0x70, 0x00, 0xa8, 0x00, 0x06,
  0x44, 0x46, 0x4c, 0x54, 0x00, 0x56, 0x63, 0x79, 0x72, 0x6c, 0x00, 0x30,
  0x67, 0x72, 0x65, 0x6b, 0x00, 0x30, 0x68, 0x61, 0x6e, 0x69, 0x00, 0x26,
  0x6b, 0x61, 0x6e, 0x61, 0x00, 0x26, 0x6c, 0x61, 0x74, 0x6e, 0x00, 0x30,
  0x00, 0x34, 0x00, 0x01, 0x5a, 0x48, 0x53, 0x20, 0x00, 0x14, 0x00, 0x18,
  0x00, 0x01, 0x5a, 0x48, 0x53, 0x20, 0x00, 0x0a, 0x00, 0x00, 0xff, 0xff,
  0x00, 0x04, 0x00, 0x00, 0x00, 0x02, 0x00, 0x03, 0x00, 0x04, 0x00, 0x00,
  0xff, 0xff, 0x00, 0x04, 0x00, 0x00, 0x00, 0x01, 0x00, 0x03, 0x00, 0x04,
  0x00, 0x04, 0x00, 0x00, 0x00, 0x00, 0xff, 0xff, 0x00, 0x03, 0x00, 0x00,
  0x00, 0x03, 0x00, 0x04, 0x00, 0x05, 0x6c, 0x69, 0x67, 0x61, 0x00, 0x32,
  0x6c, 0x6f, 0x63, 0x6c, 0x00, 0x2c, 0x6c, 0x6f, 0x63, 0x6c, 0x00, 0x26,
  0x76, 0x65, 0x72, 0x74, 0x00, 0x20, 0x76, 0x72, 0x74, 0x32, 0x00, 0x20,
  0x00, 0x00, 0x00, 0x01, 0x00, 0x03, 0x00, 0x00, 0x00, 0x01, 0x00, 0x02,
  0x00, 0x00, 0x00, 0x01, 0x00, 0x01, 0x00, 0x00, 0x00, 0x01, 0x00, 0x00,
  0x00, 0x04, 0x00, 0x62, 0x00, 0x4a, 0x00, 0x30, 0x00, 0x0a, 0x00, 0x01,
  0x00, 0x00, 0x00, 0x01, 0x00, 0x08, 0x00, 0x02, 0x00, 0x10, 0x00, 0x05,
  0x01, 0x3b, 0x01, 0x3c, 0x01, 0x3a, 0x01, 0x3d, 0x01, 0x3e, 0x00, 0x01,
  0x00, 0x05, 0x00, 0x60, 0x00, 0x61, 0x01, 0x3f, 0x01, 0x43, 0x01, 0x44,
  0x00, 0x01, 0x00, 0x00, 0x00, 0x01, 0x00, 0x08, 0x00, 0x02, 0x00, 0x0a,
  0x00, 0x02, 0x01, 0x41, 0x01, 0x42, 0x00, 0x01, 0x00, 0x02, 0x00, 0x03,
  0x00, 0x08, 0x00, 0x01, 0x00, 0x00, 0x00, 0x01, 0x00, 0x08, 0x00, 0x01,
  0x00, 0x06, 0x01, 0x34, 0x00, 0x02, 0x00, 0x01, 0x00, 0x11, 0x00, 0x1a,
  0x00, 0x00, 0x00, 0x04, 0x00, 0x00, 0x00, 0x01, 0x00, 0x08, 0x00, 0x01,
  0x00, 0x36, 0x00, 0x01, 0x00, 0x08, 0x00, 0x05, 0x00, 0x26, 0x00, 0x1e,
  0x00, 0x18, 0x00, 0x12, 0x00, 0x0c, 0x01, 0x37, 0x00, 0x02, 0x00, 0x4d,
  0x01, 0x36, 0x00, 0x02, 0x00, 0x4a, 0x01, 0x35, 0x00, 0x02, 0x00, 0x47,
  0x01, 0x39, 0x00, 0x03, 0x00, 0x47, 0x00, 0x4d, 0x01, 0x38, 0x00, 0x03,
  0x00, 0x47, 0x00, 0x4a, 0x00, 0x01, 0x00, 0x01, 0x00, 0x47, 0x00, 0x00,
  0x00, 0x00, 0x00, 0x08, 0x00, 0x66, 0x00, 0x03, 0x00, 0x01, 0x04, 0x09,
  0x00, 0x00, 0x00, 0x9c, 0x01, 0x28, 0x00, 0x03, 0x00, 0x01, 0x04, 0x09,
  0x00, 0x01, 0x00, 0x18, 0x01, 0x10, 0x00, 0x03, 0x00, 0x01, 0x04, 0x09,
  0x00, 0x02, 0x00, 0x0e, 0x01, 0x02, 0x00, 0x03, 0x00, 0x01, 0x04, 0x09,
  0x00, 0x03, 0x00, 0x40, 0x00, 0xc2, 0x00, 0x03, 0x00, 0x01, 0x04, 0x09,
  0x00, 0x04, 0x00, 0x28, 0x00, 0x9a, 0x00, 0x03, 0x00, 0x01, 0x04, 0x09,
  0x00, 0x05, 0x00, 0x6a, 0x00, 0x30, 0x00, 0x03, 0x00, 0x01, 0x04, 0x09,
  0x00, 0x06, 0x00, 0x24, 0x00, 0x0c, 0x00, 0x03, 0x00, 0x01, 0x04, 0x09,
  0x01, 0x01, 0x00, 0x0c, 0x00, 0x00, 0x00, 0x57, 0x00, 0x65, 0x00, 0x69,
  0x00, 0x67, 0x00, 0x68, 0x00, 0x74, 0x00, 0x4e, 0x00, 0x6f, 0x00, 0x74,
  0x00, 0x6f, 0x00, 0x53, 0x00, 0x61, 0x00, 0x6e, 0x00, 0x73, 0x00, 0x53,
  0x00, 0x43, 0x00, 0x2d, 0x00, 0x52, 0x00, 0x65, 0x00, 0x67, 0x00, 0x75,
  0x00, 0x6c, 0x00, 0x61, 0x00, 0x72, 0x00, 0x56, 0x00, 0x65, 0x00, 0x72,
  0x00, 0x73, 0x00, 0x69, 0x00, 0x6f, 0x00, 0x6e, 0x00, 0x20, 0x00, 0x32,
  0x00, 0x2e, 0x00, 0x30, 0x00, 0x30, 0x00, 0x34, 0x00, 0x2d, 0x00, 0x48,
  0x00, 0x32, 0x00, 0x3b, 0x00, 0x68, 0x00, 0x6f, 0x00, 0x74, 0x00, 0x63,
  0x00, 0x6f, 0x00, 0x6e, 0x00, 0x76, 0x00, 0x20, 0x00, 0x31, 0x00, 0x2e,
  0x00, 0x30, 0x00, 0x2e, 0x00, 0x31, 0x00, 0x31, 0x00, 0x38, 0x00, 0x3b,
  0x00, 0x6d, 0x00, 0x61, 0x00, 0x6b, 0x00, 0x65, 0x00, 0x6f, 0x00, 0x74,
  0x00, 0x66, 0x00, 0x65, 0x00, 0x78, 0x00, 0x65, 0x00, 0x20, 0x00, 0x32,
  0x00, 0x2e, 0x00, 0x35, 0x00, 0x2e, 0x00, 0x36, 0x00, 0x35, 0x00, 0x36,
  0x00, 0x30, 0x00, 0x33, 0x00, 0x4e, 0x00, 0x6f, 0x00, 0x74, 0x00, 0x6f,
  0x00, 0x20, 0x00, 0x53, 0x00, 0x61, 0x00, 0x6e, 0x00, 0x73, 0x00, 0x20,
  0x00, 0x53, 0x00, 0x43, 0x00, 0x20, 0x00, 0x52, 0x00, 0x65, 0x00, 0x67,
  0x00, 0x75, 0x00, 0x6c, 0x00, 0x61, 0x00, 0x72, 0x00, 0x32, 0x00, 0x2e,
  0x00, 0x30, 0x00, 0x30, 0x00, 0x34, 0x00, 0x2d, 0x00, 0x48, 0x00, 0x32,
  0x00, 0x3b, 0x00, 0x41, 0x00, 0x44, 0x00, 0x42, 0x00, 0x4f, 0x00, 0x3b,
  0x00, 0x4e, 0x00, 0x6f, 0x00, 0x74, 0x00, 0x6f, 0x00, 0x53, 0x00, 0x61,
  0x00, 0x6e, 0x00, 0x73, 0x00, 0x53, 0x00, 0x43, 0x00, 0x2d, 0x00, 0x52,
  0x00, 0x65, 0x00, 0x67, 0x00, 0x75, 0x00, 0x6c, 0x00, 0x61, 0x00, 0x72,
  0x00, 0x52, 0x00, 0x65, 0x00, 0x67, 0x00, 0x75, 0x00, 0x6c, 0x00, 0x61,
  0x00, 0x72, 0x00, 0x4e, 0x00, 0x6f, 0x00, 0x74, 0x00, 0x6f, 0x00, 0x20,
  0x00, 0x53, 0x00, 0x61, 0x00, 0x6e, 0x00, 0x73, 0x00, 0x20, 0x00, 0x53,
  0x00, 0x43, 0x00, 0x28, 0x00, 0x63, 0x00, 0x29, 0x00, 0x20, 0x00, 0x32,
  0x00, 0x30, 0x00, 0x31, 0x00, 0x34, 0x00, 0x2d, 0x00, 0x32, 0x00, 0x30,
  0x00, 0x32, 0x00, 0x31, 0x00, 0x20, 0x00, 0x41, 0x00, 0x64, 0x00, 0x6f,
  0x00, 0x62, 0x00, 0x65, 0x00, 0x20, 0x00, 0x28, 0x00, 0x68, 0x00, 0x74,
  0x00, 0x74, 0x00, 0x70, 0x00, 0x3a, 0x00, 0x2f, 0x00, 0x2f, 0x00, 0x77,
  0x00, 0x77, 0x00, 0x77, 0x00, 0x2e, 0x00, 0x61, 0x00, 0x64, 0x00, 0x6f,
  0x00, 0x62, 0x00, 0x65, 0x00, 0x2e, 0x00, 0x63, 0x00, 0x6f, 0x00, 0x6d,
  0x00, 0x2f, 0x00, 0x29, 0x00, 0x2c, 0x00, 0x20, 0x00, 0x77, 0x00, 0x69,
  0x00, 0x74, 0x00, 0x68, 0x00, 0x20, 0x00, 0x52, 0x00, 0x65, 0x00, 0x73,
  0x00, 0x65, 0x00, 0x72, 0x00, 0x76, 0x00, 0x65, 0x00, 0x64, 0x00, 0x20,
  0x00, 0x46, 0x00, 0x6f, 0x00, 0x6e, 0x00, 0x74, 0x00, 0x20, 0x00, 0x4e,
  0x00, 0x61, 0x00, 0x6d, 0x00, 0x65, 0x00, 0x20, 0x00, 0x27, 0x00, 0x53,
  0x00, 0x6f, 0x00, 0x75, 0x00, 0x72, 0x00, 0x63, 0x00, 0x65, 0x00, 0x27,
  0x00, 0x2e, 0x00, 0x00, 0x00, 0x00, 0x00, 0x00, 0x00, 0x00, 0x00, 0x20,
  0x00, 0x39, 0x00, 0x68, 0x00, 0xb3, 0x01, 0x0d, 0x01, 0x69, 0x01, 0x79,
  0x01, 0x93, 0x01, 0xad, 0x01, 0xcb, 0x01, 0xdf, 0x02, 0x02, 0x02, 0x0e,
  0x02, 0x24, 0x02, 0x33, 0x02, 0x65, 0x02, 0x7c, 0x02, 0xa9, 0x02, 0xed,
  0x03, 0x0c, 0x03, 0x44, 0x03, 0x8a, 0x03, 0xa4, 0x04, 0x00, 0x04, 0x47,
  0x04, 0x6d, 0x04, 0xa0, 0x04, 0xb6, 0x04, 0xc9, 0x04, 0xde, 0x05, 0x19,
  0x05, 0x8c, 0x05, 0xae, 0x05, 0xe5, 0x06, 0x16, 0x06, 0x39, 0x06, 0x50,
  0x06, 0x64, 0x06, 0x98, 0x06, 0xaf, 0x06, 0xbb, 0x06, 0xd9, 0x06, 0xf4,
  0x07, 0x03, 0x07, 0x37, 0x07, 0x5a, 0x07, 0x8c, 0x07, 0xaf, 0x07, 0xf8,
  0x08, 0x24, 0x08, 0x68, 0x08, 0x79, 0x08, 0x9f, 0x08, 0xbb, 0x08, 0xf5,
  0x09, 0x22, 0x09, 0x40, 0x09, 0x56, 0x09, 0x67, 0x09, 0x76, 0x09, 0x87,
  0x09, 0x9d, 0x09, 0xa9, 0x09, 0xb7, 0x09, 0xf4, 0x0a, 0x2c, 0x0a, 0x5b,
  0x0a, 0x93, 0x0a, 0xcb, 0x0a, 0xee, 0x0b, 0x64, 0x0b, 0x86, 0x0b, 0xa2,
  0x0b, 0xd0, 0x0b, 0xe9, 0x0c, 0x07, 0x0c, 0x3c, 0x0c, 0x5e, 0x0c, 0x91,
  0x0c, 0xc9, 0x0d, 0x01, 0x0d, 0x21, 0x0d, 0x63, 0x0d, 0x8a, 0x0d, 0xac,
  0x0d, 0xc8, 0x0e, 0x02, 0x0e, 0x2f, 0x0e, 0x5f, 0x0e, 0x74, 0x0e, 0xb6,
  0x0e, 0xc3, 0x0f, 0x04, 0x0f, 0x2c, 0x0f, 0x42, 0x0f, 0x72, 0x0f, 0x7f,
  0x0f, 0xa4, 0x0f, 0xdf, 0x10, 0x36, 0x10, 0x87, 0x10, 0xc1, 0x10, 0xf2,
  0x11, 0x12, 0x11, 0x81, 0x11, 0xb2, 0x12, 0x10, 0x12, 0x5d, 0x12, 0x71,
  0x12, 0xb8, 0x12, 0xef, 0x13, 0x1f, 0x13, 0x79, 0x13, 0xe0, 0x14, 0x29,
  0x14, 0x76, 0x14, 0xbe, 0x15, 0x17, 0x15, 0x82, 0x15, 0xc0, 0x16, 0x1d,
  0x16, 0x6c, 0x16, 0xd0, 0x17, 0x57, 0x17, 0xb6, 0x18, 0x1b, 0x18, 0xa0,
  0x18, 0xd5, 0x19, 0x1a, 0x19, 0x78, 0x19, 0xc7, 0x1a, 0x1e, 0x1a, 0x8a,
  0x1a, 0xfc, 0x1b, 0x86, 0x1b, 0xf4, 0x1c, 0x69, 0x1c, 0xba, 0x1d, 0x1c,
  0x1d, 0xac, 0x1e, 0x49, 0x1e, 0xa6, 0x1e, 0xea, 0x1f, 0x5f, 0x1f, 0x83,
  0x20, 0x0b, 0x20, 0x24, 0x20, 0x61, 0x20, 0xbd, 0x21, 0x17, 0x21, 0x5c,
  0x21, 0xa0, 0x21, 0xee, 0x22, 0x4e, 0x22, 0x89, 0x23, 0x17, 0x23, 0x3e,
  0x23, 0x7b, 0x23, 0xff, 0x24, 0xa3, 0x25, 0x08, 0x25, 0x78, 0x25, 0xf2,
  0x26, 0x33, 0x26, 0xd0, 0x27, 0x2f, 0x27, 0x8b, 0x27, 0xf3, 0x28, 0x55,
  0x28, 0xce, 0x29, 0x38, 0x29, 0xd3, 0x2a, 0x4b, 0x2a, 0xe9, 0x2b, 0x04,
  0x2b, 0x46, 0x2b, 0x94, 0x2c, 0x00, 0x2c, 0x3a, 0x2c, 0xa5, 0x2d, 0x1c,
  0x2d, 0xa6, 0x2d, 0xd9, 0x2e, 0x37, 0x2e, 0x90, 0x2e, 0xcc, 0x2f, 0x58,
  0x2f, 0xd4, 0x30, 0x3c, 0x30, 0xd5, 0x31, 0x5a, 0x31, 0xd0, 0x32, 0x64,
  0x32, 0x9f, 0x32, 0xe5, 0x33, 0x3c, 0x33, 0xc4, 0x34, 0x28, 0x34, 0xcd,
  0x35, 0x4f, 0x35, 0xd6, 0x36, 0x7c, 0x37, 0x1b, 0x37, 0xba, 0x38, 0x01,
  0x38, 0xb2, 0x39, 0x05, 0x39, 0x26, 0x39, 0x78, 0x39, 0xd2, 0x3a, 0x1f,
  0x3a, 0xaa, 0x3b, 0x23, 0x3b, 0xbc, 0x3c, 0x0b, 0x3c, 0xa8, 0x3c, 0xea,
  0x3d, 0x79, 0x3e, 0x05, 0x3e, 0x93, 0x3f, 0x29, 0x3f, 0x83, 0x40, 0x06,
  0x40, 0x78, 0x41, 0x2e, 0x41, 0xbc, 0x42, 0x5a, 0x42, 0xe8, 0x43, 0x6c,
  0x43, 0xf8, 0x44, 0x22, 0x44, 0x71, 0x45, 0x1c, 0x45, 0x81, 0x45, 0xe0,
  0x46, 0x6b, 0x46, 0xd6, 0x47, 0xb6, 0x48, 0x3e, 0x48, 0xd2, 0x49, 0x54,
  0x4a, 0x03, 0x4a, 0x60, 0x4a, 0xf0, 0x4b, 0x5a, 0x4b, 0xc3, 0x4b, 0xf8,
  0x4c, 0x4d, 0x4c, 0x74, 0x4d, 0x28, 0x4d, 0xdb, 0x4e, 0x5d, 0x4e, 0xd8,
  0x4e, 0xfe, 0x4f, 0x5a, 0x4f, 0xe5, 0x50, 0x43, 0x50, 0xe9, 0x51, 0x3b,
  0x52, 0x03, 0x52, 0x6d, 0x53, 0x20, 0x53, 0xb9, 0x54, 0x4d, 0x54, 0xeb,
  0x55, 0x71, 0x56, 0x39, 0x56, 0xcd, 0x57, 0xd1, 0x58, 0x48, 0x58, 0x93,
  0x59, 0x17, 0x59, 0xff, 0x5a, 0x44, 0x5a, 0xa4, 0x5b, 0x61, 0x5c, 0x11,
  0x5c, 0x74, 0x5c, 0xc4, 0x5d, 0x15, 0x5d, 0x84, 0x5d, 0xdd, 0x5e, 0x5d,
  0x5e, 0xd8, 0x5f, 0x8a, 0x60, 0x51, 0x60, 0xcb, 0x61, 0x70, 0x62, 0x1b,
  0x62, 0xaf, 0x63, 0x50, 0x63, 0xf7, 0x64, 0x9e, 0x65, 0x16, 0x65, 0xba,
  0x66, 0x05, 0x66, 0x4f, 0x66, 0x9f, 0x67, 0x40, 0x67, 0xda, 0x68, 0x54,
  0x68, 0x9e, 0x68, 0xf1, 0x69, 0x59, 0x69, 0xc6, 0x6a, 0x75, 0x6b, 0x41,
  0x6b, 0x7c, 0x6b, 0xb6, 0x6b, 0xf1, 0x6c, 0x43, 0x6c, 0x96, 0x6c, 0xb9,
  0x6c, 0xce, 0x6c, 0xff, 0x6d, 0x26, 0x6d, 0x64, 0x6d, 0x86, 0x6d, 0xd4,
  0x6d, 0xed, 0x6d, 0xfd, 0x6e, 0x23, 0x6e, 0x5f, 0x6e, 0x91, 0x6e, 0xa8,
  0x6e, 0xd5, 0x6f, 0x19, 0x6f, 0x38, 0x6f, 0x70, 0x6f, 0xb6, 0x6f, 0xd0,
  0x70, 0x2c, 0x70, 0x72, 0x03, 0xe8, 0x00, 0x00, 0x03, 0x70, 0x00, 0x83,
  0x00, 0x6d, 0x00, 0x9a, 0x00, 0x2c, 0x00, 0x86, 0x00, 0x86, 0x00, 0x6d,
  0x00, 0x3e, 0x00, 0x3e, 0x00, 0x54, 0x01, 0x02, 0x02, 0xf2, 0x02, 0x35,
  0x02, 0xf2, 0x00, 0x56, 0x00, 0x86, 0x00, 0x93, 0x00, 0x86, 0x00, 0x86,
  0x00, 0x93, 0x00, 0x93, 0x00, 0x86, 0x00, 0x93, 0x00, 0x88, 0x00, 0x86,
  0x01, 0x5e, 0x01, 0x5e, 0x01, 0x1c, 0x01, 0x65, 0x01, 0x1c, 0x00, 0x76,
  0x00, 0x9e, 0x00, 0x93, 0x00, 0x93, 0x00, 0x86, 0x00, 0x93, 0x00, 0x93,
  0x00, 0x93, 0x00, 0x86, 0x00, 0x93, 0x00, 0x93, 0x00, 0x93, 0x00, 0x93,
  0x00, 0x93, 0x00, 0x93, 0x00, 0x93, 0x00, 0x86, 0x00, 0x93, 0x00, 0x86,
  0x00, 0x93, 0x00, 0x86, 0x00, 0x93, 0x00, 0x93, 0x00, 0x93, 0x00, 0x93,
  0x00, 0x93, 0x00, 0x93, 0x00, 0x93, 0x00, 0x58, 0x00, 0x56, 0x00, 0x58,
  0x00, 0x83, 0x03, 0xc0, 0x00, 0x08, 0x01, 0x43, 0x00, 0x54, 0x01, 0x43,
  0x00, 0x54, 0x01, 0x43, 0x00, 0x47, 0x01, 0x43, 0x00, 0x54, 0x00, 0x69,
  0x00, 0x69, 0x00, 0x54, 0x00, 0x54, 0x01, 0x43, 0x01, 0x43, 0x01, 0x43,
  0x01, 0x43, 0x01, 0x43, 0x01, 0x43, 0x01, 0x43, 0x00, 0xb8, 0x01, 0x51,
  0x01, 0x51, 0x01, 0x51, 0x01, 0x51, 0x01, 0x51, 0x01, 0x51, 0x00, 0x58,
  0x00, 0x2a, 0x00, 0x58, 0x01, 0xad, 0x02, 0x90, 0x02, 0x7c, 0x01, 0xc1,
  0x00, 0x72, 0x00, 0x6e, 0x00, 0x3e, 0x00, 0x26, 0x00, 0x34, 0x00, 0x27,
  0x00, 0x28, 0x00, 0x2a, 0x00, 0x2c, 0x00, 0x33, 0x00, 0x28, 0x00, 0xb7,
  0x00, 0x61, 0x00, 0x2b, 0x00, 0x2c, 0x00, 0x21, 0x00, 0x4f, 0x00, 0x2c,
  0x00, 0x28, 0x00, 0x1f, 0x00, 0x2e, 0x00, 0x2c, 0x00, 0x2c, 0x00, 0x2b,
  0x00, 0x2c, 0x00, 0x26, 0x00, 0x29, 0x00, 0x2a, 0x00, 0x2b, 0x00, 0x28,
  0x00, 0x3d, 0x00, 0x1d, 0x00, 0x2c, 0x00, 0x29, 0x00, 0x28, 0x00, 0x2f,
  0x00, 0x29, 0x00, 0x38, 0x00, 0x2c, 0x00, 0x3b, 0x00, 0x2a, 0x00, 0x35,
  0x00, 0x27, 0x00, 0x39, 0x00, 0x28, 0x00, 0x2c, 0x00, 0x5d, 0x00, 0x6e,
  0x00, 0x24, 0x00, 0x91, 0x00, 0x6f, 0x00, 0x24, 0x00, 0x51, 0x00, 0x25,
  0x00, 0x5c, 0x00, 0x30, 0x00, 0x31, 0x00, 0x53, 0x00, 0x24, 0x00, 0x51,
  0x00, 0x28, 0x00, 0x28, 0x00, 0x34, 0x00, 0x2e, 0x00, 0x25, 0x00, 0x28,
  0x00, 0x75, 0x00, 0x27, 0x00, 0x21, 0x00, 0x26, 0x00, 0x1f, 0x00, 0x21,
  0x00, 0x21, 0x00, 0x28, 0x00, 0x28, 0x00, 0x58, 0x00, 0x37, 0x00, 0x99,
  0x00, 0x66, 0x00, 0x27, 0x00, 0x27, 0x00, 0x6b, 0x00, 0x20, 0x00, 0x23,
  0x00, 0x28, 0x00, 0x69, 0x00, 0x57, 0x00, 0x2c, 0x00, 0x29, 0x00, 0x5c,
  0x00, 0x2a, 0x00, 0x28, 0x00, 0x24, 0x00, 0x1e, 0x00, 0x28, 0x00, 0x29,
  0x00, 0x23, 0x00, 0x29, 0x00, 0x28, 0x00, 0x28, 0x00, 0x28, 0x00, 0x29,
  0x00, 0x27, 0x00, 0x29, 0x00, 0x20, 0x00, 0x26, 0x00, 0x28, 0x00, 0x21,
  0x00, 0x24, 0x00, 0x6b, 0x00, 0x6c, 0x00, 0x2d, 0x00, 0x51, 0x00, 0x59,
  0x00, 0x51, 0x00, 0x4c, 0x00, 0x25, 0x00, 0x5d, 0x00, 0x4d, 0x00, 0x29,
  0x00, 0x28, 0x00, 0x28, 0x00, 0x26, 0x00, 0x28, 0x00, 0x28, 0x00, 0x28,
  0x00, 0x25, 0x00, 0x24, 0x00, 0x22, 0x00, 0x21, 0x00, 0x28, 0x00, 0x28,
  0x00, 0x29, 0x00, 0x71, 0x00, 0x28, 0x00, 0x22, 0x00, 0x2a, 0x00, 0x24,
  0x00, 0x55, 0x00, 0x2c, 0x00, 0x28, 0x00, 0x33, 0x00, 0x33, 0x00, 0x28,
  0x00, 0x33, 0x00, 0x28, 0x00, 0x26, 0x00, 0x27, 0x00, 0x59, 0x00, 0x28,
  0x00, 0x6e, 0x00, 0x28, 0x00, 0x2a, 0x00, 0x29, 0x00, 0x24, 0x00, 0x46,
  0x00, 0x66, 0x00, 0x30, 0x00, 0x29, 0x00, 0x5f, 0x00, 0x25, 0x00, 0x72,
  0x00, 0x28, 0x00, 0x27, 0x00, 0x23, 0x00, 0x23, 0x00, 0x24, 0x00, 0x25,
  0x00, 0x29, 0x00, 0x2f, 0x00, 0x28, 0x00, 0x24, 0x00, 0x64, 0x00, 0x28,
  0x00, 0x38, 0x00, 0x26, 0x00, 0x28, 0x00, 0x27, 0x00, 0x28, 0x00, 0x28,
  0x00, 0x53, 0x00, 0x5f, 0x00, 0x2b, 0x00, 0x29, 0x00, 0x30, 0x00, 0x3c,
  0x00, 0x41, 0x00, 0x3a, 0x00, 0x32, 0x00, 0x25, 0x00, 0x2c, 0x00, 0x27,
  0x00, 0x28, 0x00, 0x27, 0x00, 0x26, 0x00, 0x38, 0x00, 0x3d, 0x00, 0x50,
  0x00, 0x2e, 0x00, 0x48, 0x00, 0x35, 0x00, 0x33, 0x00, 0x50, 0x00, 0x50,
  0x00, 0x6a, 0x00, 0x5f, 0x00, 0x54, 0x00, 0x49, 0x00, 0x29, 0x00, 0x21,
  0x00, 0x47, 0x00, 0x47, 0x00, 0x47, 0x00, 0x47, 0x00, 0x47, 0x00, 0x04,
  0x00, 0x38, 0x00, 0x41, 0x00, 0x70, 0x00, 0x2d, 0x02, 0x85, 0x00, 0x58,
  0x00, 0x00, 0x00, 0x00, 0x00, 0xf4, 0x00, 0x77, 0x00, 0x9a, 0x00, 0xa7,
  0x00, 0x9a, 0x00, 0x9a, 0x00, 0xa7, 0x00, 0xa7, 0x00, 0x9a, 0x00, 0xa7,
  0x00, 0x9a, 0x00, 0x9a, 0x03, 0xe8, 0x00, 0x64, 0x00, 0xe0, 0x00, 0x00,
  0x01, 0x43, 0x00, 0x5f, 0x01, 0xda, 0x00, 0x5a, 0x02, 0x2b, 0x00, 0x28,
  0x02, 0x2b, 0x00, 0x3a, 0x03, 0x99, 0x00, 0x27, 0x02, 0xa8, 0x00, 0x24,
  0x01, 0x16, 0x00, 0x5a, 0x01, 0x52, 0x00, 0x5c, 0x01, 0x52, 0x00, 0x2a,
  0x01, 0xd3, 0x00, 0x41, 0x02, 0x2b, 0x00, 0x26, 0x01, 0x16, 0x00, 0x35,
  0x01, 0x5b, 0x00, 0x2e, 0x01, 0x16, 0x00, 0x49, 0x01, 0x88, 0x00, 0x0b,
  0x02, 0x2b, 0x00, 0x32, 0x02, 0x2b, 0x00, 0x58, 0x02, 0x2b, 0x00, 0x28,
  0x02, 0x2b, 0x00, 0x1d, 0x02, 0x2b, 0x00, 0x14, 0x02, 0x2b, 0x00, 0x1b,
  0x02, 0x2b, 0x00, 0x38, 0x02, 0x2b, 0x00, 0x31, 0x02, 0x2b, 0x00, 0x2e,
  0x02, 0x2b, 0x00, 0x2c, 0x01, 0x16, 0x00, 0x49, 0x01, 0x16, 0x00, 0x35,
  0x02, 0x2b, 0x00, 0x26, 0x02, 0x2b, 0x00, 0x26, 0x02, 0x2b, 0x00, 0x26,
  0x01, 0xda, 0x00, 0x2b, 0x03, 0xb2, 0x00, 0x38, 0x02, 0x60, 0x00, 0x04,
  0x02, 0x91, 0x00, 0x65, 0x02, 0x7e, 0x00, 0x3a, 0x02, 0xb0, 0x00, 0x65,
  0x02, 0x4d, 0x00, 0x65, 0x02, 0x28, 0x00, 0x65, 0x02, 0xb1, 0x00, 0x3a,
  0x02, 0xd8, 0x00, 0x65, 0x01, 0x25, 0x00, 0x65, 0x02, 0x17, 0x00, 0x23,
  0x02, 0x86, 0x00, 0x65, 0x02, 0x1f, 0x00, 0x65, 0x03, 0x2c, 0x00, 0x65,
  0x02, 0xd3, 0x00, 0x65, 0x02, 0xe6, 0x00, 0x3a, 0x02, 0x79, 0x00, 0x65,
  0x02, 0xe6, 0x00, 0x3a, 0x02, 0x7b, 0x00, 0x65, 0x02, 0x54, 0x00, 0x30,
  0x02, 0x57, 0x00, 0x1f, 0x02, 0xd1, 0x00, 0x62, 0x02, 0x3f, 0x00, 0x01,
  0x03, 0x6e, 0x00, 0x1a, 0x02, 0x3d, 0x00, 0x11, 0x02, 0x13, 0xff, 0xff,
  0x02, 0x5b, 0x00, 0x32, 0x01, 0x52, 0x00, 0x6a, 0x01, 0x88, 0x00, 0x0f,
  0x01, 0x52, 0x00, 0x22, 0x02, 0x2b, 0x00, 0x44, 0x02, 0x2f, 0x00, 0x0d,
  0x02, 0x5e, 0x00, 0x90, 0x02, 0x33, 0x00, 0x3b, 0x02, 0x6a, 0x00, 0x5c,
  0x01, 0xfe, 0x00, 0x34, 0x02, 0x6c, 0x00, 0x35, 0x02, 0x2a, 0x00, 0x34,
  0x01, 0x45, 0x00, 0x21, 0x02, 0x34, 0x00, 0x33, 0x02, 0x5f, 0x00, 0x5c,
  0x01, 0x13, 0x00, 0x4e, 0x01, 0x13, 0xff, 0xd4, 0x02, 0x28, 0x00, 0x5c,
  0x01, 0x1c, 0x00, 0x5c, 0x03, 0x9e, 0x00, 0x5c, 0x02, 0x62, 0x00, 0x5c,
  0x02, 0x5e, 0x00, 0x34, 0x02, 0x6c, 0x00, 0x5c, 0x02, 0x6c, 0x00, 0x35,
  0x01, 0x84, 0x00, 0x5c, 0x01, 0xd4, 0x00, 0x20, 0x01, 0x79, 0x00, 0x1b,
  0x02, 0x5f, 0x00, 0x54, 0x02, 0x09, 0x00, 0x0d, 0x03, 0x22, 0x00, 0x1b,
  0x01, 0xf2, 0x00, 0x0f, 0x02, 0x09, 0x00, 0x0d, 0x01, 0xdb, 0x00, 0x23,
  0x01, 0x52, 0x00, 0x26, 0x01, 0x0e, 0x00, 0x67, 0x01, 0x52, 0x00, 0x22,
  0x02, 0x2b, 0x00, 0x29, 0x03, 0xe8, 0x00, 0x34, 0x03, 0xe8, 0x00, 0x2a,
  0x03, 0xe8, 0x00, 0x2c, 0x03, 0xe8, 0x00, 0x37, 0x03, 0xe8, 0x00, 0x2c,
  0x03, 0xe8, 0x00, 0x39, 0x03, 0xe8, 0x00, 0x38, 0x03, 0xe8, 0x00, 0x3c,
  0x03, 0xe8, 0x00, 0x23, 0x03, 0xe8, 0x00, 0x60, 0x03, 0xe8, 0x00, 0x37,
  0x03, 0xe8, 0x00, 0x38, 0x03, 0xe8, 0x00, 0x3d, 0x03, 0xe8, 0x00, 0x30,
  0x03, 0xe8, 0x00, 0x39, 0x03, 0xe8, 0x00, 0x35, 0x03, 0xe8, 0x00, 0x2b,
  0x03, 0xe8, 0x00, 0x24, 0x03, 0xe8, 0x00, 0x23, 0x03, 0xe8, 0x00, 0x64,
  0x03, 0xe8, 0x00, 0x20, 0x03, 0xe8, 0x00, 0x16, 0x03, 0xe8, 0x00, 0x21,
  0x03, 0xe8, 0x00, 0x14, 0x03, 0xe8, 0x00, 0x12, 0x03, 0xe8, 0x00, 0x1a,
  0x03, 0xe8, 0x00, 0x1e, 0x03, 0xe8, 0x00, 0x24, 0x03, 0xe8, 0x00, 0x15,
  0x03, 0xe8, 0x00, 0x21, 0x03, 0xe8, 0x00, 0x15, 0x03, 0xe8, 0x00, 0x17,
  0x03, 0xe8, 0x00, 0x12, 0x03, 0xe8, 0x00, 0x29, 0x03, 0xe8, 0x00, 0x1a,
  0x03, 0xe8, 0x00, 0x30, 0x03, 0xe8, 0x00, 0x2d, 0x03, 0xe8, 0x00, 0x63,
  0x03, 0xe8, 0x00, 0x30, 0x03, 0xe8, 0x00, 0x24, 0x03, 0xe8, 0x00, 0x3e,
  0x03, 0xe8, 0x00, 0x29, 0x03, 0xe8, 0x00, 0x1d, 0x03, 0xe8, 0x00, 0x35,
  0x03, 0xe8, 0x00, 0x1c, 0x03, 0xe8, 0x00, 0x2e, 0x03, 0xe8, 0x00, 0x36,
  0x03, 0xe8, 0x00, 0x2a, 0x03, 0xe8, 0x00, 0x36, 0x03, 0xe8, 0x00, 0x41,
  0x03, 0xe8, 0x00, 0x28, 0x03, 0xe8, 0x00, 0x1e, 0x03, 0xe8, 0x00, 0x7f,
  0x03, 0xe8, 0x00, 0x38, 0x03, 0xe8, 0x00, 0x65, 0x03, 0xe8, 0x00, 0x3f,
  0x03, 0xe8, 0x00, 0x28, 0x03, 0xe8, 0x00, 0x58, 0x03, 0xe8, 0x00, 0x20,
  0x03, 0xe8, 0x00, 0x1a, 0x03, 0xe8, 0x00, 0x53, 0x03, 0xe8, 0x00, 0x3d,
  0x03, 0xe8, 0x00, 0x52, 0x03, 0xe8, 0x00, 0x26, 0x03, 0xe8, 0x00, 0x21,
  0x03, 0xe8, 0x00, 0x24, 0x03, 0xe8, 0x00, 0x2f, 0x03, 0xe8, 0x00, 0x1e,
  0x03, 0xe8, 0x00, 0x21, 0x03, 0xe8, 0x00, 0x2a, 0x03, 0xe8, 0x00, 0x28,
  0x03, 0xe8, 0x00, 0x45, 0x03, 0xe8, 0x00, 0x45, 0x03, 0xe8, 0x00, 0x2c,
  0x03, 0xe8, 0x00, 0x24, 0x03, 0xe8, 0x00, 0x25, 0x03, 0xe8, 0x00, 0x2d,
  0x03, 0xe8, 0x00, 0x27, 0x03, 0xe8, 0x00, 0x1f, 0x03, 0xe8, 0x00, 0x1c,
  0x03, 0xe8, 0x00, 0x34, 0x03, 0xe8, 0x00, 0x5d, 0x03, 0xe8, 0x00, 0x1f,
  0x03, 0xe8, 0x00, 0x56, 0x03, 0xe8, 0x00, 0x34, 0x03, 0xe8, 0x00, 0x24,
  0x03, 0xe8, 0x00, 0x25, 0x03, 0xe8, 0x00, 0x25, 0x03, 0xe8, 0x00, 0x34,
  0x03, 0xe8, 0x00, 0x34, 0x03, 0xe8, 0x00, 0x37, 0x03, 0xe8, 0x00, 0x5b,
  0x03, 0xe8, 0x00, 0x43, 0x03, 0xe8, 0x00, 0x1d, 0x03, 0xe8, 0x00, 0x1c,
  0x03, 0xe8, 0x00, 0x2d, 0x03, 0xe8, 0x00, 0x2d, 0x03, 0xe8, 0x00, 0x1b,
  0x03, 0xe8, 0x00, 0x24, 0x03, 0xe8, 0x00, 0x22, 0x03, 0xe8, 0x00, 0x32,
  0x03, 0xe8, 0x00, 0x27, 0x03, 0xe8, 0x00, 0x20, 0x03, 0xe8, 0x00, 0x2a,
  0x03, 0xe8, 0x00, 0x1c, 0x03, 0xe8, 0x00, 0x20, 0x03, 0xe8, 0x00, 0x1d,
  0x03, 0xe8, 0x00, 0x1c, 0x03, 0xe8, 0x00, 0x19, 0x03, 0xe8, 0x00, 0x27,
  0x03, 0xe8, 0x00, 0x24, 0x03, 0xe8, 0x00, 0x29, 0x03, 0xe8, 0x00, 0x27,
  0x03, 0xe8, 0x00, 0xb0, 0x03, 0xe8, 0x00, 0x51, 0x03, 0xe8, 0x00, 0x23,
  0x03, 0xe8, 0x00, 0x28, 0x03, 0xe8, 0x00, 0x28, 0x03, 0xe8, 0x00, 0x2c,
  0x03, 0xe8, 0x00, 0x35, 0x03, 0xe8, 0x00, 0x2f, 0x03, 0xe8, 0x00, 0x22,
  0x03, 0xe8, 0x00, 0x25, 0x03, 0xe8, 0x00, 0x1c, 0x03, 0xe8, 0x00, 0x2f,
  0x03, 0xe8, 0x00, 0x23, 0x03, 0xe8, 0x00, 0x20, 0x03, 0xe8, 0x00, 0x24,
  0x03, 0xe8, 0x00, 0x18, 0x03, 0xe8, 0x00, 0x1f, 0x03, 0xe8, 0x00, 0x21,
  0x03, 0xe8, 0x00, 0x22, 0x03, 0xe8, 0x00, 0x21, 0x03, 0xe8, 0x00, 0x20,
  0x03, 0xe8, 0x00, 0x2a, 0x03, 0xe8, 0x00, 0x19, 0x03, 0xe8, 0x00, 0x34,
  0x03, 0xe8, 0x00, 0x33, 0x03, 0xe8, 0x00, 0x21, 0x03, 0xe8, 0x00, 0x27,
  0x03, 0xe8, 0x00, 0x2a, 0x03, 0xe8, 0x00, 0x2b, 0x03, 0xe8, 0x00, 0x2a,
  0x03, 0xe8, 0x00, 0x28, 0x03, 0xe8, 0x00, 0x26, 0x03, 0xe8, 0x00, 0x26,
  0x03, 0xe8, 0x00, 0x23, 0x03, 0xe8, 0x00, 0x26, 0x03, 0xe8, 0x00, 0x2a,
  0x03, 0xe8, 0x00, 0x1e, 0x03, 0xe8, 0x00, 0x20, 0x03, 0xe8, 0x00, 0x2b,
  0x03, 0xe8, 0x00, 0x36, 0x03, 0xe8, 0x00, 0x20, 0x03, 0xe8, 0x00, 0x72,
  0x03, 0xe8, 0x00, 0x3e, 0x03, 0xe8, 0x00, 0x4e, 0x03, 0xe8, 0x00, 0x57,
  0x03, 0xe8, 0x00, 0x2a, 0x03, 0xe8, 0x00, 0x9e, 0x03, 0xe8, 0x00, 0x21,
  0x03, 0xe8, 0x00, 0x25, 0x03, 0xe8, 0x00, 0x20, 0x03, 0xe8, 0x00, 0x23,
  0x03, 0xe8, 0x00, 0x23, 0x03, 0xe8, 0x00, 0x21, 0x03, 0xe8, 0x00, 0x2f,
  0x03, 0xe8, 0x00, 0x2e, 0x03, 0xe8, 0x00, 0x21, 0x03, 0xe8, 0x00, 0x25,
  0x03, 0xe8, 0x00, 0x31, 0x03, 0xe8, 0x00, 0x2e, 0x03, 0xe8, 0x00, 0x46,
  0x03, 0xe8, 0x00, 0x2a, 0x03, 0xe8, 0x00, 0x21, 0x03, 0xe8, 0x00, 0x58,
  0x03, 0xe8, 0x00, 0x20, 0x03, 0xe8, 0x00, 0x26, 0x03, 0xe8, 0x00, 0x3a,
  0x03, 0xe8, 0x00, 0x37, 0x03, 0xe8, 0x00, 0x19, 0x03, 0xe8, 0x00, 0x1e,
  0x03, 0xe8, 0x00, 0x25, 0x03, 0xe8, 0x00, 0x36, 0x03, 0xe8, 0x00, 0x2e,
  0x03, 0xe8, 0x00, 0x2e, 0x03, 0xe8, 0x00, 0x2f, 0x03, 0xe8, 0x00, 0x2e,
  0x03, 0xe8, 0x00, 0x2e, 0x03, 0xe8, 0x00, 0x2e, 0x03, 0xe8, 0x00, 0x2b,
  0x03, 0xe8, 0x00, 0x2c, 0x03, 0xe8, 0x00, 0x28, 0x03, 0xe8, 0x00, 0x31,
  0x03, 0xe8, 0x00, 0x23, 0x03, 0xe8, 0x00, 0x28, 0x03, 0xe8, 0x00, 0x36,
  0x03, 0xe8, 0x00, 0x27, 0x03, 0xe8, 0x00, 0x20, 0x03, 0xe8, 0x00, 0x26,
  0x03, 0xe8, 0x00, 0x31, 0x03, 0xe8, 0x00, 0x34, 0x03, 0xe8, 0x00, 0x2f,
  0x03, 0xe8, 0x00, 0x5b, 0x03, 0xe8, 0x00, 0x59, 0x03, 0xe8, 0x00, 0x23,
  0x03, 0xe8, 0x00, 0x41, 0x03, 0xe8, 0x00, 0x3a, 0x03, 0xe8, 0x00, 0x32,
  0x03, 0xe8, 0x00, 0x1d, 0x03, 0xe8, 0x00, 0x1e, 0x03, 0xe8, 0x00, 0x17,
  0x03, 0xe8, 0x00, 0x1f, 0x02, 0x83, 0x00, 0x21, 0x02, 0x58, 0x00, 0x21,
  0x02, 0x62, 0x00, 0x21, 0x03, 0x96, 0x00, 0x21, 0x03, 0xa0, 0x00, 0x21,
  0x03, 0xe8, 0x02, 0x90, 0x03, 0xe8, 0x02, 0x96, 0x03, 0xe8, 0x02, 0x8d,
  0x03, 0xe8, 0x02, 0x88, 0x03, 0xe8, 0x01, 0xdf, 0x03, 0xe8, 0x00, 0x87,
  0x03, 0xe8, 0x00, 0x28, 0x01, 0xdb, 0x00, 0x5a, 0x01, 0x17, 0x00, 0x5a,
  0x03, 0xe8, 0x00, 0xae, 0x03, 0xe8, 0x00, 0x21, 0x02, 0x2b, 0x00, 0x32,
  0x00, 0x58, 0x00, 0x28, 0x00, 0x1d, 0x00, 0x14, 0x00, 0x1b, 0x00, 0x36,
  0x00, 0x31, 0x00, 0x2e, 0x00, 0x2c, 0x00, 0x00, 0x00, 0x00, 0x00, 0x02,
  0x00, 0x00, 0x00, 0x03, 0x00, 0x00, 0x00, 0x14, 0x00, 0x03, 0x00, 0x01,
  0x00, 0x00, 0x00, 0x14, 0x00, 0x04, 0x06, 0x94, 0x00, 0x00, 0x01, 0xa0,
  0x01, 0x00, 0x00, 0x07, 0x00, 0xa0, 0x00, 0x7e, 0x30, 0x02, 0x4e, 0x00,
  0x4e, 0x0b, 0x4e, 0x0e, 0x4e, 0x13, 0x4e, 0x1a, 0x4e, 0x2a, 0x4e, 0x2d,
  0x4e, 0x3b, 0x4e, 0x48, 0x4e, 0x8c, 0x4e, 0x92, 0x4e, 0xba, 0x4e, 0xc0,
  0x4e, 0xca, 0x4e, 0xe5, 0x4e, 0xf6, 0x4e, 0xfb, 0x4f, 0x01, 0x4f, 0x11,
  0x4f, 0x20, 0x4f, 0x46, 0x4f, 0x53, 0x4f, 0x5c, 0x4f, 0x7f, 0x4f, 0x8b,
  0x4f, 0x9b, 0x4f, 0xdd, 0x50, 0x5a, 0x51, 0x65, 0x51, 0x68, 0x51, 0x73,
  0x51, 0x77, 0x51, 0x85, 0x51, 0xc6, 0x52, 0x12, 0x52, 0x30, 0x52, 0x37,
  0x52, 0x9b, 0x52, 0xa1, 0x52, 0xa8, 0x53, 0x16, 0x53, 0x55, 0x53, 0x73,
  0x53, 0x82, 0x53, 0xd1, 0x53, 0xe3, 0x53, 0xf0, 0x53, 0xf7, 0x54, 0x08,
  0x54, 0x0c, 0x54, 0x0e, 0x54, 0x8c, 0x54, 0xc1, 0x55, 0x46, 0x56, 0xde,
  0x57, 0x28, 0x57, 0x30, 0x57, 0x3a, 0x57, 0x8b, 0x59, 0x07, 0x59, 0x0d,
  0x59, 0x29, 0x59, 0xcb, 0x5b, 0x57, 0x5b, 0x89, 0x5b, 0x8c, 0x5b, 0x9a,
  0x5b, 0xb9, 0x5b, 0xf9, 0x5c, 0x06, 0x5c, 0x42, 0x5d, 0xe1, 0x5d, 0xe5,
  0x5d, 0xf2, 0x5e, 0x03, 0x5e, 0x38, 0x5e, 0x73, 0x5e, 0x94, 0x5e, 0xa6,
  0x5e, 0xfa, 0x5f, 0x00, 0x5f, 0x02, 0x5f, 0x0f, 0x5f, 0x52, 0x5f, 0x55,
  0x5f, 0x85, 0x5f, 0xeb, 0x60, 0x01, 0x60, 0x6f, 0x60, 0xc5, 0x62, 0x10,
  0x62, 0x37, 0x62, 0x4b, 0x62, 0x53, 0x62, 0x70, 0x63, 0x92, 0x63, 0xa5,
  0x63, 0xa7, 0x63, 0xd0, 0x64, 0x58, 0x65, 0x3e, 0x65, 0x74, 0x65, 0x87,
  0x65, 0xb0, 0x65, 0xe0, 0x65, 0xe5, 0x65, 0xf6, 0x66, 0x2f, 0x66, 0x3e,
  0x66, 0x68, 0x66, 0x6f, 0x66, 0x82, 0x66, 0xf4, 0x67, 0x0d, 0x67, 0x2c,
  0x67, 0x3a, 0x67, 0x42, 0x67, 0x61, 0x67, 0x7f, 0x67, 0xe5, 0x68, 0x07,
  0x68, 0x38, 0x68, 0x48, 0x68, 0xc0, 0x6a, 0x21, 0x6b, 0x22, 0x6b, 0x63,
  0x6b, 0x65, 0x6b, 0xb5, 0x6c, 0x34, 0x6c, 0xe8, 0x6c, 0xf5, 0x6d, 0x3b,
  0x6d, 0x41, 0x6d, 0x4b, 0x6d, 0xf1, 0x6e, 0x05, 0x6e, 0x90, 0x70, 0xb9,
  0x72, 0x48, 0x72, 0xb6, 0x73, 0xb0, 0x75, 0x1f, 0x75, 0x28, 0x75, 0x31,
  0x75, 0x45, 0x75, 0x59, 0x76, 0x84, 0x76, 0xdf, 0x76, 0xee, 0x77, 0x0b,
  0x77, 0xed, 0x78, 0x14, 0x78, 0x6e, 0x79, 0x3a, 0x79, 0xfb, 0x7a, 0xd9,
  0x7b, 0x2c, 0x7b, 0x49, 0x7b, 0x54, 0x7b, 0x80, 0x7c, 0x7b, 0x7c, 0xfb,
  0x7e, 0xc4, 0x7e, 0xdf, 0x7f, 0x51, 0x80, 0x05, 0x80, 0x54, 0x80, 0xfd,
  0x82, 0x82, 0x88, 0x4c, 0x88, 0xab, 0x88, 0xc5, 0x89, 0x81, 0x89, 0xc1,
  0x8b, 0xa1, 0x8b, 0xa4, 0x8b, 0xa9, 0x8b, 0xae, 0x8b, 0xb0, 0x8b, 0xbe,
  0x8b, 0xde, 0x8b, 0xe6, 0x8d, 0x44, 0x8d, 0xf3, 0x8f, 0x6c, 0x8f, 0x7d,
  0x8f, 0xce, 0x8f, 0xd4, 0x8f, 0xdb, 0x91, 0x92, 0x91, 0xcd, 0x91, 0xcf,
  0x95, 0xf4, 0x96, 0x00, 0x96, 0xf6, 0x97, 0x00, 0x97, 0x62, 0x98, 0x75,
  0x98, 0x7a, 0x99, 0x6e, 0x9a, 0x8c, 0xff, 0x0c, 0xff, 0x1a, 0xff, 0x1f,
  0xff, 0xff, 0x00, 0x00, 0x00, 0x20, 0x30, 0x01, 0x4e, 0x00, 0x4e, 0x0b,
  0x4e, 0x0d, 0x4e, 0x13, 0x4e, 0x1a, 0x4e, 0x2a, 0x4e, 0x2d, 0x4e, 0x3a,
  0x4e, 0x48, 0x4e, 0x8b, 0x4e, 0x92, 0x4e, 0xba, 0x4e, 0xc0, 0x4e, 0xca,
  0x4e, 0xe5, 0x4e, 0xf6, 0x4e, 0xfb, 0x4f, 0x01, 0x4f, 0x11, 0x4f, 0x20,
  0x4f, 0x46, 0x4f, 0x53, 0x4f, 0x5c, 0x4f, 0x7f, 0x4f, 0x8b, 0x4f, 0x9b,
  0x4f, 0xdd, 0x50, 0x5a, 0x51, 0x65, 0x51, 0x68, 0x51, 0x73, 0x51, 0x76,
  0x51, 0x85, 0x51, 0xc6, 0x52, 0x12, 0x52, 0x30, 0x52, 0x36, 0x52, 0x9b,
  0x52, 0xa0, 0x52, 0xa8, 0x53, 0x16, 0x53, 0x55, 0x53, 0x73, 0x53, 0x82,
  0x53, 0xd1, 0x53, 0xe3, 0x53, 0xef, 0x53, 0xf7, 0x54, 0x08, 0x54, 0x0c,
  0x54, 0x0e, 0x54, 0x8c, 0x54, 0xc1, 0x55, 0x46, 0x56, 0xde, 0x57, 0x28,
  0x57, 0x30, 0x57, 0x3a, 0x57, 0x8b, 0x59, 0x07, 0x59, 0x0d, 0x59, 0x29,
  0x59, 0xcb, 0x5b, 0x57, 0x5b, 0x89, 0x5b, 0x8c, 0x5b, 0x9a, 0x5b, 0xb9,
  0x5b, 0xf9, 0x5c, 0x06, 0x5c, 0x42, 0x5d, 0xe1, 0x5d, 0xe5, 0x5d, 0xf2,
  0x5e, 0x03, 0x5e, 0x38, 0x5e, 0x73, 0x5e, 0x94, 0x5e, 0xa6, 0x5e, 0xfa,
  0x5f, 0x00, 0x5f, 0x02, 0x5f, 0x0f, 0x5f, 0x52, 0x5f, 0x55, 0x5f, 0x85,
  0x5f, 0xeb, 0x60, 0x01, 0x60, 0x6f, 0x60, 0xc5, 0x62, 0x10, 0x62, 0x37,
  0x62, 0x4b, 0x62, 0x53, 0x62, 0x70, 0x63, 0x92, 0x63, 0xa5, 0x63, 0xa7,
  0x63, 0xd0, 0x64, 0x58, 0x65, 0x3e, 0x65, 0x74, 0x65, 0x87, 0x65, 0xb0,
  0x65, 0xe0, 0x65, 0xe5, 0x65, 0xf6, 0x66, 0x2f, 0x66, 0x3e, 0x66, 0x68,
  0x66, 0x6f, 0x66, 0x82, 0x66, 0xf4, 0x67, 0x0d, 0x67, 0x2c, 0x67, 0x3a,
  0x67, 0x42, 0x67, 0x61, 0x67, 0x7f, 0x67, 0xe5, 0x68, 0x07, 0x68, 0x37,
  0x68, 0x48, 0x68, 0xc0, 0x6a, 0x21, 0x6b, 0x21, 0x6b, 0x63, 0x6b, 0x65,
  0x6b, 0xb5, 0x6c, 0x34, 0x6c, 0xe8, 0x6c, 0xf5, 0x6d, 0x3b, 0x6d, 0x41,
  0x6d, 0x4b, 0x6d, 0xf1, 0x6e, 0x05, 0x6e, 0x90, 0x70, 0xb9, 0x72, 0x48,
  0x72, 0xb6, 0x73, 0xb0, 0x75, 0x1f, 0x75, 0x28, 0x75, 0x31, 0x75, 0x45,
  0x75, 0x59, 0x76, 0x84, 0x76, 0xdf, 0x76, 0xee, 0x77, 0x0b, 0x77, 0xed,
  0x78, 0x14, 0x78, 0x6e, 0x79, 0x3a, 0x79, 0xfb, 0x7a, 0xd9, 0x7b, 0x2c,
  0x7b, 0x49, 0x7b, 0x54, 0x7b, 0x80, 0x7c, 0x7b, 0x7c, 0xfb, 0x7e, 0xc4,
  0x7e, 0xdf, 0x7f, 0x51, 0x80, 0x05, 0x80, 0x54, 0x80, 0xfd, 0x82, 0x82,
  0x88, 0x4c, 0x88, 0xab, 0x88, 0xc5, 0x89, 0x81, 0x89, 0xc1, 0x8b, 0xa1,
  0x8b, 0xa4, 0x8b, 0xa9, 0x8b, 0xae, 0x8b, 0xb0, 0x8b, 0xbe, 0x8b, 0xde,
  0x8b, 0xe6, 0x8d, 0x44, 0x8d, 0xf3, 0x8f, 0x6c, 0x8f, 0x7d, 0x8f, 0xce,
  0x8f, 0xd4, 0x8f, 0xdb, 0x91, 0x92, 0x91, 0xcd, 0x91, 0xcf, 0x95, 0xf4,
  0x96, 0x00, 0x96, 0xf6, 0x97, 0x00, 0x97, 0x62, 0x98, 0x75, 0x98, 0x79,
  0x99, 0x6e, 0x9a, 0x8c, 0xff, 0x0c, 0xff, 0x1a, 0xff, 0x1f, 0xff, 0xff,
  0xff, 0xe1, 0xd0, 0x5f, 0xb2, 0x62, 0xb2, 0x58, 0xb2, 0x57, 0xb2, 0x53,
  0xb2, 0x4d, 0xb2, 0x3e, 0xb2, 0x3c, 0xb2, 0x30, 0xb2, 0x24, 0xb1, 0xe2,
  0xb1, 0xdd, 0xb1, 0xb6, 0xb1, 0xb1, 0xb1, 0xa8, 0xb1, 0x8e, 0xb1, 0x7e,
  0xb1, 0x7a, 0xb1, 0x75, 0xb1, 0x66, 0xb1, 0x58, 0xb1, 0x33, 0xb1, 0x27,
  0xb1, 0x1f, 0xb0, 0xfd, 0xb0, 0xf2, 0xb0, 0xe3, 0xb0, 0xa2, 0xb0, 0x26,
  0xaf, 0x1c, 0xaf, 0x1a, 0xaf, 0x10, 0x00, 0x00, 0xaf, 0x00, 0xae, 0xc0,
  0xae, 0x75, 0xae, 0x58, 0xae, 0x53, 0xad, 0xf0, 0xad, 0xec, 0xad, 0xe6,
  0xad, 0x79, 0xad, 0x3b, 0xad, 0x1e, 0xad, 0x10, 0xac, 0xc2, 0xac, 0xb1,
  0xac, 0xa6, 0xac, 0xa0, 0xac, 0x90, 0xac, 0x8d, 0xac, 0x8c, 0xac, 0x0f,
  0xab, 0xdb, 0xab, 0x57, 0xa9, 0xc0, 0xa9, 0x77, 0xa9, 0x70, 0xa9, 0x67,
  0xa9, 0x17, 0xa7, 0x9c, 0xa7, 0x97, 0xa7, 0x7c, 0xa6, 0xdb, 0xa5, 0x50,
  0xa5, 0x1f, 0xa5, 0x1d, 0xa5, 0x10, 0xa4, 0xf2, 0xa4, 0xb3, 0xa4, 0xa7,
  0xa4, 0x6c, 0xa2, 0xce, 0xa2, 0xcb, 0xa2, 0xbf, 0xa2, 0xaf, 0xa2, 0x7b,
  0xa2, 0x41, 0xa2, 0x21, 0xa2, 0x10, 0xa1, 0xbd, 0xa1, 0xb8, 0xa1, 0xb7,
  0xa1, 0xab, 0xa1, 0x69, 0xa1, 0x67, 0xa1, 0x38, 0xa0, 0xd3, 0xa0, 0xbe,
  0xa0, 0x51, 0x9f, 0xfc, 0x9e, 0xb2, 0x9e, 0x8c, 0x9e, 0x79, 0x9e, 0x72,
  0x9e, 0x56, 0x9d, 0x35, 0x9d, 0x23, 0x9d, 0x22, 0x9c, 0xfa, 0x9c, 0x73,
  0x9b, 0x8e, 0x9b, 0x59, 0x9b, 0x47, 0x9b, 0x1f, 0x9a, 0xf0, 0x9a, 0xec,
  0x9a, 0xdc, 0x9a, 0xa4, 0x9a, 0x96, 0x9a, 0x6d, 0x9a, 0x67, 0x9a, 0x55,
  0x99, 0xe4, 0x99, 0xcc, 0x99, 0xae, 0x99, 0xa1, 0x99, 0x9a, 0x99, 0x7c,
  0x99, 0x5f, 0x98, 0xfa, 0x98, 0xd9, 0x98, 0xaa, 0x98, 0x9b, 0x98, 0x24,
  0x96, 0xc4, 0x95, 0xc5, 0x95, 0x85, 0x95, 0x84, 0x95, 0x35, 0x94, 0xb7,
  0x94, 0x04, 0x93, 0xf8, 0x93, 0xb3, 0x93, 0xae, 0x93, 0xa5, 0x93, 0x00,
  0x92, 0xed, 0x92, 0x63, 0x90, 0x3b, 0x8e, 0xad, 0x8e, 0x40, 0x8d, 0x47,
  0x8b, 0xd9, 0x8b, 0xd1, 0x8b, 0xc9, 0x8b, 0xb6, 0x8b, 0xa3, 0x8a, 0x79,
  0x8a, 0x1f, 0x8a, 0x11, 0x89, 0xf5, 0x89, 0x14, 0x88, 0xee, 0x88, 0x95,
  0x87, 0xca, 0x87, 0x0a, 0x86, 0x2d, 0x85, 0xdb, 0x85, 0xbf, 0x85, 0xb5,
  0x85, 0x8a, 0x84, 0x90, 0x84, 0x11, 0x82, 0x49, 0x82, 0x2f, 0x81, 0xbe,
  0x81, 0x0b, 0x80, 0xbd, 0x80, 0x15, 0x7e, 0x91, 0x78, 0xc8, 0x78, 0x6a,
  0x78, 0x51, 0x77, 0x96, 0x77, 0x57, 0x75, 0x78, 0x75, 0x76, 0x75, 0x72,
  0x75, 0x6e, 0x75, 0x6d, 0x75, 0x60, 0x75, 0x41, 0x75, 0x3a, 0x73, 0xdd,
  0x73, 0x2f, 0x71, 0xb7, 0x71, 0xa7, 0x71, 0x57, 0x71, 0x52, 0x71, 0x4c,
  0x6f, 0x96, 0x6f, 0x5c, 0x6f, 0x5b, 0x6b, 0x37, 0x6b, 0x2c, 0x6a, 0x37,
  0x6a, 0x2e, 0x69, 0xcd, 0x68, 0xbb, 0x68, 0xb8, 0x67, 0xc5, 0x66, 0xa8,
  0x02, 0x33, 0x02, 0x29, 0x02, 0x25, 0x00, 0x01, 0x00, 0x00, 0x00, 0x00,
  0x00, 0x00, 0x00, 0x00, 0x00, 0x00, 0x00, 0x00, 0x00, 0x00, 0x00, 0x00,
  0x00, 0x00, 0x00, 0x00, 0x00, 0x00, 0x00, 0x00, 0x00, 0x00, 0x00, 0x00,
  0x00, 0x00, 0x00, 0x00, 0x00, 0x00, 0x00, 0x00, 0x00, 0x00, 0x00, 0x00,
  0x00, 0x00, 0x00, 0x00, 0x00, 0x00, 0x00, 0x00, 0x00, 0x00, 0x00, 0x00,
  0x00, 0x00, 0x00, 0x00, 0x00, 0x00, 0x00, 0x00, 0x00, 0x00, 0x00, 0x00,
  0x00, 0x00, 0x01, 0x5e, 0x00, 0x00, 0x00, 0x00, 0x00, 0x00, 0x00, 0x00,
  0x00, 0x00, 0x00, 0x00, 0x00, 0x00, 0x00, 0x00, 0x00, 0x00, 0x00, 0x00,
  0x00, 0x00, 0x00, 0x00, 0x00, 0x00, 0x00, 0x00, 0x00, 0x00, 0x00, 0x00,
  0x00, 0x00, 0x00, 0x00, 0x00, 0x00, 0x00, 0x00, 0x00, 0x00, 0x00, 0x00,
  0x00, 0x00, 0x00, 0x00, 0x00, 0x00, 0x00, 0x00, 0x00, 0x00, 0x00, 0x00,
  0x00, 0x00, 0x00, 0x00, 0x00, 0x00, 0x00, 0x00, 0x00, 0x00, 0x00, 0x00,
  0x00, 0x00, 0x00, 0x00, 0x00, 0x00, 0x00, 0x00, 0x00, 0x00, 0x00, 0x00,
  0x00, 0x00, 0x00, 0x00, 0x00, 0x00, 0x00, 0x00, 0x00, 0x00, 0x00, 0x00,
  0x00, 0x00, 0x00, 0x00, 0x00, 0x00, 0x00, 0x00, 0x00, 0x00, 0x00, 0x00,
  0x00, 0x00, 0x00, 0x00, 0x00, 0x00, 0x00, 0x00, 0x00, 0x00, 0x00, 0x00,
  0x00, 0x00, 0x00, 0x00, 0x00, 0x00, 0x00, 0x00, 0x00, 0x00, 0x00, 0x00,
  0x00, 0x00, 0x00, 0x00, 0x00, 0x00, 0x00, 0x00, 0x00, 0x00, 0x00, 0x00,
  0x00, 0x00, 0x00, 0x00, 0x00, 0x00, 0x00, 0x00, 0x00, 0x00, 0x00, 0x00,
  0x00, 0x00, 0x00, 0x00, 0x00, 0x00, 0x00, 0x00, 0x00, 0x00, 0x00, 0x00,
  0x00, 0x00, 0x00, 0x00, 0x00, 0x00, 0x00, 0x00, 0x00, 0x00, 0x00, 0x00,
  0x00, 0x00, 0x00, 0x00, 0x00, 0x00, 0x00, 0x00, 0x00, 0x00, 0x00, 0x00,
  0x00, 0x00, 0x00, 0x00, 0x00, 0x00, 0x00, 0x00, 0x00, 0x00, 0x00, 0x00,
  0x00, 0x00, 0x00, 0x00, 0x00, 0x00, 0x00, 0x00, 0x00, 0x00, 0x00, 0x00,
  0x00, 0x00, 0x00, 0x00, 0x00, 0x00, 0x00, 0x00, 0x00, 0x00, 0x00, 0x00,
  0x00, 0x00, 0x00, 0x00, 0x00, 0x00, 0x00, 0x00, 0x00, 0x00, 0x00, 0x00,
  0x00, 0x00, 0x00, 0x00, 0x00, 0x00, 0x00, 0x00, 0x00, 0x00, 0x00, 0x00,
  0x00, 0x00, 0x00, 0x00, 0x00, 0x00, 0x00, 0x00, 0x00, 0x00, 0x00, 0x00,
  0x00, 0x00, 0x00, 0x00, 0x00, 0x00, 0x00, 0x00, 0x00, 0x00, 0x00, 0x00,
  0x00, 0x00, 0x00, 0x00, 0x00, 0x00, 0x00, 0x00, 0x00, 0x00, 0x00, 0x00,
  0x00, 0x00, 0x00, 0x00, 0x00, 0x00, 0x00, 0x00, 0x00, 0x00, 0x00, 0x00,
  0x00, 0x00, 0x00, 0x00, 0x00, 0x00, 0x00, 0x00, 0x00, 0x00, 0x00, 0x00,
  0x00, 0x00, 0x00, 0x00, 0x00, 0x00, 0x00, 0x00, 0x00, 0x00, 0x00, 0x00,
  0x00, 0x00, 0x00, 0x00, 0x00, 0x00, 0x00, 0x00, 0x00, 0x00, 0x00, 0x00,
  0x00, 0x00, 0x00, 0x00, 0x00, 0x00, 0x00, 0x00, 0x00, 0x00, 0x00, 0x00,
  0x00, 0x00, 0x00, 0x00, 0x00, 0x84, 0x01, 0x40, 0x00, 0x01, 0x00, 0x00,
  0x00, 0x0a, 0x00, 0x44, 0x00, 0x82, 0x00, 0x06, 0x44, 0x46, 0x4c, 0x54,
  0x00, 0x26, 0x63, 0x79, 0x72, 0x6c, 0x00, 0x26, 0x67, 0x72, 0x65, 0x6b,
  0x00, 0x26, 0x68, 0x61, 0x6e, 0x69, 0x00, 0x26, 0x6b, 0x61, 0x6e, 0x61,
  0x00, 0x26, 0x6c, 0x61, 0x74, 0x6e, 0x00, 0x26, 0x00, 0x04, 0x00, 0x00,
  0x00, 0x00, 0xff, 0xff, 0x00, 0x05, 0x00, 0x00, 0x00, 0x01, 0x00, 0x02,
  0x00, 0x03, 0x00, 0x04, 0x00, 0x05, 0x68, 0x61, 0x6c, 0x74, 0x00, 0x38,
  0x6b, 0x65, 0x72, 0x6e, 0x00, 0x32, 0x70, 0x61, 0x6c, 0x74, 0x00, 0x2c,
  0x76, 0x68, 0x61, 0x6c, 0x00, 0x26, 0x76, 0x70, 0x61, 0x6c, 0x00, 0x20,
  0x00, 0x00, 0x00, 0x01, 0x00, 0x03, 0x00, 0x00, 0x00, 0x01, 0x00, 0x04,
  0x00, 0x00, 0x00, 0x01, 0x00, 0x02, 0x00, 0x00, 0x00, 0x01, 0x00, 0x01,
  0x00, 0x00, 0x00, 0x01, 0x00, 0x00, 0x00, 0x05, 0x11, 0x2e, 0x00, 0x92,
  0x00, 0x36, 0x00, 0x14, 0x00, 0x0c, 0x00, 0x01, 0x00, 0x00, 0x00, 0x01,
  0x00, 0x18, 0x00, 0x09, 0x00, 0x00, 0x00, 0x01, 0x00, 0x08, 0x00, 0x01,
  0x00, 0x01, 0x00, 0x00, 0x00, 0x08, 0x00, 0x01, 0x00, 0x08, 0x00, 0x08,
  0xfe, 0x0c, 0x00, 0x01, 0x00, 0x03, 0x01, 0x3a, 0x01, 0x3b, 0x01, 0x3c,
  0x00, 0x09, 0x00, 0x00, 0x00, 0x03, 0x00, 0x3c, 0x00, 0x24, 0x00, 0x0c,
  0x00, 0x01, 0x00, 0x01, 0x00, 0x00, 0x00, 0x08, 0x00, 0x01, 0x00, 0x0a,
  0x00, 0x05, 0x00, 0x0b, 0xfe, 0x0c, 0x00, 0x01, 0x00, 0x01, 0x00, 0x61,
  0x00, 0x01, 0x00, 0x01, 0x00, 0x00, 0x00, 0x08, 0x00, 0x01, 0x00, 0x08,
  0x00, 0x04, 0xfe, 0x0c, 0x00, 0x01, 0x00, 0x02, 0x01, 0x43, 0x01, 0x44,
  0x00, 0x01, 0x00, 0x01, 0x00, 0x00, 0x00, 0x08, 0x00, 0x02, 0x00, 0x10,
  0x00, 0x05, 0x00, 0x02, 0xff, 0xf7, 0xfe, 0x0c, 0xff, 0xc0, 0xfe, 0x0c,
  0x00, 0x01, 0x00, 0x02, 0x00, 0x60, 0x01, 0x3f, 0x00, 0x02, 0x00, 0x00,
  0x00, 0x02, 0x10, 0x80, 0x00, 0x0a, 0x00, 0x02, 0x0d, 0xa6, 0x00, 0x04,
  0x00, 0x00, 0x0f, 0x1c, 0x0d, 0xf8, 0x00, 0x2f, 0x00, 0x25, 0x00, 0x00,
  0x00, 0x00, 0xff, 0xf2, 0x00, 0x17, 0xff, 0xf7, 0xff, 0xec, 0xff, 0xf7,
  0x00, 0x00, 0x00, 0x00, 0xff, 0xf5, 0xff, 0xee, 0x00, 0x00, 0xff, 0xf2,
  0x00, 0x00, 0x00, 0x00, 0x00, 0x00, 0xff, 0xe0, 0xff, 0xc1, 0x00, 0x00,
  0xff, 0x94, 0x00, 0x00, 0x00, 0x00, 0x00, 0x00, 0xff, 0xc1, 0xff, 0xee,
  0x00, 0x00, 0x00, 0x02, 0xff, 0xf5, 0xff, 0xd0, 0x00, 0x00, 0x00, 0x00,
  0x00, 0x17, 0xff, 0xee, 0xff, 0xf5, 0xff, 0xf9, 0xff, 0xf9, 0x00, 0x00,
  0x00, 0x00, 0x00, 0x00, 0x00, 0x00, 0x00, 0x00, 0x00, 0x00, 0x00, 0x00,
  0x00, 0x00, 0x00, 0x00, 0x00, 0x00, 0x00, 0x00, 0xff, 0xe3, 0x00, 0x00,
  0x00, 0x00, 0x00, 0x00, 0x00, 0x00, 0x00, 0x00, 0xff, 0xf0, 0x00, 0x00,
  0x00, 0x00, 0xff, 0xc1, 0x00, 0x00, 0x00, 0x00, 0x00, 0x00, 0xff, 0xe3,
  0xff, 0xeb, 0xff, 0xf9, 0x00, 0x00, 0x00, 0x00, 0x00, 0x00, 0x00, 0x00,
  0x00, 0x00, 0x00, 0x00, 0xff, 0xee, 0x00, 0x00, 0x00, 0x00, 0x00, 0x00,
  0x00, 0x00, 0x00, 0x00, 0x00, 0x00, 0x00, 0x00, 0x00, 0x00, 0xff, 0xf2,
  0x00, 0x00, 0x00, 0x00, 0x00, 0x00, 0x00, 0x00, 0x00, 0x00, 0xff, 0xe7,
  0x00, 0x00, 0x00, 0x00, 0x00, 0x00, 0x00, 0x00, 0x00, 0x00, 0x00, 0x00,
  0x00, 0x00, 0x00, 0x00, 0xff, 0xd7, 0xff, 0xea, 0xff, 0xd1, 0x00, 0x00,
  0xff, 0xe3, 0xff, 0xf2, 0xff, 0xf7, 0xff, 0xea, 0xff, 0xe7, 0x00, 0x00,
  0x00, 0x00, 0x00, 0x00, 0x00, 0x00, 0x00, 0x00, 0x00, 0x00, 0x00, 0x00,
  0xff, 0xee, 0xff, 0xf5, 0x00, 0x00, 0x00, 0x00, 0x00, 0x00, 0xff, 0xed,
  0x00, 0x00, 0x00, 0x00, 0x00, 0x00, 0x00, 0x00, 0x00, 0x00, 0xff, 0xf9,
  0xff, 0xca, 0xff, 0xf2, 0xff, 0xfb, 0x00, 0x00, 0x00, 0x00, 0x00, 0x04,
  0xff, 0xf0, 0xff, 0xdb, 0x00, 0x00, 0xff, 0xe0, 0x00, 0x00, 0x00, 0x00,
  0x00, 0x00, 0xff, 0xbd, 0xff, 0xe8, 0x00, 0x00, 0xff, 0xf9, 0x00, 0x00,
  0xff, 0xe0, 0x00, 0x00, 0x00, 0x00, 0xff, 0xfb, 0xff, 0xea, 0xff, 0xf9,
  0xff, 0xf9, 0xff, 0xea, 0xff, 0xf7, 0x00, 0x00, 0x00, 0x00, 0x00, 0x00,
  0x00, 0x00, 0x00, 0x00, 0x00, 0x00, 0x00, 0x00, 0x00, 0x00, 0x00, 0x00,
  0x00, 0x00, 0xff, 0xdb, 0x00, 0x00, 0x00, 0x00, 0x00, 0x00, 0x00, 0x00,
  0x00, 0x00, 0x00, 0x00, 0x00, 0x00, 0x00, 0x00, 0xff, 0xe2, 0x00, 0x00,
  0x00, 0x00, 0x00, 0x00, 0xff, 0xe7, 0xff, 0xee, 0x00, 0x00, 0x00, 0x00,
  0x00, 0x00, 0x00, 0x00, 0x00, 0x00, 0x00, 0x00, 0x00, 0x00, 0x00, 0x00,
  0x00, 0x00, 0x00, 0x00, 0x00, 0x00, 0x00, 0x00, 0x00, 0x00, 0xff, 0xf2,
  0x00, 0x00, 0x00, 0x00, 0x00, 0x00, 0x00, 0x00, 0x00, 0x00, 0x00, 0x00,
  0x00, 0x00, 0xff, 0xf2, 0x00, 0x00, 0x00, 0x00, 0x00, 0x00, 0x00, 0x00,
  0x00, 0x00, 0x00, 0x00, 0x00, 0x00, 0x00, 0x00, 0x00, 0x00, 0x00, 0x00,
  0x00, 0x00, 0x00, 0x00, 0x00, 0x00, 0x00, 0x00, 0x00, 0x00, 0x00, 0x00,
  0x00, 0x00, 0x00, 0x00, 0x00, 0x00, 0x00, 0x00, 0x00, 0x00, 0x00, 0x00,
  0xff, 0xe3, 0xff, 0xf2, 0x00, 0x00, 0xff, 0xdb, 0x00, 0x00, 0x00, 0x00,
  0x00, 0x00, 0x00, 0x00, 0xff, 0xed, 0x00, 0x00, 0x00, 0x00, 0x00, 0x00,
  0x00, 0x00, 0x00, 0x00, 0x00, 0x03, 0xff, 0xe0, 0x00, 0x00, 0xff, 0xfb,
  0x00, 0x00, 0x00, 0x00, 0x00, 0x08, 0xff, 0xf5, 0x00, 0x00, 0x00, 0x00,
  0xff, 0xd7, 0x00, 0x00, 0xff, 0xe7, 0xff, 0xe7, 0xff, 0xe3, 0xff, 0xeb,
  0xff, 0xf2, 0x00, 0x00, 0x00, 0x00, 0xff, 0xe7, 0xff, 0xf2, 0x00, 0x00,
  0x00, 0x00, 0xff, 0xf2, 0x00, 0x03, 0x00, 0x03, 0xff, 0xf5, 0xff, 0xfe,
  0x00, 0x00, 0x00, 0x00, 0x00, 0x00, 0xff, 0xf9, 0xff, 0xeb, 0x00, 0x00,
  0x00, 0x00, 0x00, 0x00, 0x00, 0x00, 0x00, 0x00, 0xff, 0xee, 0xff, 0xeb,
  0x00, 0x00, 0x00, 0x00, 0x00, 0x00, 0x00, 0x00, 0x00, 0x00, 0x00, 0x00,
  0x00, 0x00, 0x00, 0x00, 0xff, 0xda, 0xff, 0xc9, 0xff, 0xf2, 0x00, 0x00,
  0xff, 0xf9, 0x00, 0x00, 0xff, 0xf2, 0x00, 0x00, 0x00, 0x00, 0xff, 0xf2,
  0x00, 0x00, 0xff, 0xf9, 0x00, 0x00, 0x00, 0x00, 0x00, 0x00, 0xff, 0xf5,
  0x00, 0x00, 0x00, 0x00, 0x00, 0x00, 0x00, 0x00, 0x00, 0x00, 0x00, 0x00,
  0x00, 0x00, 0x00, 0x00, 0x00, 0x00, 0x00, 0x00, 0x00, 0x00, 0xff, 0xeb,
  0x00, 0x00, 0x00, 0x00, 0x00, 0x00, 0x00, 0x00, 0x00, 0x00, 0xff, 0xf5,
  0x00, 0x00, 0x00, 0x00, 0xff, 0xd7, 0x00, 0x00, 0x00, 0x00, 0x00, 0x00,
  0xff, 0xe3, 0xff, 0xf2, 0x00, 0x00, 0x00, 0x00, 0x00, 0x00, 0x00, 0x00,
  0x00, 0x00, 0x00, 0x00, 0x00, 0x00, 0x00, 0x00, 0x00, 0x00, 0x00, 0x00,
  0x00, 0x00, 0x00, 0x00, 0x00, 0x00, 0xff, 0xf9, 0x00, 0x00, 0xff, 0xe7,
  0x00, 0x00, 0x00, 0x00, 0x00, 0x00, 0x00, 0x00, 0x00, 0x00, 0x00, 0x00,
  0xff, 0xf5, 0xff, 0xd8, 0x00, 0x00, 0x00, 0x00, 0x00, 0x00, 0x00, 0x00,
  0x00, 0x00, 0x00, 0x00, 0x00, 0x00, 0x00, 0x00, 0xff, 0xed, 0xff, 0xd0,
  0x00, 0x00, 0xff, 0xe7, 0xff, 0xf9, 0x00, 0x00, 0xff, 0xf9, 0x00, 0x00,
  0x00, 0x00, 0x00, 0x00, 0xff, 0xf2, 0x00, 0x00, 0x00, 0x00, 0x00, 0x00,
  0x00, 0x00, 0xff, 0xee, 0xff, 0xe3, 0x00, 0x00, 0xff, 0xcf, 0xff, 0xee,
  0xff, 0xb2, 0xff, 0xee, 0xff, 0xf2, 0xff, 0xd8, 0x00, 0x00, 0xff, 0xd0,
  0xff, 0xee, 0x00, 0x00, 0xff, 0x99, 0x00, 0x00, 0x00, 0x00, 0x00, 0x00,
  0xff, 0xb4, 0xff, 0xf5, 0x00, 0x00, 0xff, 0xe2, 0x00, 0x00, 0xff, 0xb2,
  0xff, 0x8e, 0xff, 0xec, 0xff, 0xee, 0x00, 0x00, 0x00, 0x00, 0x00, 0x00,
  0xff, 0xe0, 0x00, 0x00, 0xff, 0xba, 0x00, 0x00, 0xff, 0xcf, 0xff, 0xde,
  0xff, 0xee, 0xff, 0xe3, 0xff, 0xd8, 0xff, 0xc9, 0x00, 0x00, 0xff, 0xf0,
  0x00, 0x00, 0x00, 0x00, 0x00, 0x00, 0xff, 0xe7, 0x00, 0x00, 0x00, 0x00,
  0x00, 0x00, 0xff, 0xe7, 0xff, 0x96, 0x00, 0x00, 0x00, 0x00, 0x00, 0x00,
  0x00, 0x00, 0x00, 0x00, 0x00, 0x00, 0xff, 0x94, 0x00, 0x00, 0xff, 0x65,
  0x00, 0x00, 0x00, 0x00, 0x00, 0x00, 0xff, 0x8f, 0xff, 0xb5, 0xff, 0xd8,
  0x00, 0x00, 0x00, 0x00, 0x00, 0x00, 0x00, 0x00, 0x00, 0x1a, 0x00, 0x00,
  0xff, 0xca, 0xff, 0xd8, 0xff, 0xe5, 0x00, 0x00, 0x00, 0x00, 0x00, 0x00,
  0x00, 0x00, 0x00, 0x00, 0x00, 0x00, 0x00, 0x00, 0x00, 0x00, 0x00, 0x00,
  0x00, 0x00, 0x00, 0x00, 0x00, 0x00, 0x00, 0x00, 0x00, 0x00, 0x00, 0x00,
  0x00, 0x00, 0x00, 0x00, 0x00, 0x00, 0x00, 0x00, 0x00, 0x00, 0x00, 0x00,
  0x00, 0x00, 0x00, 0x00, 0x00, 0x00, 0x00, 0x00, 0x00, 0x00, 0x00, 0x00,
  0x00, 0x00, 0x00, 0x00, 0x00, 0x00, 0x00, 0x00, 0x00, 0x00, 0x00, 0x00,
  0x00, 0x00, 0x00, 0x00, 0x00, 0x00, 0x00, 0x00, 0x00, 0x00, 0x00, 0x00,
  0x00, 0x00, 0x00, 0x00, 0x00, 0x00, 0x00, 0x00, 0x00, 0x00, 0x00, 0x00,
  0x00, 0x00, 0x00, 0x00, 0x00, 0x00, 0x00, 0x00, 0x00, 0x00, 0x00, 0x00,
  0x00, 0x00, 0x00, 0x00, 0x00, 0x00, 0x00, 0x00, 0x00, 0x00, 0x00, 0x00,
  0x00, 0x00, 0x00, 0x00, 0x00, 0x00, 0xff, 0xe7, 0x00, 0x00, 0x00, 0x00,
  0x00, 0x00, 0x00, 0x00, 0x00, 0x00, 0x00, 0x00, 0x00, 0x00, 0x00, 0x00,
  0x00, 0x56, 0x00, 0x00, 0x00, 0x00, 0x00, 0x00, 0x00, 0x00, 0x00, 0x00,
  0x00, 0x00, 0x00, 0x00, 0x00, 0x00, 0x00, 0x00, 0x00, 0x00, 0x00, 0x00,
  0x00, 0x00, 0x00, 0x00, 0x00, 0x00, 0x00, 0x00, 0x00, 0x00, 0xff, 0xb4,
  0x00, 0x00, 0x00, 0x00, 0x00, 0x00, 0x00, 0x00, 0x00, 0x00, 0x00, 0x00,
  0x00, 0x00, 0x00, 0x00, 0x00, 0x00, 0x00, 0x00, 0xff, 0xe7, 0xff, 0xea,
  0xff, 0xc9, 0xff, 0xe8, 0xff, 0xf2, 0xff, 0xdf, 0xff, 0xe7, 0x00, 0x00,
  0x00, 0x00, 0x00, 0x00, 0x00, 0x00, 0xff, 0xe0, 0xff, 0xf5, 0x00, 0x00,
  0xff, 0xee, 0x00, 0x00, 0x00, 0x00, 0x00, 0x00, 0x00, 0x00, 0x00, 0x00,
  0x00, 0x00, 0x00, 0x00, 0x00, 0x00, 0x00, 0x00, 0x00, 0x00, 0x00, 0x00,
  0x00, 0x00, 0x00, 0x00, 0x00, 0x00, 0x00, 0x00, 0x00, 0x00, 0x00, 0x00,
  0x00, 0x00, 0x00, 0x00, 0x00, 0x00, 0x00, 0x00, 0x00, 0x00, 0x00, 0x00,
  0x00, 0x00, 0x00, 0x00, 0x00, 0x00, 0x00, 0x00, 0x00, 0x00, 0x00, 0x00,
  0x00, 0x00, 0x00, 0x00, 0x00, 0x00, 0x00, 0x00, 0x00, 0x00, 0x00, 0x00,
  0x00, 0x00, 0x00, 0x00, 0x00, 0x00, 0x00, 0x00, 0xff, 0xdb, 0x00, 0x00,
  0x00, 0x00, 0xff, 0xc1, 0x00, 0x00, 0x00, 0x00, 0x00, 0x00, 0x00, 0x00,
  0x00, 0x00, 0x00, 0x00, 0xff, 0x7d, 0x00, 0x00, 0x00, 0x00, 0x00, 0x00,
  0x00, 0x00, 0x00, 0x00, 0x00, 0x00, 0x00, 0x00, 0x00, 0x00, 0x00, 0x00,
  0xff, 0x94, 0xff, 0xf2, 0x00, 0x00, 0x00, 0x00, 0x00, 0x00, 0xff, 0xf2,
  0x00, 0x00, 0x00, 0x00, 0x00, 0x00, 0x00, 0x00, 0xff, 0xe7, 0x00, 0x00,
  0x00, 0x00, 0x00, 0x00, 0x00, 0x00, 0x00, 0x00, 0x00, 0x00, 0x00, 0x00,
  0x00, 0x00, 0x00, 0x00, 0x00, 0x00, 0x00, 0x00, 0x00, 0x00, 0x00, 0x00,
  0x00, 0x00, 0x00, 0x00, 0xff, 0xe0, 0x00, 0x00, 0x00, 0x00, 0x00, 0x00,
  0x00, 0x00, 0x00, 0x00, 0x00, 0x00, 0x00, 0x00, 0x00, 0x00, 0xff, 0xc5,
  0x00, 0x00, 0x00, 0x00, 0x00, 0x00, 0x00, 0x00, 0x00, 0x00, 0x00, 0x00,
  0x00, 0x00, 0x00, 0x00, 0x00, 0x00, 0x00, 0x00, 0x00, 0x01, 0x00, 0x00,
  0x00, 0x00, 0x00, 0x00, 0x00, 0x00, 0x00, 0x00, 0x00, 0x00, 0x00, 0x00,
  0x00, 0x00, 0xff, 0xde, 0x00, 0x00, 0x00, 0x00, 0xff, 0xee, 0xff, 0xf2,
  0x00, 0x00, 0x00, 0x00, 0xff, 0xee, 0xff, 0xf5, 0x00, 0x00, 0x00, 0x00,
  0x00, 0x00, 0x00, 0x00, 0xff, 0xe0, 0x00, 0x00, 0x00, 0x00, 0x00, 0x00,
  0x00, 0x00, 0x00, 0x00, 0xff, 0xf2, 0xff, 0xe3, 0xff, 0xea, 0xff, 0xf9,
  0xff, 0xf9, 0xff, 0xf9, 0xff, 0xf2, 0x00, 0x00, 0xff, 0xe7, 0x00, 0x00,
  0x00, 0x00, 0xff, 0xdf, 0xff, 0xee, 0xff, 0xf2, 0x00, 0x00, 0x00, 0x00,
  0x00, 0x00, 0xff, 0xe5, 0x00, 0x00, 0xff, 0xf2, 0x00, 0x00, 0x00, 0x00,
  0x00, 0x00, 0x00, 0x00, 0x00, 0x00, 0x00, 0x04, 0xff, 0xe3, 0x00, 0x00,
  0x00, 0x00, 0x00, 0x00, 0x00, 0x00, 0xff, 0xe7, 0x00, 0x00, 0x00, 0x00,
  0x00, 0x00, 0x00, 0x00, 0x00, 0x00, 0x00, 0x00, 0x00, 0x00, 0xff, 0xe7,
  0xff, 0xee, 0x00, 0x00, 0x00, 0x00, 0x00, 0x00, 0x00, 0x00, 0xff, 0xf2,
  0x00, 0x00, 0x00, 0x00, 0xff, 0xf2, 0x00, 0x04, 0x00, 0x04, 0x00, 0x06,
  0x00, 0x00, 0x00, 0x00, 0xff, 0xf2, 0x00, 0x00, 0xff, 0xe7, 0x00, 0x00,
  0x00, 0x00, 0x00, 0x00, 0x00, 0x00, 0x00, 0x00, 0x00, 0x00, 0x00, 0x40,
  0xff, 0xc5, 0x00, 0x00, 0x00, 0x0d, 0x00, 0x35, 0xff, 0xee, 0x00, 0x1b,
  0x00, 0x2a, 0x00, 0x00, 0x00, 0x00, 0xff, 0xed, 0x00, 0x00, 0x00, 0x00,
  0x00, 0x31, 0x00, 0x48, 0x00, 0x31, 0x00, 0x22, 0x00, 0x00, 0x00, 0x43,
  0xff, 0xed, 0xff, 0xf2, 0xff, 0xf9, 0x00, 0x00, 0x00, 0x0c, 0x00, 0x00,
  0xff, 0xf9, 0xff, 0xee, 0x00, 0x00, 0x00, 0x00, 0x00, 0x00, 0x00, 0x00,
  0x00, 0x00, 0x00, 0x00, 0x00, 0x00, 0x00, 0x00, 0x00, 0x00, 0x00, 0x00,
  0x00, 0x00, 0x00, 0x00, 0x00, 0x00, 0x00, 0x00, 0x00, 0x00, 0x00, 0x00,
  0x00, 0x00, 0x00, 0x00, 0x00, 0x00, 0x00, 0x00, 0x00, 0x00, 0x00, 0x00,
  0x00, 0x00, 0x00, 0x00, 0x00, 0x00, 0x00, 0x00, 0x00, 0x00, 0x00, 0x00,
  0x00, 0x00, 0x00, 0x00, 0x00, 0x06, 0x00, 0x00, 0x00, 0x00, 0x00, 0x00,
  0x00, 0x00, 0x00, 0x00, 0x00, 0x00, 0x00, 0x00, 0xff, 0xda, 0xff, 0xf2,
  0xff, 0xe3, 0xff, 0xd0, 0x00, 0x00, 0xff, 0xe7, 0x00, 0x1a, 0x00, 0x00,
  0x00, 0x00, 0x00, 0x00, 0x00, 0x00, 0x00, 0x00, 0x00, 0x00, 0x00, 0x00,
  0x00, 0x00, 0x00, 0x00, 0x00, 0x00, 0x00, 0x00, 0x00, 0x00, 0x00, 0x00,
  0xff, 0xa4, 0x00, 0x00, 0x00, 0x00, 0x00, 0x00, 0x00, 0x00, 0x00, 0x00,
  0x00, 0x00, 0x00, 0x00, 0xff, 0xf2, 0x00, 0x1a, 0x00, 0x00, 0x00, 0x07,
  0x00, 0x00, 0x00, 0x00, 0x00, 0x00, 0x00, 0x00, 0x00, 0x00, 0x00, 0x00,
  0x00, 0x00, 0x00, 0x00, 0x00, 0x00, 0x00, 0x00, 0x00, 0x00, 0x00, 0x00,
  0x00, 0x00, 0xff, 0xee, 0xff, 0xee, 0x00, 0x00, 0x00, 0x00, 0x00, 0x00,
  0x00, 0x00, 0x00, 0x00, 0x00, 0x00, 0x00, 0x00, 0x00, 0x00, 0xff, 0xdb,
  0x00, 0x00, 0xff, 0xec, 0xff, 0xee, 0xff, 0xe3, 0xff, 0xf7, 0xff, 0xf9,
  0xff, 0xf9, 0xff, 0xf9, 0x00, 0x00, 0x00, 0x00, 0x00, 0x00, 0x00, 0x00,
  0xff, 0xf2, 0xff, 0xee, 0xff, 0xf2, 0xff, 0xf2, 0x00, 0x00, 0x00, 0x00,
  0xff, 0xee, 0xff, 0xf2, 0xff, 0xd8, 0xff, 0xd3, 0x00, 0x00, 0xff, 0xec,
  0x00, 0x00, 0xff, 0xe7, 0xff, 0xeb, 0xff, 0xff, 0xff, 0xad, 0x00, 0x00,
  0x00, 0x00, 0x00, 0x00, 0x00, 0x00, 0x00, 0x00, 0x00, 0x00, 0x00, 0x00,
  0x00, 0x00, 0xff, 0xae, 0xff, 0x62, 0xff, 0xe7, 0x00, 0x00, 0x00, 0x02,
  0x00, 0x02, 0xff, 0xe3, 0xff, 0xdb, 0x00, 0x00, 0xff, 0xe3, 0x00, 0x00,
  0xff, 0xe7, 0xff, 0xf2, 0xff, 0xe7, 0xff, 0xeb, 0xff, 0xe0, 0xff, 0xdd,
  0x00, 0x00, 0x00, 0x00, 0x00, 0x00, 0x00, 0x00, 0xff, 0xf9, 0x00, 0x00,
  0x00, 0x00, 0x00, 0x00, 0x00, 0x00, 0x00, 0x00, 0x00, 0x00, 0x00, 0x00,
  0x00, 0x00, 0x00, 0x00, 0x00, 0x00, 0x00, 0x00, 0x00, 0x00, 0x00, 0x00,
  0x00, 0x00, 0xff, 0xdf, 0x00, 0x00, 0x00, 0x00, 0x00, 0x00, 0xff, 0xe7,
  0xff, 0xee, 0xff, 0xf9, 0x00, 0x00, 0x00, 0x00, 0x00, 0x00, 0x00, 0x00,
  0x00, 0x00, 0x00, 0x00, 0x00, 0x00, 0x00, 0x00, 0x00, 0x00, 0x00, 0x00,
  0x00, 0x00, 0x00, 0x00, 0x00, 0x00, 0x00, 0x00, 0x00, 0x00, 0x00, 0x00,
  0x00, 0x00, 0x00, 0x00, 0x00, 0x00, 0x00, 0x00, 0x00, 0x00, 0x00, 0x00,
  0xff, 0xe3, 0x00, 0x00, 0x00, 0x00, 0x00, 0x00, 0x00, 0x00, 0x00, 0x00,
  0x00, 0x00, 0x00, 0x00, 0x00, 0x00, 0x00, 0x00, 0xff, 0xd0, 0x00, 0x00,
  0x00, 0x00, 0x00, 0x00, 0x00, 0x00, 0x00, 0x00, 0x00, 0x00, 0x00, 0x00,
  0x00, 0x00, 0x00, 0x00, 0x00, 0x00, 0x00, 0x00, 0x00, 0x00, 0x00, 0x00,
  0x00, 0x00, 0x00, 0x00, 0x00, 0x00, 0xff, 0xf5, 0xff, 0xe7, 0x00, 0x00,
  0xff, 0xf2, 0xff, 0xee, 0xff, 0xed, 0x00, 0x00, 0x00, 0x00, 0xff, 0xe7,
  0xff, 0xeb, 0x00, 0x00, 0x00, 0x00, 0x00, 0x00, 0x00, 0x00, 0xff, 0xdd,
  0xff, 0xf5, 0xff, 0xe6, 0x00, 0x00, 0xff, 0xd0, 0x00, 0x00, 0x00, 0x00,
  0xff, 0xf4, 0xff, 0xea, 0xff, 0xf0, 0xff, 0xf2, 0x00, 0x00, 0x00, 0x00,
  0x00, 0x00, 0x00, 0x00, 0xff, 0xf2, 0x00, 0x00, 0xff, 0xd8, 0xff, 0xe7,
  0xff, 0xeb, 0xff, 0xeb, 0xff, 0xee, 0x00, 0x00, 0xff, 0xf0, 0xff, 0xe0,
  0x00, 0x00, 0x00, 0x00, 0xff, 0xde, 0xff, 0xf2, 0x00, 0x00, 0x00, 0x00,
  0xff, 0xd5, 0xff, 0xa9, 0x00, 0x00, 0xff, 0xee, 0x00, 0x00, 0x00, 0x00,
  0xff, 0xc1, 0xff, 0xd9, 0xff, 0x9d, 0x00, 0x00, 0xff, 0x54, 0x00, 0x00,
  0x00, 0x00, 0xff, 0xe4, 0xff, 0x77, 0xff, 0xa8, 0xff, 0xbf, 0x00, 0x00,
  0x00, 0x00, 0xff, 0xa4, 0xff, 0xf9, 0x00, 0x00, 0x00, 0x00, 0xff, 0xe7,
  0xff, 0xd5, 0xff, 0xd8, 0x00, 0x00, 0x00, 0x00, 0x00, 0x00, 0xff, 0xe2,
  0x00, 0x00, 0xff, 0xcd, 0xff, 0xc5, 0x00, 0x00, 0x00, 0x00, 0x00, 0x00,
  0x00, 0x00, 0x00, 0x00, 0xff, 0xf2, 0xff, 0x80, 0x00, 0x00, 0x00, 0x00,
  0x00, 0x00, 0xff, 0xd8, 0x00, 0x00, 0x00, 0x00, 0x00, 0x00, 0x00, 0x00,
  0xff, 0xa6, 0xff, 0x59, 0xff, 0xf2, 0xff, 0xe2, 0x00, 0x00, 0x00, 0x00,
  0xff, 0xe3, 0xff, 0xa2, 0x00, 0x00, 0xff, 0xdb, 0x00, 0x00, 0xff, 0xf2,
  0x00, 0x00, 0x00, 0x00, 0x00, 0x00, 0xff, 0xee, 0xff, 0xe7, 0x00, 0x00,
  0xff, 0xf2, 0x00, 0x00, 0xff, 0xf9, 0xff, 0xf9, 0x00, 0x00, 0x00, 0x00,
  0x00, 0x00, 0x00, 0x00, 0x00, 0x00, 0xff, 0xfc, 0x00, 0x00, 0x00, 0x00,
  0x00, 0x00, 0x00, 0x00, 0xff, 0xdd, 0x00, 0x00, 0x00, 0x00, 0x00, 0x00,
  0xff, 0xf2, 0x00, 0x00, 0xff, 0xea, 0xff, 0xee, 0xff, 0xee, 0x00, 0x03,
  0x00, 0x04, 0xff, 0xf9, 0xff, 0xf2, 0x00, 0x00, 0xff, 0xf9, 0x00, 0x00,
  0x00, 0x00, 0x00, 0x00, 0x00, 0x00, 0x00, 0x00, 0xff, 0xf5, 0xff, 0xf5,
  0x00, 0x00, 0x00, 0x00, 0x00, 0x00, 0x00, 0x00, 0x00, 0x00, 0x00, 0x00,
  0x00, 0x00, 0x00, 0x00, 0x00, 0x00, 0x00, 0x00, 0xff, 0xee, 0x00, 0x00,
  0x00, 0x00, 0x00, 0x00, 0x00, 0x00, 0x00, 0x0d, 0x00, 0x00, 0x00, 0x00,
  0x00, 0x00, 0xff, 0xeb, 0x00, 0x00, 0xff, 0xee, 0xff, 0xee, 0xff, 0xe7,
  0x00, 0x00, 0x00, 0x00, 0x00, 0x00, 0x00, 0x00, 0x00, 0x00, 0x00, 0x00,
  0x00, 0x00, 0x00, 0x00, 0xff, 0xe3, 0x00, 0x00, 0x00, 0x00, 0x00, 0x00,
  0xff, 0xfd, 0x00, 0x00, 0xff, 0xb4, 0xff, 0xe3, 0xff, 0xac, 0xff, 0xd0,
  0x00, 0x00, 0xff, 0xc9, 0x00, 0x00, 0xff, 0xc9, 0xff, 0xd8, 0xff, 0xee,
  0xff, 0x87, 0xff, 0xea, 0x00, 0x00, 0x00, 0x00, 0xff, 0xac, 0x00, 0x00,
  0x00, 0x00, 0xff, 0xe7, 0x00, 0x00, 0xff, 0x98, 0xff, 0x6f, 0xff, 0xd0,
  0x00, 0x00, 0x00, 0x00, 0x00, 0x00, 0xff, 0xe7, 0xff, 0xc1, 0x00, 0x00,
  0xff, 0xac, 0x00, 0x00, 0xff, 0xbc, 0xff, 0xea, 0xff, 0xd8, 0xff, 0xd7,
  0xff, 0xd0, 0xff, 0xa9, 0x00, 0x00, 0xff, 0xed, 0xff, 0xf2, 0xff, 0xe5,
  0xff, 0xee, 0xff, 0xf2, 0xff, 0xdb, 0x00, 0x00, 0xff, 0xe7, 0xff, 0xf3,
  0x00, 0x00, 0xff, 0xb5, 0x00, 0x00, 0x00, 0x00, 0x00, 0x00, 0xff, 0xe8,
  0x00, 0x00, 0x00, 0x00, 0x00, 0x00, 0x00, 0x00, 0xff, 0xc8, 0xff, 0xac,
  0xff, 0xf2, 0x00, 0x00, 0x00, 0x08, 0x00, 0x00, 0x00, 0x00, 0xff, 0xe8,
  0x00, 0x00, 0xff, 0xe5, 0x00, 0x00, 0xff, 0xf0, 0x00, 0x00, 0xff, 0xf3,
  0xff, 0xf3, 0xff, 0xed, 0xff, 0xe1, 0x00, 0x00, 0x00, 0x00, 0xff, 0xf7,
  0xff, 0xeb, 0x00, 0x00, 0x00, 0x00, 0x00, 0x00, 0x00, 0x00, 0x00, 0x00,
  0x00, 0x00, 0x00, 0x00, 0xff, 0xd8, 0x00, 0x00, 0x00, 0x00, 0x00, 0x00,
  0xff, 0xf2, 0x00, 0x00, 0x00, 0x00, 0x00, 0x00, 0x00, 0x00, 0xff, 0xdb,
  0xff, 0xb3, 0xff, 0xf7, 0x00, 0x00, 0x00, 0x00, 0x00, 0x00, 0x00, 0x00,
  0xff, 0xf7, 0x00, 0x00, 0xff, 0xef, 0x00, 0x00, 0x00, 0x00, 0x00, 0x00,
  0x00, 0x00, 0x00, 0x00, 0x00, 0x00, 0xff, 0xf2, 0x00, 0x00, 0xff, 0xf5,
  0xff, 0xea, 0xff, 0xf2, 0x00, 0x00, 0xff, 0xf2, 0xff, 0xf2, 0x00, 0x00,
  0x00, 0x00, 0xff, 0xeb, 0x00, 0x00, 0x00, 0x00, 0xff, 0xeb, 0x00, 0x00,
  0x00, 0x00, 0xff, 0xdf, 0x00, 0x00, 0xff, 0xf2, 0x00, 0x00, 0xff, 0xf2,
  0x00, 0x00, 0xff, 0xfc, 0xff, 0xee, 0xff, 0xe7, 0x00, 0x00, 0x00, 0x00,
  0x00, 0x00, 0x00, 0x00, 0x00, 0x00, 0x00, 0x00, 0x00, 0x00, 0x00, 0x00,
  0xff, 0xeb, 0xff, 0xeb, 0xff, 0xee, 0xff, 0xf2, 0xff, 0xee, 0x00, 0x00,
  0xff, 0xe5, 0xff, 0xe7, 0xff, 0xeb, 0xff, 0xf7, 0xff, 0xf2, 0xff, 0xe3,
  0x00, 0x00, 0x00, 0x00, 0xff, 0xeb, 0xff, 0xee, 0x00, 0x00, 0xff, 0xe7,
  0x00, 0x00, 0x00, 0x00, 0xff, 0xd7, 0x00, 0x00, 0x00, 0x00, 0x00, 0x00,
  0x00, 0x00, 0x00, 0x00, 0xff, 0xd8, 0xff, 0xdb, 0x00, 0x00, 0xff, 0xf7,
  0xff, 0xf7, 0x00, 0x00, 0xff, 0xeb, 0x00, 0x00, 0xff, 0xed, 0x00, 0x00,
  0x00, 0x00, 0xff, 0xee, 0xff, 0xeb, 0xff, 0xeb, 0xff, 0xe3, 0x00, 0x00,
  0x00, 0x00, 0x00, 0x00, 0x00, 0x00, 0x00, 0x00, 0x00, 0x00, 0xff, 0xdb,
  0x00, 0x00, 0x00, 0x00, 0x00, 0x00, 0x00, 0x0c, 0xff, 0xac, 0x00, 0x00,
  0x00, 0x00, 0x00, 0x00, 0x00, 0x00, 0x00, 0x00, 0x00, 0x00, 0x00, 0x00,
  0x00, 0x00, 0x00, 0x00, 0x00, 0x00, 0x00, 0x00, 0x00, 0x00, 0xff, 0x9d,
  0xff, 0xc2, 0xff, 0xdb, 0x00, 0x00, 0x00, 0x00, 0x00, 0x00, 0x00, 0x22,
  0x00, 0x4f, 0x00, 0x00, 0x00, 0x00, 0xff, 0xe7, 0xff, 0xf2, 0x00, 0x00,
  0x00, 0x00, 0x00, 0x00, 0xff, 0xee, 0x00, 0x00, 0xff, 0xec, 0x00, 0x00,
  0x00, 0x00, 0x00, 0x00, 0x00, 0x00, 0x00, 0x00, 0x00, 0x0e, 0xff, 0xee,
  0x00, 0x00, 0x00, 0x00, 0x00, 0x00, 0x00, 0x0d, 0x00, 0x00, 0xff, 0xd5,
  0x00, 0x00, 0x00, 0x00, 0xff, 0xd8, 0x00, 0x33, 0x00, 0x00, 0x00, 0x00,
  0xff, 0xe0, 0x00, 0x00, 0x00, 0x00, 0x00, 0x00, 0x00, 0x00, 0x00, 0x00,
  0x00, 0x00, 0x00, 0x26, 0x00, 0x00, 0x00, 0x00, 0xff, 0xf9, 0xff, 0xf9,
  0x00, 0x00, 0xff, 0xee, 0x00, 0x00, 0xff, 0xe9, 0x00, 0x00, 0xff, 0xf2,
  0x00, 0x00, 0x00, 0x00, 0xff, 0xee, 0x00, 0x00, 0x00, 0x00, 0x00, 0x00,
  0xff, 0xf1, 0x00, 0x0c, 0x00, 0x00, 0x00, 0x00, 0x00, 0x00, 0xff, 0xcf,
  0xff, 0xf0, 0x00, 0x00, 0x00, 0x0c, 0xff, 0xe5, 0x00, 0x00, 0x00, 0x00,
  0x00, 0x00, 0xff, 0xd7, 0x00, 0x00, 0x00, 0x00, 0x00, 0x00, 0x00, 0x00,
  0x00, 0x00, 0xff, 0xf2, 0xff, 0xf2, 0x00, 0x00, 0xff, 0xe6, 0x00, 0x00,
  0x00, 0x00, 0xff, 0xf5, 0xff, 0xf5, 0x00, 0x00, 0xff, 0xf2, 0x00, 0x00,
  0xff, 0xe3, 0xff, 0xee, 0x00, 0x00, 0x00, 0x00, 0x00, 0x00, 0x00, 0x00,
  0x00, 0x1a, 0x00, 0x00, 0xff, 0xc0, 0x00, 0x00, 0x00, 0x00, 0x00, 0x00,
  0xff, 0xe3, 0x00, 0x00, 0x00, 0x00, 0x00, 0x1a, 0x00, 0x00, 0xff, 0xd7,
  0xff, 0xc1, 0x00, 0x00, 0x00, 0x00, 0x00, 0x00, 0x00, 0x00, 0x00, 0x00,
  0xff, 0xf2, 0x00, 0x0c, 0xff, 0xf2, 0x00, 0x00, 0xff, 0xf9, 0x00, 0x00,
  0x00, 0x1a, 0x00, 0x13, 0x00, 0x00, 0xff, 0xf9, 0x00, 0x00, 0x00, 0x00,
  0x00, 0x00, 0x00, 0x00, 0x00, 0x00, 0x00, 0x00, 0x00, 0x00, 0x00, 0x00,
  0x00, 0x00, 0x00, 0x00, 0xff, 0xe7, 0x00, 0x00, 0x00, 0x00, 0x00, 0x00,
  0x00, 0x00, 0x00, 0x08, 0xff, 0xf1, 0x00, 0x00, 0x00, 0x00, 0xff, 0xc5,
  0x00, 0x00, 0x00, 0x00, 0x00, 0x00, 0xff, 0xe3, 0xff, 0xf2, 0x00, 0x00,
  0x00, 0x00, 0x00, 0x00, 0x00, 0x00, 0x00, 0x00, 0x00, 0x00, 0x00, 0x00,
  0xff, 0xe7, 0x00, 0x00, 0x00, 0x00, 0x00, 0x00, 0x00, 0x00, 0x00, 0x00,
  0xff, 0xee, 0x00, 0x00, 0xff, 0xe5, 0x00, 0x00, 0x00, 0x00, 0x00, 0x00,
  0x00, 0x00, 0x00, 0x00, 0x00, 0x00, 0xff, 0xf9, 0x00, 0x05, 0x00, 0x00,
  0x00, 0x00, 0x00, 0x00, 0xff, 0xe0, 0xff, 0xe0, 0x00, 0x00, 0x00, 0x0d,
  0x00, 0x00, 0x00, 0x08, 0x00, 0x00, 0x00, 0x00, 0xff, 0xee, 0x00, 0x00,
  0x00, 0x00, 0x00, 0x00, 0x00, 0x00, 0x00, 0x00, 0xff, 0xf2, 0x00, 0x00,
  0xff, 0xf2, 0xff, 0xe7, 0x00, 0x00, 0x00, 0x00, 0xff, 0xeb, 0x00, 0x00,
  0x00, 0x00, 0xff, 0xf9, 0x00, 0x00, 0xff, 0xe7, 0xff, 0xf1, 0x00, 0x00,
  0x00, 0x00, 0x00, 0x00, 0x00, 0x00, 0x00, 0x00, 0xff, 0xee, 0xff, 0xd8,
  0x00, 0x00, 0x00, 0x00, 0x00, 0x00, 0xff, 0xf5, 0x00, 0x00, 0x00, 0x00,
  0x00, 0x00, 0xff, 0xf0, 0xff, 0xe7, 0xff, 0xd0, 0x00, 0x00, 0xff, 0xe7,
  0xff, 0xf3, 0x00, 0x00, 0x00, 0x00, 0xff, 0xf2, 0x00, 0x00, 0x00, 0x00,
  0xff, 0xf2, 0x00, 0x00, 0x00, 0x00, 0x00, 0x00, 0x00, 0x00, 0x00, 0x00,
  0xff, 0xe3, 0x00, 0x00, 0xff, 0xf9, 0x00, 0x00, 0xff, 0xf2, 0xff, 0xf9,
  0x00, 0x00, 0x00, 0x00, 0x00, 0x00, 0x00, 0x00, 0x00, 0x00, 0xff, 0xe3,
  0xff, 0xd3, 0x00, 0x00, 0x00, 0x00, 0x00, 0x00, 0x00, 0x00, 0x00, 0x00,
  0x00, 0x00, 0x00, 0x00, 0xff, 0xf0, 0xff, 0xf5, 0xff, 0xdb, 0x00, 0x00,
  0xff, 0xe3, 0xff, 0xf3, 0x00, 0x00, 0xff, 0xee, 0x00, 0x00, 0x00, 0x00,
  0x00, 0x00, 0xff, 0xf2, 0x00, 0x00, 0x00, 0x00, 0x00, 0x00, 0x00, 0x00,
  0x00, 0x00, 0xff, 0xea, 0x00, 0x00, 0xff, 0xea, 0xff, 0xf2, 0xff, 0xf2,
  0x00, 0x00, 0x00, 0x00, 0x00, 0x00, 0x00, 0x00, 0x00, 0x00, 0xff, 0xfc,
  0xff, 0xd8, 0xff, 0xf5, 0x00, 0x00, 0xff, 0xee, 0x00, 0x00, 0xff, 0xee,
  0x00, 0x00, 0x00, 0x00, 0x00, 0x00, 0xff, 0xe4, 0x00, 0x00, 0x00, 0x00,
  0xff, 0xf9, 0xff, 0xd8, 0xff, 0xed, 0x00, 0x00, 0xff, 0xf2, 0x00, 0x00,
  0x00, 0x00, 0x00, 0x00, 0x00, 0x00, 0x00, 0x00, 0xff, 0xe3, 0x00, 0x00,
  0x00, 0x00, 0x00, 0x00, 0x00, 0x00, 0x00, 0x00, 0xff, 0xf2, 0x00, 0x00,
  0xff, 0xe3, 0x00, 0x00, 0x00, 0x00, 0xff, 0xf2, 0x00, 0x00, 0x00, 0x00,
  0xff, 0xf9, 0xff, 0xdb, 0x00, 0x00, 0x00, 0x00, 0x00, 0x00, 0x00, 0x00,
  0xff, 0xeb, 0x00, 0x00, 0x00, 0x00, 0x00, 0x00, 0x00, 0x00, 0x00, 0x00,
  0x00, 0x00, 0x00, 0x00, 0xff, 0xe0, 0x00, 0x00, 0x00, 0x00, 0x00, 0x00,
  0x00, 0x00, 0x00, 0x00, 0xff, 0xf7, 0x00, 0x00, 0x00, 0x00, 0x00, 0x00,
  0xff, 0xf9, 0x00, 0x00, 0x00, 0x00, 0x00, 0x00, 0x00, 0x02, 0x00, 0x0d,
  0x00, 0x02, 0x00, 0x03, 0x00, 0x00, 0x00, 0x08, 0x00, 0x09, 0x00, 0x02,
  0x00, 0x0d, 0x00, 0x10, 0x00, 0x04, 0x00, 0x1b, 0x00, 0x1c, 0x00, 0x08,
  0x00, 0x20, 0x00, 0x20, 0x00, 0x0a, 0x00, 0x22, 0x00, 0x28, 0x00, 0x0b,
  0x00, 0x2b, 0x00, 0x2d, 0x00, 0x12, 0x00, 0x30, 0x00, 0x3d, 0x00, 0x15,
  0x00, 0x42, 0x00, 0x44, 0x00, 0x23, 0x00, 0x46, 0x00, 0x49, 0x00, 0x26,
  0x00, 0x4c, 0x00, 0x5c, 0x00, 0x2a, 0x01, 0x35, 0x01, 0x35, 0x00, 0x3b,
  0x01, 0x37, 0x01, 0x37, 0x00, 0x3c, 0x00, 0x02, 0x00, 0x30, 0x00, 0x02,
  0x00, 0x02, 0x00, 0x0d, 0x00, 0x03, 0x00, 0x03, 0x00, 0x11, 0x00, 0x08,
  0x00, 0x08, 0x00, 0x11, 0x00, 0x0a, 0x00, 0x0a, 0x00, 0x0e, 0x00, 0x0b,
  0x00, 0x0b, 0x00, 0x13, 0x00, 0x0d, 0x00, 0x0d, 0x00, 0x0b, 0x00, 0x0e,
  0x00, 0x0e, 0x00, 0x0f, 0x00, 0x0f, 0x00, 0x0f, 0x00, 0x0b, 0x00, 0x10,
  0x00, 0x10, 0x00, 0x14, 0x00, 0x1b, 0x00, 0x1c, 0x00, 0x12, 0x00, 0x20,
  0x00, 0x20, 0x00, 0x10, 0x00, 0x22, 0x00, 0x22, 0x00, 0x04, 0x00, 0x24,
  0x00, 0x24, 0x00, 0x02, 0x00, 0x28, 0x00, 0x28, 0x00, 0x02, 0x00, 0x2b,
  0x00, 0x2b, 0x00, 0x15, 0x00, 0x30, 0x00, 0x30, 0x00, 0x02, 0x00, 0x32,
  0x00, 0x32, 0x00, 0x02, 0x00, 0x34, 0x00, 0x34, 0x00, 0x16, 0x00, 0x35,
  0x00, 0x35, 0x00, 0x17, 0x00, 0x36, 0x00, 0x36, 0x00, 0x05, 0x00, 0x37,
  0x00, 0x37, 0x00, 0x18, 0x00, 0x38, 0x00, 0x38, 0x00, 0x19, 0x00, 0x39,
  0x00, 0x39, 0x00, 0x1a, 0x00, 0x3a, 0x00, 0x3a, 0x00, 0x0a, 0x00, 0x3b,
  0x00, 0x3b, 0x00, 0x1b, 0x00, 0x3d, 0x00, 0x3d, 0x00, 0x1c, 0x00, 0x3e,
  0x00, 0x3e, 0x00, 0x0e, 0x00, 0x42, 0x00, 0x42, 0x00, 0x03, 0x00, 0x44,
  0x00, 0x46, 0x00, 0x01, 0x00, 0x47, 0x00, 0x47, 0x00, 0x0c, 0x00, 0x48,
  0x00, 0x48, 0x00, 0x1d, 0x00, 0x4a, 0x00, 0x4a, 0x00, 0x07, 0x00, 0x4b,
  0x00, 0x4b, 0x00, 0x1e, 0x00, 0x4e, 0x00, 0x4f, 0x00, 0x08, 0x00, 0x50,
  0x00, 0x50, 0x00, 0x01, 0x00, 0x51, 0x00, 0x51, 0x00, 0x08, 0x00, 0x52,
  0x00, 0x52, 0x00, 0x01, 0x00, 0x53, 0x00, 0x53, 0x00, 0x08, 0x00, 0x54,
  0x00, 0x54, 0x00, 0x1f, 0x00, 0x55, 0x00, 0x55, 0x00, 0x20, 0x00, 0x56,
  0x00, 0x56, 0x00, 0x06, 0x00, 0x57, 0x00, 0x57, 0x00, 0x21, 0x00, 0x58,
  0x00, 0x58, 0x00, 0x22, 0x00, 0x59, 0x00, 0x59, 0x00, 0x23, 0x00, 0x5a,
  0x00, 0x5a, 0x00, 0x09, 0x00, 0x5b, 0x00, 0x5b, 0x00, 0x24, 0x00, 0x5e,
  0x00, 0x5e, 0x00, 0x0e, 0x01, 0x35, 0x01, 0x37, 0x00, 0x0c, 0x00, 0x02,
  0x00, 0x39, 0x00, 0x02, 0x00, 0x02, 0x00, 0x0c, 0x00, 0x03, 0x00, 0x03,
  0x00, 0x10, 0x00, 0x08, 0x00, 0x08, 0x00, 0x10, 0x00, 0x09, 0x00, 0x09,
  0x00, 0x0d, 0x00, 0x0d, 0x00, 0x0d, 0x00, 0x0b, 0x00, 0x0e, 0x00, 0x0e,
  0x00, 0x0e, 0x00, 0x0f, 0x00, 0x0f, 0x00, 0x0b, 0x00, 0x10, 0x00, 0x10,
  0x00, 0x16, 0x00, 0x1b, 0x00, 0x1c, 0x00, 0x11, 0x00, 0x20, 0x00, 0x20,
  0x00, 0x0f, 0x00, 0x23, 0x00, 0x23, 0x00, 0x17, 0x00, 0x24, 0x00, 0x24,
  0x00, 0x12, 0x00, 0x25, 0x00, 0x25, 0x00, 0x02, 0x00, 0x26, 0x00, 0x26,
  0x00, 0x05, 0x00, 0x27, 0x00, 0x27, 0x00, 0x18, 0x00, 0x28, 0x00, 0x28,
  0x00, 0x19, 0x00, 0x2b, 0x00, 0x2b, 0x00, 0x1a, 0x00, 0x2c, 0x00, 0x2c,
  0x00, 0x1b, 0x00, 0x2d, 0x00, 0x2d, 0x00, 0x1c, 0x00, 0x30, 0x00, 0x30,
  0x00, 0x02, 0x00, 0x31, 0x00, 0x31, 0x00, 0x1d, 0x00, 0x32, 0x00, 0x32,
  0x00, 0x02, 0x00, 0x33, 0x00, 0x33, 0x00, 0x1e, 0x00, 0x34, 0x00, 0x34,
  0x00, 0x1f, 0x00, 0x35, 0x00, 0x35, 0x00, 0x20, 0x00, 0x36, 0x00, 0x36,
  0x00, 0x07, 0x00, 0x37, 0x00, 0x37, 0x00, 0x21, 0x00, 0x38, 0x00, 0x38,
  0x00, 0x22, 0x00, 0x39, 0x00, 0x39, 0x00, 0x23, 0x00, 0x3a, 0x00, 0x3a,
  0x00, 0x0a, 0x00, 0x3b, 0x00, 0x3b, 0x00, 0x24, 0x00, 0x3c, 0x00, 0x3c,
  0x00, 0x0d, 0x00, 0x3d, 0x00, 0x3d, 0x00, 0x25, 0x00, 0x42, 0x00, 0x42,
  0x00, 0x01, 0x00, 0x43, 0x00, 0x43, 0x00, 0x03, 0x00, 0x44, 0x00, 0x44,
  0x00, 0x13, 0x00, 0x46, 0x00, 0x46, 0x00, 0x06, 0x00, 0x47, 0x00, 0x47,
  0x00, 0x14, 0x00, 0x48, 0x00, 0x48, 0x00, 0x26, 0x00, 0x49, 0x00, 0x49,
  0x00, 0x08, 0x00, 0x4c, 0x00, 0x4c, 0x00, 0x27, 0x00, 0x4d, 0x00, 0x4d,
  0x00, 0x15, 0x00, 0x4e, 0x00, 0x4f, 0x00, 0x08, 0x00, 0x50, 0x00, 0x51,
  0x00, 0x03, 0x00, 0x52, 0x00, 0x52, 0x00, 0x04, 0x00, 0x53, 0x00, 0x53,
  0x00, 0x28, 0x00, 0x54, 0x00, 0x54, 0x00, 0x29, 0x00, 0x55, 0x00, 0x55,
  0x00, 0x2a, 0x00, 0x56, 0x00, 0x56, 0x00, 0x04, 0x00, 0x57, 0x00, 0x57,
  0x00, 0x2b, 0x00, 0x58, 0x00, 0x58, 0x00, 0x2c, 0x00, 0x59, 0x00, 0x59,
  0x00, 0x2d, 0x00, 0x5a, 0x00, 0x5a, 0x00, 0x09, 0x00, 0x5b, 0x00, 0x5b,
  0x00, 0x2e, 0x00, 0x5c, 0x00, 0x5c, 0x00, 0x0d, 0x01, 0x35, 0x01, 0x35,
  0x00, 0x14, 0x01, 0x37, 0x01, 0x37, 0x00, 0x15, 0x00, 0x01, 0x00, 0x0c,
  0x00, 0x04, 0x00, 0x00, 0x00, 0x01, 0x00, 0x12, 0x00, 0x01, 0x00, 0x01,
  0x00, 0x59, 0x00, 0x02, 0x00, 0x0d, 0x00, 0x05, 0x00, 0x1c, 0x00, 0x05,
  0x00, 0x01, 0x00, 0x00, 0x00, 0x01, 0x00, 0x08, 0x00, 0x01, 0x00, 0x08,
  0x00, 0x04, 0xfe, 0x0c, 0x00, 0x01, 0x00, 0x05, 0x00, 0x60, 0x00, 0x61,
  0x01, 0x3f, 0x01, 0x43, 0x01, 0x44, 0x00, 0x00, 0x00, 0x02, 0x00, 0x5f,
  0xff, 0xf3, 0x00, 0xe3, 0x02, 0xed, 0x00, 0x05, 0x00, 0x11, 0x00, 0x00,
  0x77, 0x03, 0x27, 0x33, 0x07, 0x03, 0x07, 0x22, 0x26, 0x35, 0x34, 0x36,
  0x33, 0x32, 0x16, 0x15, 0x14, 0x06, 0x82, 0x0d, 0x02, 0x5c, 0x02, 0x0c,
  0x20, 0x1b, 0x27, 0x27, 0x1b, 0x1c, 0x26, 0x26, 0xdd, 0x01, 0xa8, 0x68,
  0x68, 0xfe, 0x58, 0xea, 0x27, 0x1e, 0x20, 0x26, 0x26, 0x20, 0x1e, 0x27,
  0x00, 0x02, 0x00, 0x5a, 0x01, 0xe3, 0x01, 0x7f, 0x03, 0x03, 0x00, 0x05,
  0x00, 0x0b, 0x00, 0x00, 0x53, 0x27, 0x27, 0x33, 0x07, 0x07, 0x33, 0x27,
  0x27, 0x33, 0x07, 0x07, 0x6e, 0x12, 0x02, 0x60, 0x02, 0x11, 0x8c, 0x13,
  0x02, 0x61, 0x02, 0x13, 0x01, 0xe3, 0xba, 0x66, 0x66, 0xba, 0xba, 0x66,
  0x66, 0xba, 0x00, 0x02, 0x00, 0x28, 0x00, 0x00, 0x02, 0x0a, 0x02, 0xd6,
  0x00, 0x1b, 0x00, 0x1f, 0x00, 0x00, 0x73, 0x37, 0x23, 0x35, 0x33, 0x37,
  0x23, 0x35, 0x33, 0x37, 0x33, 0x07, 0x33, 0x37, 0x33, 0x07, 0x33, 0x15,
  0x23, 0x07, 0x33, 0x15, 0x23, 0x07, 0x23, 0x37, 0x23, 0x07, 0x13, 0x33,
  0x37, 0x23, 0x65, 0x1b, 0x58, 0x60, 0x15, 0x5f, 0x66, 0x1a, 0x3b, 0x1a,
  0x95, 0x1a, 0x3c, 0x1a, 0x5a, 0x61, 0x15, 0x60, 0x68, 0x1b, 0x3c, 0x1b,
  0x94, 0x1c, 0x23, 0x95, 0x15, 0x95, 0xe5, 0x3f, 0xa6, 0x3f, 0xcd, 0xcd,
  0xcd, 0xcd, 0x3f, 0xa6, 0x3f, 0xe5, 0xe5, 0xe5, 0x01, 0x24, 0xa6, 0x00,
  0x00, 0x03, 0x00, 0x3a, 0xff, 0x85, 0x01, 0xe8, 0x03, 0x44, 0x00, 0x2c,
  0x00, 0x30, 0x00, 0x34, 0x00, 0x00, 0x45, 0x22, 0x26, 0x26, 0x27, 0x37,
  0x16, 0x16, 0x33, 0x32, 0x36, 0x35, 0x34, 0x2e, 0x05, 0x35, 0x34, 0x36,
  0x36, 0x33, 0x32, 0x16, 0x17, 0x07, 0x26, 0x26, 0x23, 0x22, 0x06, 0x15,
  0x14, 0x1e, 0x05, 0x15, 0x14, 0x06, 0x06, 0x07, 0x35, 0x33, 0x15, 0x03,
  0x35, 0x33, 0x15, 0x01, 0x11, 0x28, 0x4f, 0x46, 0x1a, 0x2b, 0x24, 0x55,
  0x33, 0x3f, 0x3f, 0x22, 0x38, 0x42, 0x42, 0x38, 0x22, 0x33, 0x59, 0x3a,
  0x43, 0x57, 0x22, 0x31, 0x1f, 0x3b, 0x2e, 0x34, 0x3d, 0x23, 0x37, 0x42,
  0x43, 0x37, 0x23, 0x35, 0x60, 0x5a, 0x42, 0x42, 0x42, 0x0d, 0x17, 0x28,
  0x18, 0x3f, 0x1f, 0x2b, 0x3e, 0x35, 0x27, 0x36, 0x28, 0x22, 0x23, 0x2e,
  0x41, 0x2e, 0x39, 0x55, 0x2f, 0x31, 0x24, 0x36, 0x1e, 0x21, 0x3b, 0x31,
  0x23, 0x2f, 0x24, 0x20, 0x24, 0x31, 0x47, 0x34, 0x3b, 0x59, 0x31, 0x6e,
  0x8e, 0x8e, 0x03, 0x2f, 0x90, 0x90, 0x00, 0x05, 0x00, 0x27, 0xff, 0xf3,
  0x03, 0x72, 0x02, 0xea, 0x00, 0x0f, 0x00, 0x1b, 0x00, 0x1f, 0x00, 0x2f,
  0x00, 0x3b, 0x00, 0x00, 0x53, 0x22, 0x26, 0x26, 0x35, 0x34, 0x36, 0x36,
  0x33, 0x32, 0x16, 0x16, 0x15, 0x14, 0x06, 0x06, 0x27, 0x32, 0x36, 0x35,
  0x34, 0x26, 0x23, 0x22, 0x06, 0x15, 0x14, 0x16, 0x13, 0x01, 0x33, 0x01,
  0x21, 0x22, 0x26, 0x26, 0x35, 0x34, 0x36, 0x36, 0x33, 0x32, 0x16, 0x16,
  0x15, 0x14, 0x06, 0x06, 0x27, 0x32, 0x36, 0x35, 0x34, 0x26, 0x23, 0x22,
  0x06, 0x15, 0x14, 0x16, 0xcd, 0x32, 0x4b, 0x29, 0x29, 0x4b, 0x32, 0x33,
  0x4b, 0x29, 0x29, 0x4b, 0x33, 0x2c, 0x35, 0x35, 0x2c, 0x2b, 0x36, 0x36,
  0x40, 0x01, 0x95, 0x3e, 0xfe, 0x6b, 0x01, 0xac, 0x32, 0x4b, 0x29, 0x29,
  0x4b, 0x32, 0x32, 0x4b, 0x29, 0x29, 0x4b, 0x32, 0x2b, 0x37, 0x37, 0x2b,
  0x2b, 0x37, 0x37, 0x01, 0x1c, 0x37, 0x68, 0x4a, 0x4a, 0x66, 0x35, 0x35,
  0x66, 0x4a, 0x4a, 0x68, 0x37, 0x38, 0x59, 0x58, 0x58, 0x55, 0x55, 0x58,
  0x58, 0x59, 0xfe, 0x9f, 0x02, 0xf7, 0xfd, 0x09, 0x36, 0x68, 0x4a, 0x4a,
  0x66, 0x36, 0x36, 0x66, 0x4a, 0x4a, 0x68, 0x36, 0x38, 0x58, 0x58, 0x58,
  0x56, 0x56, 0x58, 0x58, 0x58, 0x00, 0x00, 0x01, 0x00, 0x24, 0xff, 0xf3,
  0x02, 0x97, 0x02, 0xea, 0x00, 0x41, 0x00, 0x00, 0x45, 0x22, 0x26, 0x26,
  0x35, 0x34, 0x3e, 0x04, 0x35, 0x34, 0x26, 0x26, 0x23, 0x22, 0x06, 0x15,
  0x14, 0x1e, 0x02, 0x17, 0x16, 0x16, 0x17, 0x07, 0x26, 0x26, 0x27, 0x2e,
  0x03, 0x35, 0x34, 0x36, 0x36, 0x33, 0x32, 0x16, 0x15, 0x14, 0x0e, 0x04,
  0x15, 0x14, 0x16, 0x16, 0x33, 0x32, 0x36, 0x37, 0x36, 0x36, 0x37, 0x33,
  0x06, 0x06, 0x07, 0x06, 0x06, 0x01, 0x03, 0x41, 0x66, 0x38, 0x30, 0x4d,
  0x55, 0x4c, 0x31, 0x0f, 0x1e, 0x18, 0x2a, 0x31, 0x32, 0x55, 0x68, 0x34,
  0x2b, 0x53, 0x23, 0x18, 0x2c, 0x61, 0x33, 0x3c, 0x70, 0x59, 0x35, 0x2a,
  0x4c, 0x32, 0x44, 0x4c, 0x2f, 0x48, 0x52, 0x49, 0x2e, 0x26, 0x42, 0x29,
  0x2e, 0x55, 0x25, 0x2d, 0x42, 0x14, 0x55, 0x17, 0x4d, 0x35, 0x2e, 0x77,
  0x0d, 0x34, 0x5c, 0x3b, 0x36, 0x52, 0x40, 0x37, 0x36, 0x3e, 0x27, 0x16,
  0x25, 0x17, 0x3e, 0x2d, 0x34, 0x73, 0x74, 0x67, 0x27, 0x21, 0x2c, 0x0a,
  0x4c, 0x0c, 0x33, 0x26, 0x2f, 0x78, 0x81, 0x84, 0x3a, 0x30, 0x4e, 0x2e,
  0x50, 0x40, 0x2f, 0x4b, 0x3f, 0x39, 0x3b, 0x42, 0x28, 0x28, 0x3e, 0x21,
  0x30, 0x25, 0x31, 0x7e, 0x4b, 0x52, 0x95, 0x3e, 0x33, 0x40, 0x00, 0x01,
  0x00, 0x5a, 0x01, 0xe3, 0x00, 0xba, 0x03, 0x03, 0x00, 0x05, 0x00, 0x00,
  0x53, 0x27, 0x27, 0x33, 0x07, 0x07, 0x6e, 0x12, 0x02, 0x60, 0x02, 0x11,
  0x01, 0xe3, 0xba, 0x66, 0x66, 0xba, 0x00, 0x01, 0x00, 0x5c, 0xff, 0x3c,
  0x01, 0x27, 0x03, 0x32, 0x00, 0x0d, 0x00, 0x00, 0x57, 0x26, 0x26, 0x35,
  0x34, 0x36, 0x37, 0x17, 0x06, 0x06, 0x15, 0x14, 0x16, 0x17, 0xef, 0x45,
  0x4e, 0x4e, 0x45, 0x38, 0x40, 0x3f, 0x3f, 0x40, 0xc4, 0x70, 0xf7, 0x94,
  0x93, 0xf8, 0x70, 0x1a, 0x6b, 0xf7, 0x7f, 0x80, 0xf7, 0x6b, 0x00, 0x01,
  0x00, 0x2a, 0xff, 0x3c, 0x00, 0xf6, 0x03, 0x32, 0x00, 0x0d, 0x00, 0x00,
  0x57, 0x27, 0x36, 0x36, 0x35, 0x34, 0x26, 0x27, 0x37, 0x16, 0x16, 0x15,
  0x14, 0x06, 0x63, 0x39, 0x41, 0x40, 0x40, 0x41, 0x39, 0x46, 0x4d, 0x4d,
  0xc4, 0x19, 0x6b, 0xf7, 0x80, 0x7f, 0xf7, 0x6b, 0x1a, 0x70, 0xf8, 0x93,
  0x94, 0xf7, 0x00, 0x01, 0x00, 0x41, 0x01, 0xd7, 0x01, 0x91, 0x03, 0x1c,
  0x00, 0x0e, 0x00, 0x00, 0x53, 0x27, 0x37, 0x27, 0x37, 0x17, 0x37, 0x33,
  0x17, 0x37, 0x17, 0x07, 0x17, 0x07, 0x27, 0x9a, 0x2c, 0x3f, 0x6c, 0x11,
  0x72, 0x0a, 0x36, 0x0a, 0x72, 0x11, 0x6d, 0x40, 0x2c, 0x4e, 0x01, 0xd7,
  0x1f, 0x69, 0x2e, 0x33, 0x1d, 0x79, 0x78, 0x1c, 0x33, 0x2e, 0x69, 0x1f,
  0x5f, 0x00, 0x00, 0x01, 0x00, 0x26, 0x00, 0x74, 0x02, 0x06, 0x02, 0x6e,
  0x00, 0x0b, 0x00, 0x00, 0x77, 0x35, 0x23, 0x35, 0x33, 0x35, 0x33, 0x15,
  0x33, 0x15, 0x23, 0x15, 0xf1, 0xcb, 0xcb, 0x49, 0xcc, 0xcc, 0x74, 0xdb,
  0x44, 0xdb, 0xdb, 0x44, 0xdb, 0x00, 0x00, 0x01, 0x00, 0x35, 0xff, 0x42,
  0x00, 0xdd, 0x00, 0x7e, 0x00, 0x14, 0x00, 0x00, 0x57, 0x27, 0x36, 0x36,
  0x27, 0x27, 0x17, 0x06, 0x06, 0x23, 0x22, 0x26, 0x35, 0x34, 0x36, 0x33,
  0x32, 0x16, 0x15, 0x14, 0x06, 0x4b, 0x16, 0x2f, 0x36, 0x01, 0x0a, 0x2d,
  0x0a, 0x17, 0x0d, 0x1b, 0x28, 0x29, 0x1c, 0x24, 0x29, 0x4f, 0xbe, 0x36,
  0x15, 0x48, 0x2e, 0x52, 0x43, 0x0b, 0x09, 0x22, 0x1e, 0x1e, 0x22, 0x39,
  0x32, 0x48, 0x6c, 0x00, 0x00, 0x01, 0x00, 0x2e, 0x00, 0xf5, 0x01, 0x2f,
  0x01, 0x3b, 0x00, 0x03, 0x00, 0x00, 0x77, 0x35, 0x21, 0x15, 0x2e, 0x01,
  0x01, 0xf5, 0x46, 0x46, 0x00, 0x01, 0x00, 0x49, 0xff, 0xf3, 0x00, 0xcd,
  0x00, 0x7e, 0x00, 0x0b, 0x00, 0x00, 0x57, 0x22, 0x26, 0x35, 0x34, 0x36,
  0x33, 0x32, 0x16, 0x15, 0x14, 0x06, 0x8b, 0x1b, 0x27, 0x27, 0x1b, 0x1b,
  0x27, 0x27, 0x0d, 0x27, 0x1e, 0x20, 0x26, 0x26, 0x20, 0x1e, 0x27, 0x00,
  0x00, 0x01, 0x00, 0x0b, 0xff, 0x4d, 0x01, 0x79, 0x03, 0x1a, 0x00, 0x03,
  0x00, 0x00, 0x57, 0x01, 0x33, 0x01, 0x0b, 0x01, 0x2c, 0x42, 0xfe, 0xd5,
  0xb3, 0x03, 0xcd, 0xfc, 0x33, 0x00, 0x00, 0x02, 0x00, 0x32, 0xff, 0xf3,
  0x01, 0xfa, 0x02, 0xea, 0x00, 0x0f, 0x00, 0x1f, 0x00, 0x00, 0x45, 0x22,
  0x26, 0x26, 0x35, 0x34, 0x36, 0x36, 0x33, 0x32, 0x16, 0x16, 0x15, 0x14,
  0x06, 0x06, 0x27, 0x32, 0x36, 0x36, 0x35, 0x34, 0x26, 0x26, 0x23, 0x22,
  0x06, 0x06, 0x15, 0x14, 0x16, 0x16, 0x01, 0x16, 0x45, 0x67, 0x38, 0x38,
  0x67, 0x45, 0x46, 0x66, 0x38, 0x38, 0x66, 0x46, 0x2a, 0x3f, 0x23, 0x23,
  0x3f, 0x2a, 0x29, 0x40, 0x23, 0x23, 0x40, 0x0d, 0x54, 0xaa, 0x80, 0x80,
  0xa7, 0x52, 0x53, 0xa6, 0x80, 0x80, 0xaa, 0x54, 0x4a, 0x40, 0x89, 0x6b,
  0x6b, 0x87, 0x3f, 0x3f, 0x87, 0x6b, 0x6b, 0x89, 0x40, 0x00, 0x00, 0x01,
  0x00, 0x58, 0x00, 0x00, 0x01, 0xea, 0x02, 0xdd, 0x00, 0x0c, 0x00, 0x00,
  0x73, 0x35, 0x33, 0x11, 0x23, 0x35, 0x36, 0x36, 0x37, 0x33, 0x11, 0x33,
  0x15, 0x58, 0xa4, 0x83, 0x31, 0x49, 0x1e, 0x46, 0x93, 0x4c, 0x02, 0x23,
  0x3a, 0x09, 0x1a, 0x11, 0xfd, 0x6f, 0x4c, 0x00, 0x00, 0x01, 0x00, 0x28,
  0x00, 0x00, 0x01, 0xf9, 0x02, 0xea, 0x00, 0x1d, 0x00, 0x00, 0x73, 0x35,
  0x3e, 0x02, 0x35, 0x34, 0x26, 0x26, 0x23, 0x22, 0x06, 0x07, 0x27, 0x36,
  0x36, 0x33, 0x32, 0x16, 0x16, 0x15, 0x14, 0x06, 0x06, 0x07, 0x36, 0x36,
  0x33, 0x33, 0x15, 0x2c, 0x73, 0x95, 0x48, 0x1d, 0x3c, 0x2e, 0x2d, 0x4d,
  0x1e, 0x35, 0x2c, 0x66, 0x46, 0x42, 0x5f, 0x35, 0x49, 0x81, 0x56, 0x1d,
  0x3f, 0x1c, 0xcb, 0x36, 0x65, 0xa6, 0x8f, 0x3f, 0x2a, 0x42, 0x25, 0x30,
  0x25, 0x34, 0x31, 0x3a, 0x35, 0x61, 0x41, 0x49, 0x96, 0x9b, 0x51, 0x02,
  0x05, 0x4f, 0x00, 0x01, 0x00, 0x1d, 0xff, 0xf3, 0x01, 0xf3, 0x02, 0xea,
  0x00, 0x2e, 0x00, 0x00, 0x45, 0x22, 0x26, 0x26, 0x27, 0x37, 0x16, 0x16,
  0x33, 0x32, 0x36, 0x36, 0x35, 0x34, 0x26, 0x26, 0x23, 0x35, 0x32, 0x36,
  0x36, 0x35, 0x34, 0x26, 0x23, 0x22, 0x06, 0x07, 0x27, 0x36, 0x36, 0x33,
  0x32, 0x16, 0x16, 0x15, 0x14, 0x06, 0x07, 0x15, 0x1e, 0x02, 0x15, 0x14,
  0x06, 0x06, 0x01, 0x07, 0x39, 0x57, 0x42, 0x18, 0x2f, 0x20, 0x57, 0x3e,
  0x2c, 0x43, 0x26, 0x2b, 0x64, 0x55, 0x4c, 0x58, 0x27, 0x42, 0x3a, 0x2c,
  0x4d, 0x1f, 0x31, 0x2a, 0x63, 0x3f, 0x3e, 0x61, 0x37, 0x48, 0x3a, 0x2b,
  0x46, 0x2a, 0x40, 0x6a, 0x0d, 0x1c, 0x2e, 0x1b, 0x3b, 0x21, 0x33, 0x21,
  0x3d, 0x2a, 0x2c, 0x42, 0x25, 0x46, 0x25, 0x40, 0x27, 0x35, 0x3f, 0x28,
  0x1f, 0x3a, 0x26, 0x31, 0x2b, 0x52, 0x3a, 0x43, 0x58, 0x15, 0x05, 0x0a,
  0x32, 0x4c, 0x32, 0x41, 0x5e, 0x32, 0x00, 0x01, 0x00, 0x14, 0x00, 0x00,
  0x02, 0x0c, 0x02, 0xdd, 0x00, 0x10, 0x00, 0x00, 0x61, 0x11, 0x34, 0x36,
  0x37, 0x23, 0x06, 0x06, 0x07, 0x07, 0x21, 0x15, 0x21, 0x35, 0x01, 0x33,
  0x11, 0x01, 0x54, 0x04, 0x01, 0x04, 0x0e, 0x1d, 0x10, 0xa7, 0x01, 0x99,
  0xfe, 0x08, 0x01, 0x31, 0x65, 0x01, 0xf4, 0x1b, 0x4e, 0x1c, 0x1a, 0x37,
  0x1b, 0xfa, 0x49, 0x3c, 0x01, 0xd7, 0xfd, 0x23, 0x00, 0x01, 0x00, 0x1b,
  0xff, 0xf3, 0x01, 0xf6, 0x02, 0xdd, 0x00, 0x23, 0x00, 0x00, 0x45, 0x22,
  0x26, 0x26, 0x27, 0x37, 0x1e, 0x02, 0x33, 0x32, 0x36, 0x36, 0x35, 0x34,
  0x26, 0x23, 0x22, 0x06, 0x07, 0x27, 0x13, 0x21, 0x15, 0x21, 0x07, 0x36,
  0x36, 0x33, 0x32, 0x16, 0x16, 0x15, 0x14, 0x06, 0x06, 0x01, 0x06, 0x39,
  0x57, 0x41, 0x1a, 0x2e, 0x15, 0x33, 0x42, 0x2a, 0x2b, 0x47, 0x2a, 0x53,
  0x45, 0x24, 0x36, 0x20, 0x31, 0x18, 0x01, 0x64, 0xfe, 0xec, 0x13, 0x18,
  0x35, 0x21, 0x3d, 0x64, 0x3c, 0x45, 0x6e, 0x0d, 0x1c, 0x2c, 0x19, 0x3c,
  0x15, 0x25, 0x17, 0x2a, 0x4e, 0x35, 0x4e, 0x59, 0x16, 0x15, 0x1f, 0x01,
  0x56, 0x4e, 0xd4, 0x0e, 0x0f, 0x31, 0x68, 0x51, 0x50, 0x70, 0x3b, 0x00,
  0x00, 0x01, 0x00, 0x38, 0xff, 0xf3, 0x02, 0x00, 0x02, 0xea, 0x00, 0x30,
  0x00, 0x00, 0x45, 0x22, 0x2e, 0x02, 0x35, 0x34, 0x3e, 0x02, 0x33, 0x32,
  0x16, 0x17, 0x07, 0x26, 0x26, 0x23, 0x22, 0x06, 0x06, 0x15, 0x14, 0x16,
  0x16, 0x33, 0x32, 0x36, 0x36, 0x35, 0x34, 0x26, 0x26, 0x23, 0x22, 0x06,
  0x07, 0x27, 0x3e, 0x02, 0x33, 0x32, 0x16, 0x16, 0x15, 0x14, 0x06, 0x06,
  0x01, 0x2d, 0x34, 0x5a, 0x42, 0x25, 0x2c, 0x4c, 0x62, 0x35, 0x39, 0x54,
  0x1f, 0x34, 0x15, 0x3e, 0x21, 0x34, 0x56, 0x33, 0x25, 0x47, 0x33, 0x24,
  0x37, 0x21, 0x1d, 0x3a, 0x2d, 0x23, 0x52, 0x25, 0x03, 0x17, 0x38, 0x3f,
  0x1e, 0x3e, 0x5b, 0x33, 0x3a, 0x5f, 0x0d, 0x2d, 0x5b, 0x88, 0x5b, 0x6b,
  0x98, 0x5e, 0x2b, 0x2a, 0x21, 0x38, 0x1a, 0x1e, 0x3d, 0x8c, 0x78, 0x5e,
  0x82, 0x43, 0x2a, 0x4b, 0x31, 0x32, 0x49, 0x27, 0x2d, 0x37, 0x48, 0x1e,
  0x2b, 0x17, 0x33, 0x66, 0x4d, 0x47, 0x6b, 0x3c, 0x00, 0x01, 0x00, 0x31,
  0x00, 0x00, 0x01, 0xfc, 0x02, 0xdd, 0x00, 0x0e, 0x00, 0x00, 0x73, 0x3e,
  0x03, 0x37, 0x21, 0x35, 0x21, 0x15, 0x0e, 0x03, 0x07, 0xc6, 0x05, 0x19,
  0x30, 0x4b, 0x36, 0xfe, 0x9c, 0x01, 0xcb, 0x40, 0x51, 0x2d, 0x15, 0x04,
  0x68, 0xaf, 0x9b, 0x92, 0x4b, 0x4e, 0x37, 0x53, 0x98, 0x9e, 0xb1, 0x6c,
  0x00, 0x03, 0x00, 0x2e, 0xff, 0xf3, 0x01, 0xfd, 0x02, 0xe8, 0x00, 0x20,
  0x00, 0x2e, 0x00, 0x3e, 0x00, 0x00, 0x45, 0x22, 0x26, 0x26, 0x35, 0x34,
  0x36, 0x36, 0x37, 0x35, 0x26, 0x26, 0x35, 0x34, 0x36, 0x36, 0x33, 0x32,
  0x16, 0x16, 0x15, 0x14, 0x06, 0x06, 0x07, 0x15, 0x1e, 0x02, 0x15, 0x14,
  0x06, 0x06, 0x03, 0x36, 0x36, 0x35, 0x34, 0x26, 0x26, 0x23, 0x22, 0x06,
  0x15, 0x14, 0x16, 0x16, 0x03, 0x32, 0x36, 0x36, 0x35, 0x34, 0x2e, 0x02,
  0x27, 0x06, 0x06, 0x15, 0x14, 0x16, 0x16, 0x01, 0x18, 0x44, 0x6a, 0x3c,
  0x27, 0x3e, 0x21, 0x28, 0x3b, 0x35, 0x5b, 0x39, 0x3f, 0x5a, 0x30, 0x1f,
  0x2c, 0x16, 0x20, 0x38, 0x23, 0x39, 0x67, 0x13, 0x25, 0x26, 0x1d, 0x38,
  0x27, 0x33, 0x42, 0x2f, 0x4c, 0x06, 0x2b, 0x3f, 0x23, 0x20, 0x35, 0x46,
  0x27, 0x2c, 0x39, 0x28, 0x47, 0x0d, 0x32, 0x58, 0x39, 0x31, 0x4f, 0x39,
  0x12, 0x04, 0x1c, 0x53, 0x3a, 0x38, 0x53, 0x2f, 0x32, 0x56, 0x39, 0x26,
  0x44, 0x35, 0x12, 0x05, 0x12, 0x33, 0x49, 0x33, 0x34, 0x57, 0x32, 0x01,
  0x9b, 0x21, 0x4b, 0x28, 0x25, 0x3a, 0x23, 0x40, 0x36, 0x2b, 0x3b, 0x29,
  0xfe, 0x98, 0x20, 0x38, 0x24, 0x25, 0x35, 0x28, 0x20, 0x0f, 0x1c, 0x55,
  0x35, 0x26, 0x3e, 0x23, 0x00, 0x01, 0x00, 0x2c, 0xff, 0xf3, 0x01, 0xf5,
  0x02, 0xea, 0x00, 0x31, 0x00, 0x00, 0x57, 0x22, 0x26, 0x27, 0x37, 0x16,
  0x16, 0x33, 0x32, 0x3e, 0x02, 0x35, 0x34, 0x26, 0x26, 0x23, 0x22, 0x06,
  0x06, 0x15, 0x14, 0x16, 0x16, 0x33, 0x32, 0x36, 0x37, 0x17, 0x0e, 0x02,
  0x23, 0x22, 0x26, 0x26, 0x35, 0x34, 0x36, 0x36, 0x33, 0x32, 0x1e, 0x02,
  0x15, 0x14, 0x0e, 0x02, 0xeb, 0x3c, 0x57, 0x1e, 0x32, 0x18, 0x41, 0x23,
  0x25, 0x42, 0x33, 0x1d, 0x25, 0x48, 0x33, 0x23, 0x38, 0x22, 0x1d, 0x3b,
  0x2b, 0x25, 0x51, 0x25, 0x04, 0x16, 0x39, 0x3f, 0x20, 0x3d, 0x5b, 0x32,
  0x3a, 0x5f, 0x39, 0x35, 0x5a, 0x42, 0x26, 0x2c, 0x4c, 0x5f, 0x0d, 0x2b,
  0x20, 0x39, 0x1a, 0x1e, 0x22, 0x4f, 0x80, 0x5e, 0x5a, 0x7c, 0x3f, 0x2a,
  0x4a, 0x33, 0x31, 0x49, 0x28, 0x2f, 0x36, 0x49, 0x1c, 0x2c, 0x18, 0x34,
  0x67, 0x4b, 0x48, 0x6b, 0x3b, 0x2b, 0x57, 0x82, 0x58, 0x6f, 0x9d, 0x62,
  0x2d, 0x00, 0x00, 0x02, 0x00, 0x49, 0xff, 0xf3, 0x00, 0xcd, 0x02, 0x12,
  0x00, 0x0b, 0x00, 0x17, 0x00, 0x00, 0x53, 0x22, 0x26, 0x35, 0x34, 0x36,
  0x33, 0x32, 0x16, 0x15, 0x14, 0x06, 0x03, 0x22, 0x26, 0x35, 0x34, 0x36,
  0x33, 0x32, 0x16, 0x15, 0x14, 0x06, 0x8b, 0x1b, 0x27, 0x27, 0x1b, 0x1b,
  0x27, 0x27, 0x1b, 0x1b, 0x27, 0x27, 0x1b, 0x1b, 0x27, 0x27, 0x01, 0x86,
  0x27, 0x1f, 0x1f, 0x27, 0x27, 0x1f, 0x1f, 0x27, 0xfe, 0x6d, 0x27, 0x1e,
  0x20, 0x26, 0x26, 0x20, 0x1e, 0x27, 0x00, 0x02, 0x00, 0x35, 0xff, 0x42,
  0x00, 0xdd, 0x02, 0x12, 0x00, 0x0b, 0x00, 0x20, 0x00, 0x00, 0x53, 0x22,
  0x26, 0x35, 0x34, 0x36, 0x33, 0x32, 0x16, 0x15, 0x14, 0x06, 0x03, 0x27,
  0x36, 0x36, 0x27, 0x27, 0x17, 0x06, 0x06, 0x23, 0x22, 0x26, 0x35, 0x34,
  0x36, 0x33, 0x32, 0x16, 0x15, 0x14, 0x06, 0x8b, 0x1b, 0x27, 0x27, 0x1b,
  0x1b, 0x27, 0x27, 0x5b, 0x16, 0x2f, 0x36, 0x01, 0x0a, 0x2d, 0x0a, 0x17,
  0x0d, 0x1b, 0x28, 0x29, 0x1c, 0x24, 0x29, 0x4f, 0x01, 0x86, 0x27, 0x1f,
  0x1f, 0x27, 0x27, 0x1f, 0x1f, 0x27, 0xfd, 0xbc, 0x36, 0x15, 0x48, 0x2e,
  0x52, 0x43, 0x0b, 0x09, 0x22, 0x1e, 0x1e, 0x22, 0x39, 0x32, 0x48, 0x6c,
  0x00, 0x01, 0x00, 0x26, 0x00, 0x92, 0x02, 0x06, 0x02, 0x54, 0x00, 0x09,
  0x00, 0x00, 0x65, 0x25, 0x35, 0x25, 0x15, 0x07, 0x07, 0x15, 0x17, 0x17,
  0x02, 0x06, 0xfe, 0x20, 0x01, 0xe0, 0xed, 0x96, 0x96, 0xed, 0x92, 0xbd,
  0x48, 0xbd, 0x4f, 0x58, 0x38, 0x04, 0x38, 0x57, 0x00, 0x02, 0x00, 0x26,
  0x00, 0xd7, 0x02, 0x06, 0x02, 0x0b, 0x00, 0x03, 0x00, 0x07, 0x00, 0x00,
  0x53, 0x35, 0x21, 0x15, 0x05, 0x35, 0x21, 0x15, 0x26, 0x01, 0xe0, 0xfe,
  0x20, 0x01, 0xe0, 0x01, 0xc7, 0x44, 0x44, 0xf0, 0x44, 0x44, 0x00, 0x01,
  0x00, 0x26, 0x00, 0x92, 0x02, 0x06, 0x02, 0x54, 0x00, 0x09, 0x00, 0x00,
  0x77, 0x35, 0x37, 0x37, 0x35, 0x27, 0x27, 0x35, 0x05, 0x15, 0x26, 0xec,
  0x96, 0x96, 0xec, 0x01, 0xe0, 0x92, 0x50, 0x57, 0x38, 0x04, 0x38, 0x58,
  0x4f, 0xbd, 0x48, 0x00, 0x00, 0x02, 0x00, 0x2b, 0xff, 0xf3, 0x01, 0xa5,
  0x02, 0xfa, 0x00, 0x1b, 0x00, 0x27, 0x00, 0x00, 0x77, 0x26, 0x3e, 0x03,
  0x35, 0x34, 0x26, 0x26, 0x23, 0x22, 0x06, 0x07, 0x27, 0x36, 0x36, 0x33,
  0x32, 0x16, 0x16, 0x15, 0x14, 0x0e, 0x03, 0x17, 0x07, 0x22, 0x26, 0x35,
  0x34, 0x36, 0x33, 0x32, 0x16, 0x15, 0x14, 0x06, 0xb2, 0x07, 0x1b, 0x30,
  0x33, 0x23, 0x18, 0x30, 0x24, 0x25, 0x42, 0x1a, 0x34, 0x23, 0x60, 0x3c,
  0x39, 0x54, 0x2e, 0x24, 0x34, 0x32, 0x1e, 0x06, 0x26, 0x1b, 0x26, 0x26,
  0x1b, 0x1c, 0x27, 0x27, 0xdd, 0x34, 0x52, 0x42, 0x3c, 0x3d, 0x24, 0x1e,
  0x31, 0x1d, 0x21, 0x1f, 0x30, 0x28, 0x34, 0x2b, 0x50, 0x37, 0x2d, 0x46,
  0x3e, 0x41, 0x49, 0x30, 0xea, 0x27, 0x1e, 0x20, 0x26, 0x26, 0x20, 0x1e,
  0x27, 0x00, 0x00, 0x02, 0x00, 0x38, 0xff, 0x53, 0x03, 0x79, 0x02, 0xd2,
  0x00, 0x44, 0x00, 0x53, 0x00, 0x00, 0x45, 0x22, 0x2e, 0x02, 0x35, 0x34,
  0x3e, 0x02, 0x33, 0x32, 0x16, 0x16, 0x15, 0x14, 0x0e, 0x02, 0x23, 0x22,
  0x26, 0x27, 0x23, 0x06, 0x06, 0x23, 0x22, 0x26, 0x35, 0x34, 0x3e, 0x02,
  0x33, 0x32, 0x16, 0x17, 0x33, 0x37, 0x33, 0x07, 0x06, 0x33, 0x32, 0x36,
  0x36, 0x35, 0x34, 0x2e, 0x02, 0x23, 0x22, 0x0e, 0x02, 0x15, 0x14, 0x1e,
  0x02, 0x33, 0x32, 0x36, 0x37, 0x17, 0x06, 0x06, 0x03, 0x32, 0x36, 0x37,
  0x37, 0x26, 0x26, 0x23, 0x22, 0x0e, 0x02, 0x15, 0x14, 0x16, 0x01, 0xc1,
  0x51, 0x8f, 0x6c, 0x3d, 0x4b, 0x82, 0xa9, 0x5d, 0x71, 0xa4, 0x59, 0x28,
  0x42, 0x4f, 0x26, 0x2d, 0x41, 0x05, 0x03, 0x1b, 0x48, 0x25, 0x38, 0x4f,
  0x1f, 0x38, 0x50, 0x31, 0x1c, 0x2e, 0x0f, 0x02, 0x0d, 0x3c, 0x2c, 0x20,
  0x5d, 0x24, 0x45, 0x2e, 0x28, 0x4e, 0x74, 0x4c, 0x4b, 0x8c, 0x6f, 0x42,
  0x32, 0x5a, 0x7a, 0x47, 0x33, 0x5d, 0x25, 0x19, 0x30, 0x6a, 0x4e, 0x17,
  0x34, 0x1d, 0x1f, 0x0f, 0x22, 0x17, 0x20, 0x36, 0x25, 0x13, 0x2d, 0xad,
  0x33, 0x66, 0x95, 0x62, 0x71, 0xb6, 0x82, 0x46, 0x5d, 0xa6, 0x6f, 0x49,
  0x6f, 0x4b, 0x26, 0x2a, 0x2b, 0x20, 0x2d, 0x53, 0x4c, 0x2c, 0x5b, 0x4e,
  0x2e, 0x1b, 0x1c, 0x2e, 0xdf, 0x84, 0x37, 0x68, 0x48, 0x44, 0x72, 0x54,
  0x2f, 0x3d, 0x71, 0x9f, 0x62, 0x52, 0x7f, 0x57, 0x2e, 0x1d, 0x15, 0x36,
  0x1d, 0x1c, 0x01, 0x2b, 0x1f, 0x24, 0xb1, 0x1a, 0x15, 0x23, 0x39, 0x43,
  0x1f, 0x36, 0x2f, 0x00, 0x00, 0x02, 0x00, 0x04, 0x00, 0x00, 0x02, 0x5c,
  0x02, 0xdd, 0x00, 0x0d, 0x00, 0x11, 0x00, 0x00, 0x73, 0x13, 0x33, 0x13,
  0x23, 0x03, 0x26, 0x26, 0x27, 0x23, 0x06, 0x06, 0x07, 0x03, 0x37, 0x35,
  0x21, 0x15, 0x04, 0xf8, 0x67, 0xf9, 0x62, 0x80, 0x14, 0x24, 0x12, 0x04,
  0x11, 0x25, 0x13, 0x82, 0x24, 0x01, 0x52, 0x02, 0xdd, 0xfd, 0x23, 0x01,
  0x9a, 0x3f, 0x79, 0x40, 0x40, 0x79, 0x3f, 0xfe, 0x66, 0xe0, 0x49, 0x49,
  0x00, 0x03, 0x00, 0x65, 0x00, 0x00, 0x02, 0x64, 0x02, 0xdd, 0x00, 0x12,
  0x00, 0x1b, 0x00, 0x24, 0x00, 0x00, 0x73, 0x11, 0x33, 0x32, 0x16, 0x16,
  0x15, 0x14, 0x06, 0x06, 0x07, 0x15, 0x16, 0x16, 0x15, 0x14, 0x06, 0x06,
  0x23, 0x03, 0x33, 0x32, 0x36, 0x35, 0x34, 0x26, 0x23, 0x23, 0x11, 0x33,
  0x32, 0x36, 0x35, 0x34, 0x26, 0x23, 0x23, 0x65, 0xd9, 0x4b, 0x71, 0x40,
  0x19, 0x30, 0x22, 0x41, 0x54, 0x47, 0x7d, 0x52, 0x8d, 0x6d, 0x5f, 0x52,
  0x57, 0x56, 0x71, 0x80, 0x5e, 0x6a, 0x68, 0x60, 0x80, 0x02, 0xdd, 0x24,
  0x4e, 0x41, 0x24, 0x41, 0x2f, 0x0b, 0x05, 0x0c, 0x58, 0x4b, 0x48, 0x5f,
  0x30, 0x01, 0xa6, 0x40, 0x38, 0x41, 0x35, 0xfd, 0xb6, 0x46, 0x4a, 0x45,
  0x3f, 0x00, 0x00, 0x01, 0x00, 0x3a, 0xff, 0xf3, 0x02, 0x5a, 0x02, 0xea,
  0x00, 0x1f, 0x00, 0x00, 0x45, 0x22, 0x2e, 0x02, 0x35, 0x34, 0x3e, 0x02,
  0x33, 0x32, 0x16, 0x17, 0x07, 0x26, 0x26, 0x23, 0x22, 0x06, 0x06, 0x15,
  0x14, 0x16, 0x16, 0x33, 0x32, 0x36, 0x37, 0x17, 0x06, 0x06, 0x01, 0x79,
  0x44, 0x75, 0x56, 0x30, 0x31, 0x58, 0x76, 0x46, 0x43, 0x66, 0x20, 0x32,
  0x1d, 0x4a, 0x2f, 0x45, 0x68, 0x3a, 0x38, 0x66, 0x46, 0x34, 0x53, 0x23,
  0x33, 0x2b, 0x6e, 0x0d, 0x33, 0x62, 0x8d, 0x59, 0x59, 0x8d, 0x62, 0x34,
  0x37, 0x23, 0x3c, 0x1f, 0x26, 0x48, 0x85, 0x5b, 0x5d, 0x87, 0x49, 0x2c,
  0x27, 0x3b, 0x32, 0x37, 0x00, 0x02, 0x00, 0x65, 0x00, 0x00, 0x02, 0x75,
  0x02, 0xdd, 0x00, 0x0a, 0x00, 0x15, 0x00, 0x00, 0x73, 0x11, 0x33, 0x32,
  0x16, 0x16, 0x15, 0x14, 0x06, 0x06, 0x23, 0x27, 0x33, 0x32, 0x36, 0x36,
  0x35, 0x34, 0x26, 0x26, 0x23, 0x23, 0x65, 0xb7, 0x71, 0x9a, 0x4e, 0x4e,
  0x98, 0x6f, 0x5f, 0x53, 0x56, 0x73, 0x39, 0x39, 0x73, 0x56, 0x53, 0x02,
  0xdd, 0x55, 0xa2, 0x75, 0x74, 0xa6, 0x57, 0x4c, 0x45, 0x84, 0x5c, 0x5e,
  0x80, 0x43, 0x00, 0x01, 0x00, 0x65, 0x00, 0x00, 0x02, 0x16, 0x02, 0xdd,
  0x00, 0x0b, 0x00, 0x00, 0x73, 0x11, 0x21, 0x15, 0x21, 0x15, 0x21, 0x15,
  0x21, 0x11, 0x21, 0x15, 0x65, 0x01, 0xa6, 0xfe, 0xb6, 0x01, 0x16, 0xfe,
  0xea, 0x01, 0x55, 0x02, 0xdd, 0x4e, 0xe6, 0x4f, 0xfe, 0xf5, 0x4f, 0x00,
  0x00, 0x01, 0x00, 0x65, 0x00, 0x00, 0x02, 0x0b, 0x02, 0xdd, 0x00, 0x09,
  0x00, 0x00, 0x73, 0x11, 0x21, 0x15, 0x21, 0x15, 0x21, 0x15, 0x21, 0x11,
  0x65, 0x01, 0xa6, 0xfe, 0xb6, 0x01, 0x18, 0xfe, 0xe8, 0x02, 0xdd, 0x4e,
  0xf8, 0x4e, 0xfe, 0xb7, 0x00, 0x01, 0x00, 0x3a, 0xff, 0xf3, 0x02, 0x67,
  0x02, 0xea, 0x00, 0x22, 0x00, 0x00, 0x45, 0x22, 0x26, 0x26, 0x35, 0x34,
  0x3e, 0x02, 0x33, 0x32, 0x16, 0x17, 0x07, 0x26, 0x26, 0x23, 0x22, 0x06,
  0x06, 0x15, 0x14, 0x16, 0x16, 0x33, 0x32, 0x36, 0x37, 0x35, 0x23, 0x35,
  0x33, 0x11, 0x06, 0x06, 0x01, 0x85, 0x61, 0x95, 0x55, 0x32, 0x5b, 0x7a,
  0x49, 0x4d, 0x66, 0x20, 0x32, 0x1c, 0x4b, 0x37, 0x4a, 0x6e, 0x3c, 0x39,
  0x6e, 0x4e, 0x27, 0x47, 0x16, 0x9c, 0xf1, 0x24, 0x75, 0x0d, 0x5a, 0xaa,
  0x77, 0x59, 0x8d, 0x62, 0x34, 0x39, 0x21, 0x3c, 0x1d, 0x28, 0x48, 0x85,
  0x5b, 0x5d, 0x87, 0x49, 0x17, 0x14, 0xc0, 0x4d, 0xfe, 0xcc, 0x25, 0x30,
  0x00, 0x01, 0x00, 0x65, 0x00, 0x00, 0x02, 0x74, 0x02, 0xdd, 0x00, 0x0b,
  0x00, 0x00, 0x73, 0x11, 0x33, 0x11, 0x21, 0x11, 0x33, 0x11, 0x23, 0x11,
  0x21, 0x11, 0x65, 0x5c, 0x01, 0x56, 0x5d, 0x5d, 0xfe, 0xaa, 0x02, 0xdd,
  0xfe, 0xcd, 0x01, 0x33, 0xfd, 0x23, 0x01, 0x5a, 0xfe, 0xa6, 0x00, 0x01,
  0x00, 0x65, 0x00, 0x00, 0x00, 0xc1, 0x02, 0xdd, 0x00, 0x03, 0x00, 0x00,
  0x73, 0x11, 0x33, 0x11, 0x65, 0x5c, 0x02, 0xdd, 0xfd, 0x23, 0x00, 0x01,
  0x00, 0x23, 0xff, 0xf3, 0x01, 0xb7, 0x02, 0xdd, 0x00, 0x10, 0x00, 0x00,
  0x57, 0x22, 0x26, 0x27, 0x37, 0x16, 0x16, 0x33, 0x32, 0x36, 0x35, 0x11,
  0x33, 0x11, 0x14, 0x06, 0x06, 0xed, 0x46, 0x63, 0x21, 0x42, 0x19, 0x3f,
  0x27, 0x3c, 0x3a, 0x5d, 0x2a, 0x59, 0x0d, 0x3b, 0x39, 0x30, 0x2d, 0x26,
  0x49, 0x53, 0x01, 0xfd, 0xfd, 0xfa, 0x3f, 0x68, 0x3d, 0x00, 0x00, 0x01,
  0x00, 0x65, 0x00, 0x00, 0x02, 0x82, 0x02, 0xdd, 0x00, 0x0c, 0x00, 0x00,
  0x73, 0x11, 0x33, 0x11, 0x33, 0x01, 0x33, 0x03, 0x01, 0x23, 0x03, 0x07,
  0x15, 0x65, 0x5c, 0x02, 0x01, 0x33, 0x69, 0xe6, 0x01, 0x09, 0x67, 0xdc,
  0x7e, 0x02, 0xdd, 0xfe, 0x90, 0x01, 0x70, 0xfe, 0xea, 0xfe, 0x39, 0x01,
  0x7e, 0x96, 0xe8, 0x00, 0x00, 0x01, 0x00, 0x65, 0x00, 0x00, 0x02, 0x02,
  0x02, 0xdd, 0x00, 0x05, 0x00, 0x00, 0x73, 0x11, 0x33, 0x11, 0x21, 0x15,
  0x65, 0x5c, 0x01, 0x41, 0x02, 0xdd, 0xfd, 0x72, 0x4f, 0x00, 0x00, 0x01,
  0x00, 0x65, 0x00, 0x00, 0x02, 0xc7, 0x02, 0xdd, 0x00, 0x1f, 0x00, 0x00,
  0x73, 0x11, 0x33, 0x13, 0x16, 0x16, 0x17, 0x33, 0x36, 0x36, 0x37, 0x13,
  0x33, 0x11, 0x23, 0x11, 0x34, 0x36, 0x36, 0x37, 0x23, 0x07, 0x03, 0x23,
  0x03, 0x27, 0x23, 0x1e, 0x02, 0x15, 0x11, 0x65, 0x6f, 0x8c, 0x0e, 0x1a,
  0x0d, 0x04, 0x0e, 0x19, 0x0c, 0x8c, 0x6f, 0x56, 0x04, 0x06, 0x02, 0x04,
  0x3b, 0x8a, 0x3e, 0x8b, 0x3b, 0x04, 0x04, 0x05, 0x03, 0x02, 0xdd, 0xfe,
  0x78, 0x25, 0x4e, 0x26, 0x26, 0x4e, 0x25, 0x01, 0x88, 0xfd, 0x23, 0x01,
  0x96, 0x20, 0x4b, 0x4d, 0x20, 0xa7, 0xfe, 0x83, 0x01, 0x7d, 0xa7, 0x20,
  0x4d, 0x4b, 0x20, 0xfe, 0x6a, 0x00, 0x00, 0x01, 0x00, 0x65, 0x00, 0x00,
  0x02, 0x6e, 0x02, 0xdd, 0x00, 0x13, 0x00, 0x00, 0x73, 0x11, 0x33, 0x01,
  0x17, 0x33, 0x26, 0x26, 0x35, 0x11, 0x33, 0x11, 0x23, 0x01, 0x27, 0x23,
  0x16, 0x16, 0x15, 0x11, 0x65, 0x5e, 0x01, 0x0c, 0x4f, 0x05, 0x05, 0x08,
  0x58, 0x5f, 0xfe, 0xf5, 0x4f, 0x04, 0x03, 0x08, 0x02, 0xdd, 0xfe, 0x32,
  0x97, 0x37, 0x78, 0x39, 0x01, 0x7d, 0xfd, 0x23, 0x01, 0xcf, 0x96, 0x37,
  0x73, 0x3a, 0xfe, 0x7f, 0x00, 0x02, 0x00, 0x3a, 0xff, 0xf3, 0x02, 0xac,
  0x02, 0xea, 0x00, 0x0f, 0x00, 0x1f, 0x00, 0x00, 0x45, 0x22, 0x26, 0x26,
  0x35, 0x34, 0x36, 0x36, 0x33, 0x32, 0x16, 0x16, 0x15, 0x14, 0x06, 0x06,
  0x27, 0x32, 0x36, 0x36, 0x35, 0x34, 0x26, 0x26, 0x23, 0x22, 0x06, 0x06,
  0x15, 0x14, 0x16, 0x16, 0x01, 0x73, 0x5c, 0x8d, 0x50, 0x50, 0x8d, 0x5c,
  0x5c, 0x8d, 0x50, 0x50, 0x8d, 0x5c, 0x42, 0x62, 0x36, 0x36, 0x62, 0x42,
  0x41, 0x63, 0x36, 0x36, 0x63, 0x0d, 0x5d, 0xac, 0x75, 0x76, 0xa9, 0x5a,
  0x5b, 0xa8, 0x76, 0x75, 0xac, 0x5d, 0x51, 0x4a, 0x88, 0x5b, 0x5c, 0x85,
  0x47, 0x47, 0x85, 0x5c, 0x5b, 0x88, 0x4a, 0x00, 0x00, 0x02, 0x00, 0x65,
  0x00, 0x00, 0x02, 0x48, 0x02, 0xdd, 0x00, 0x0c, 0x00, 0x15, 0x00, 0x00,
  0x73, 0x11, 0x33, 0x32, 0x16, 0x16, 0x15, 0x14, 0x06, 0x06, 0x23, 0x23,
  0x11, 0x11, 0x33, 0x32, 0x36, 0x35, 0x34, 0x26, 0x23, 0x23, 0x65, 0xd1,
  0x52, 0x7c, 0x44, 0x44, 0x7a, 0x50, 0x79, 0x6d, 0x60, 0x5e, 0x61, 0x61,
  0x69, 0x02, 0xdd, 0x29, 0x5e, 0x50, 0x4d, 0x64, 0x31, 0xfe, 0xdc, 0x01,
  0x6f, 0x48, 0x4f, 0x50, 0x3c, 0x00, 0x00, 0x03, 0x00, 0x3a, 0xff, 0x48,
  0x02, 0xbc, 0x02, 0xea, 0x00, 0x0f, 0x00, 0x1f, 0x00, 0x2f, 0x00, 0x00,
  0x45, 0x22, 0x26, 0x26, 0x35, 0x34, 0x36, 0x36, 0x33, 0x32, 0x16, 0x16,
  0x15, 0x14, 0x06, 0x06, 0x27, 0x32, 0x36, 0x36, 0x35, 0x34, 0x26, 0x26,
  0x23, 0x22, 0x06, 0x06, 0x15, 0x14, 0x16, 0x16, 0x05, 0x22, 0x26, 0x26,
  0x27, 0x37, 0x1e, 0x02, 0x33, 0x32, 0x36, 0x37, 0x17, 0x06, 0x06, 0x01,
  0x73, 0x5c, 0x8d, 0x50, 0x50, 0x8d, 0x5c, 0x5c, 0x8d, 0x50, 0x50, 0x8d,
  0x5c, 0x42, 0x62, 0x36, 0x36, 0x62, 0x42, 0x41, 0x63, 0x36, 0x36, 0x63,
  0x01, 0x21, 0x45, 0x6e, 0x4b, 0x14, 0x60, 0x0f, 0x37, 0x4b, 0x2b, 0x19,
  0x26, 0x0e, 0x12, 0x10, 0x38, 0x0d, 0x5d, 0xac, 0x75, 0x76, 0xa9, 0x5a,
  0x5b, 0xa8, 0x76, 0x75, 0xac, 0x5d, 0x4d, 0x4a, 0x8a, 0x5d, 0x5c, 0x85,
  0x47, 0x47, 0x85, 0x5c, 0x5d, 0x8a, 0x4a, 0xf8, 0x30, 0x55, 0x35, 0x08,
  0x27, 0x34, 0x1a, 0x06, 0x05, 0x47, 0x07, 0x0a, 0x00, 0x03, 0x00, 0x65,
  0x00, 0x00, 0x02, 0x5f, 0x02, 0xdd, 0x00, 0x0c, 0x00, 0x15, 0x00, 0x19,
  0x00, 0x00, 0x73, 0x11, 0x33, 0x32, 0x16, 0x16, 0x15, 0x14, 0x06, 0x06,
  0x23, 0x23, 0x11, 0x11, 0x33, 0x32, 0x36, 0x35, 0x34, 0x26, 0x23, 0x23,
  0x01, 0x03, 0x37, 0x13, 0x65, 0xe5, 0x4b, 0x73, 0x42, 0x42, 0x73, 0x4b,
  0x89, 0x7b, 0x56, 0x5c, 0x5c, 0x56, 0x7b, 0x01, 0x36, 0xc0, 0x49, 0xdf,
  0x02, 0xdd, 0x27, 0x5a, 0x4c, 0x49, 0x61, 0x2f, 0xfe, 0xc9, 0x01, 0x81,
  0x47, 0x48, 0x48, 0x3a, 0xfd, 0x6e, 0x01, 0x4f, 0x31, 0xfe, 0x80, 0x00,
  0x00, 0x01, 0x00, 0x30, 0xff, 0xf3, 0x02, 0x29, 0x02, 0xea, 0x00, 0x2d,
  0x00, 0x00, 0x45, 0x22, 0x26, 0x27, 0x37, 0x16, 0x16, 0x33, 0x32, 0x36,
  0x35, 0x34, 0x26, 0x26, 0x27, 0x27, 0x2e, 0x02, 0x35, 0x34, 0x36, 0x36,
  0x33, 0x32, 0x16, 0x17, 0x07, 0x26, 0x26, 0x23, 0x22, 0x06, 0x15, 0x14,
  0x16, 0x16, 0x17, 0x17, 0x1e, 0x02, 0x15, 0x14, 0x06, 0x06, 0x01, 0x30,
  0x4e, 0x83, 0x2f, 0x37, 0x27, 0x6a, 0x39, 0x49, 0x51, 0x21, 0x37, 0x23,
  0x69, 0x22, 0x45, 0x2e, 0x3c, 0x68, 0x43, 0x42, 0x6f, 0x26, 0x30, 0x22,
  0x51, 0x34, 0x3e, 0x4b, 0x25, 0x38, 0x1d, 0x68, 0x2a, 0x45, 0x28, 0x3c,
  0x70, 0x0d, 0x3a, 0x32, 0x40, 0x29, 0x32, 0x42, 0x35, 0x27, 0x2e, 0x1f,
  0x0f, 0x2e, 0x0f, 0x2e, 0x4a, 0x35, 0x39, 0x57, 0x32, 0x32, 0x28, 0x3b,
  0x1f, 0x25, 0x39, 0x31, 0x24, 0x2e, 0x1c, 0x0d, 0x2d, 0x12, 0x32, 0x4a,
  0x36, 0x3a, 0x5f, 0x37, 0x00, 0x01, 0x00, 0x1f, 0x00, 0x00, 0x02, 0x38,
  0x02, 0xdd, 0x00, 0x07, 0x00, 0x00, 0x73, 0x11, 0x23, 0x35, 0x21, 0x15,
  0x23, 0x11, 0xfd, 0xde, 0x02, 0x19, 0xde, 0x02, 0x8f, 0x4e, 0x4e, 0xfd,
  0x71, 0x00, 0x00, 0x01, 0x00, 0x62, 0xff, 0xf3, 0x02, 0x70, 0x02, 0xdd,
  0x00, 0x17, 0x00, 0x00, 0x45, 0x22, 0x2e, 0x02, 0x35, 0x11, 0x33, 0x11,
  0x14, 0x16, 0x16, 0x33, 0x32, 0x36, 0x36, 0x35, 0x11, 0x33, 0x11, 0x14,
  0x0e, 0x02, 0x01, 0x69, 0x38, 0x60, 0x47, 0x28, 0x5c, 0x2e, 0x4d, 0x30,
  0x31, 0x4e, 0x2f, 0x59, 0x27, 0x48, 0x60, 0x0d, 0x20, 0x4a, 0x7a, 0x57,
  0x01, 0xaf, 0xfe, 0x4f, 0x58, 0x65, 0x2b, 0x2b, 0x65, 0x58, 0x01, 0xb1,
  0xfe, 0x51, 0x57, 0x7a, 0x4a, 0x20, 0x00, 0x01, 0x00, 0x01, 0x00, 0x00,
  0x02, 0x3f, 0x02, 0xdd, 0x00, 0x0d, 0x00, 0x00, 0x73, 0x03, 0x33, 0x13,
  0x16, 0x16, 0x17, 0x33, 0x36, 0x36, 0x37, 0x13, 0x33, 0x03, 0xeb, 0xea,
  0x61, 0x77, 0x13, 0x1f, 0x15, 0x04, 0x15, 0x1f, 0x13, 0x76, 0x5e, 0xe9,
  0x02, 0xdd, 0xfe, 0x73, 0x40, 0x71, 0x41, 0x41, 0x71, 0x40, 0x01, 0x8d,
  0xfd, 0x23, 0x00, 0x01, 0x00, 0x1a, 0x00, 0x00, 0x03, 0x53, 0x02, 0xdd,
  0x00, 0x21, 0x00, 0x00, 0x73, 0x03, 0x33, 0x13, 0x16, 0x16, 0x17, 0x33,
  0x36, 0x36, 0x37, 0x13, 0x33, 0x13, 0x16, 0x16, 0x17, 0x33, 0x36, 0x36,
  0x37, 0x13, 0x33, 0x03, 0x23, 0x03, 0x26, 0x26, 0x27, 0x23, 0x06, 0x06,
  0x07, 0x03, 0xb5, 0x9b, 0x5f, 0x4d, 0x0b, 0x16, 0x0b, 0x04, 0x0d, 0x1a,
  0x0d, 0x65, 0x55, 0x66, 0x0d, 0x1a, 0x0e, 0x05, 0x0a, 0x14, 0x0a, 0x4f,
  0x58, 0x97, 0x70, 0x6f, 0x0a, 0x11, 0x09, 0x04, 0x08, 0x14, 0x09, 0x6d,
  0x02, 0xdd, 0xfe, 0x71, 0x3b, 0x77, 0x3c, 0x3c, 0x77, 0x3b, 0x01, 0x8f,
  0xfe, 0x71, 0x3b, 0x77, 0x3c, 0x3c, 0x77, 0x3b, 0x01, 0x8f, 0xfd, 0x23,
  0x01, 0xba, 0x2c, 0x51, 0x2a, 0x2a, 0x51, 0x2c, 0xfe, 0x46, 0x00, 0x01,
  0x00, 0x11, 0x00, 0x00, 0x02, 0x2d, 0x02, 0xdd, 0x00, 0x19, 0x00, 0x00,
  0x73, 0x13, 0x03, 0x33, 0x17, 0x16, 0x16, 0x17, 0x33, 0x36, 0x36, 0x37,
  0x37, 0x33, 0x03, 0x13, 0x23, 0x27, 0x26, 0x26, 0x27, 0x23, 0x06, 0x06,
  0x07, 0x07, 0x11, 0xd6, 0xc8, 0x66, 0x64, 0x0e, 0x1a, 0x12, 0x04, 0x0f,
  0x17, 0x0e, 0x62, 0x61, 0xc8, 0xd7, 0x66, 0x6c, 0x0f, 0x1f, 0x12, 0x04,
  0x10, 0x1d, 0x0e, 0x69, 0x01, 0x7b, 0x01, 0x62, 0xbb, 0x1a, 0x31, 0x21,
  0x21, 0x31, 0x1a, 0xbb, 0xfe, 0x99, 0xfe, 0x8a, 0xc6, 0x1b, 0x3a, 0x22,
  0x22, 0x3a, 0x1b, 0xc6, 0x00, 0x01, 0xff, 0xff, 0x00, 0x00, 0x02, 0x14,
  0x02, 0xdd, 0x00, 0x0f, 0x00, 0x00, 0x73, 0x11, 0x03, 0x33, 0x17, 0x16,
  0x16, 0x17, 0x33, 0x36, 0x36, 0x37, 0x37, 0x33, 0x03, 0x11, 0xdb, 0xdc,
  0x62, 0x5f, 0x12, 0x22, 0x14, 0x04, 0x14, 0x24, 0x12, 0x5e, 0x60, 0xdd,
  0x01, 0x1c, 0x01, 0xc1, 0xcf, 0x29, 0x4e, 0x2a, 0x2a, 0x4e, 0x29, 0xcf,
  0xfe, 0x3f, 0xfe, 0xe4, 0x00, 0x01, 0x00, 0x32, 0x00, 0x00, 0x02, 0x2c,
  0x02, 0xdd, 0x00, 0x09, 0x00, 0x00, 0x73, 0x35, 0x01, 0x21, 0x35, 0x21,
  0x15, 0x01, 0x21, 0x15, 0x32, 0x01, 0x83, 0xfe, 0xa0, 0x01, 0xd2, 0xfe,
  0x7d, 0x01, 0x88, 0x38, 0x02, 0x57, 0x4e, 0x37, 0xfd, 0xa9, 0x4f, 0x00,
  0x00, 0x01, 0x00, 0x6a, 0xff, 0x56, 0x01, 0x30, 0x03, 0x18, 0x00, 0x07,
  0x00, 0x00, 0x57, 0x11, 0x33, 0x15, 0x23, 0x11, 0x33, 0x15, 0x6a, 0xc6,
  0x82, 0x82, 0xaa, 0x03, 0xc2, 0x35, 0xfc, 0xa7, 0x34, 0x00, 0x00, 0x01,
  0x00, 0x0f, 0xff, 0x4d, 0x01, 0x7c, 0x03, 0x1a, 0x00, 0x03, 0x00, 0x00,
  0x45, 0x01, 0x33, 0x01, 0x01, 0x3a, 0xfe, 0xd5, 0x42, 0x01, 0x2b, 0xb3,
  0x03, 0xcd, 0xfc, 0x33, 0x00, 0x01, 0x00, 0x22, 0xff, 0x56, 0x00, 0xe9,
  0x03, 0x18, 0x00, 0x07, 0x00, 0x00, 0x57, 0x35, 0x33, 0x11, 0x23, 0x35,
  0x33, 0x11, 0x22, 0x82, 0x82, 0xc7, 0xaa, 0x34, 0x03, 0x59, 0x35, 0xfc,
  0x3e, 0x00, 0x00, 0x01, 0x00, 0x44, 0x01, 0x3d, 0x01, 0xe8, 0x02, 0xed,
  0x00, 0x09, 0x00, 0x00, 0x53, 0x13, 0x33, 0x13, 0x23, 0x27, 0x27, 0x23,
  0x07, 0x07, 0x44, 0xa9, 0x51, 0xaa, 0x50, 0x49, 0x37, 0x05, 0x36, 0x4a,
  0x01, 0x3d, 0x01, 0xb0, 0xfe, 0x50, 0xc5, 0x95, 0x95, 0xc5, 0x00, 0x01,
  0x00, 0x0d, 0xff, 0x74, 0x02, 0x21, 0xff, 0xb0, 0x00, 0x03, 0x00, 0x00,
  0x57, 0x35, 0x21, 0x15, 0x0d, 0x02, 0x14, 0x8c, 0x3c, 0x3c, 0x00, 0x01,
  0x00, 0x90, 0x02, 0x80, 0x01, 0x6e, 0x03, 0x68, 0x00, 0x03, 0x00, 0x00,
  0x41, 0x27, 0x37, 0x17, 0x01, 0x3f, 0xaf, 0x40, 0x9e, 0x02, 0x80, 0xac,
  0x3c, 0xba, 0x00, 0x02, 0x00, 0x3b, 0xff, 0xf3, 0x01, 0xe3, 0x02, 0x2d,
  0x00, 0x1d, 0x00, 0x28, 0x00, 0x00, 0x57, 0x22, 0x26, 0x26, 0x35, 0x34,
  0x36, 0x37, 0x34, 0x26, 0x26, 0x23, 0x22, 0x06, 0x07, 0x27, 0x3e, 0x02,
  0x33, 0x32, 0x16, 0x16, 0x15, 0x11, 0x23, 0x27, 0x23, 0x06, 0x06, 0x27,
  0x32, 0x36, 0x37, 0x35, 0x0e, 0x02, 0x15, 0x14, 0x16, 0xd9, 0x2d, 0x48,
  0x29, 0x9f, 0xae, 0x13, 0x30, 0x2d, 0x2f, 0x53, 0x21, 0x23, 0x19, 0x42,
  0x4e, 0x2c, 0x42, 0x53, 0x27, 0x4b, 0x08, 0x03, 0x26, 0x5b, 0x19, 0x27,
  0x47, 0x27, 0x5b, 0x6c, 0x2e, 0x38, 0x0d, 0x24, 0x45, 0x31, 0x59, 0x5f,
  0x13, 0x23, 0x3f, 0x27, 0x25, 0x15, 0x3f, 0x10, 0x21, 0x16, 0x38, 0x63,
  0x44, 0xfe, 0xb2, 0x41, 0x20, 0x2e, 0x4a, 0x24, 0x23, 0x97, 0x0a, 0x25,
  0x35, 0x24, 0x2f, 0x27, 0x00, 0x02, 0x00, 0x5c, 0xff, 0xf3, 0x02, 0x37,
  0x03, 0x1c, 0x00, 0x14, 0x00, 0x23, 0x00, 0x00, 0x45, 0x22, 0x26, 0x27,
  0x23, 0x07, 0x23, 0x11, 0x33, 0x15, 0x07, 0x36, 0x36, 0x33, 0x32, 0x16,
  0x16, 0x15, 0x14, 0x06, 0x06, 0x27, 0x32, 0x36, 0x36, 0x35, 0x34, 0x26,
  0x26, 0x23, 0x22, 0x06, 0x07, 0x11, 0x16, 0x16, 0x01, 0x4b, 0x25, 0x52,
  0x23, 0x04, 0x08, 0x49, 0x5c, 0x04, 0x25, 0x58, 0x2e, 0x46, 0x60, 0x32,
  0x43, 0x6b, 0x4d, 0x2d, 0x47, 0x28, 0x1d, 0x3e, 0x35, 0x22, 0x48, 0x26,
  0x23, 0x47, 0x0d, 0x24, 0x21, 0x38, 0x03, 0x1c, 0xda, 0x61, 0x20, 0x2c,
  0x45, 0x7c, 0x54, 0x5c, 0x84, 0x45, 0x4d, 0x33, 0x61, 0x43, 0x3c, 0x5b,
  0x32, 0x26, 0x24, 0xfe, 0xe2, 0x1f, 0x19, 0x00, 0x00, 0x01, 0x00, 0x34,
  0xff, 0xf3, 0x01, 0xe2, 0x02, 0x2d, 0x00, 0x1d, 0x00, 0x00, 0x45, 0x22,
  0x26, 0x26, 0x35, 0x34, 0x36, 0x36, 0x33, 0x32, 0x16, 0x17, 0x07, 0x26,
  0x26, 0x23, 0x22, 0x06, 0x06, 0x15, 0x14, 0x16, 0x16, 0x33, 0x32, 0x36,
  0x37, 0x17, 0x06, 0x06, 0x01, 0x32, 0x48, 0x73, 0x43, 0x48, 0x78, 0x45,
  0x35, 0x4d, 0x1c, 0x2e, 0x17, 0x35, 0x20, 0x31, 0x4e, 0x2c, 0x2b, 0x4b,
  0x32, 0x26, 0x40, 0x1a, 0x28, 0x25, 0x5a, 0x0d, 0x43, 0x7f, 0x5a, 0x5b,
  0x7f, 0x44, 0x26, 0x1a, 0x3c, 0x15, 0x1a, 0x34, 0x5e, 0x3f, 0x3e, 0x5e,
  0x34, 0x1f, 0x17, 0x3e, 0x20, 0x24, 0x00, 0x02, 0x00, 0x35, 0xff, 0xf3,
  0x02, 0x10, 0x03, 0x1c, 0x00, 0x14, 0x00, 0x23, 0x00, 0x00, 0x45, 0x22,
  0x26, 0x26, 0x35, 0x34, 0x36, 0x36, 0x33, 0x32, 0x16, 0x17, 0x27, 0x35,
  0x33, 0x11, 0x23, 0x27, 0x23, 0x06, 0x06, 0x27, 0x32, 0x36, 0x37, 0x11,
  0x26, 0x26, 0x23, 0x22, 0x06, 0x06, 0x15, 0x14, 0x16, 0x16, 0x01, 0x15,
  0x44, 0x65, 0x37, 0x42, 0x6b, 0x3e, 0x30, 0x45, 0x24, 0x05, 0x5c, 0x4b,
  0x08, 0x03, 0x20, 0x54, 0x1d, 0x26, 0x44, 0x21, 0x22, 0x40, 0x22, 0x2b,
  0x47, 0x2b, 0x24, 0x43, 0x0d, 0x42, 0x7f, 0x5b, 0x58, 0x80, 0x46, 0x21,
  0x1e, 0x5d, 0xd1, 0xfc, 0xe4, 0x40, 0x20, 0x2d, 0x4d, 0x25, 0x25, 0x01,
  0x1d, 0x1f, 0x1a, 0x35, 0x5d, 0x3e, 0x41, 0x5e, 0x31, 0x00, 0x00, 0x02,
  0x00, 0x34, 0xff, 0xf3, 0x02, 0x00, 0x02, 0x2d, 0x00, 0x1b, 0x00, 0x23,
  0x00, 0x00, 0x45, 0x22, 0x26, 0x26, 0x35, 0x34, 0x3e, 0x02, 0x33, 0x32,
  0x16, 0x16, 0x15, 0x14, 0x06, 0x07, 0x21, 0x1e, 0x02, 0x33, 0x32, 0x36,
  0x37, 0x17, 0x06, 0x06, 0x03, 0x21, 0x34, 0x26, 0x23, 0x22, 0x06, 0x06,
  0x01, 0x38, 0x49, 0x76, 0x45, 0x28, 0x45, 0x58, 0x2e, 0x46, 0x60, 0x33,
  0x02, 0x02, 0xfe, 0x92, 0x03, 0x2f, 0x4e, 0x34, 0x28, 0x41, 0x1f, 0x20,
  0x23, 0x58, 0xe2, 0x01, 0x23, 0x47, 0x40, 0x26, 0x43, 0x2d, 0x0d, 0x44,
  0x7f, 0x59, 0x43, 0x69, 0x4b, 0x27, 0x3e, 0x73, 0x4e, 0x0f, 0x1a, 0x0b,
  0x3a, 0x55, 0x2f, 0x17, 0x14, 0x3d, 0x17, 0x20, 0x01, 0x48, 0x52, 0x57,
  0x28, 0x4a, 0x00, 0x02, 0x00, 0x21, 0x00, 0x00, 0x01, 0x64, 0x03, 0x29,
  0x00, 0x0f, 0x00, 0x14, 0x00, 0x00, 0x73, 0x11, 0x34, 0x36, 0x36, 0x33,
  0x32, 0x16, 0x17, 0x07, 0x26, 0x23, 0x22, 0x06, 0x15, 0x11, 0x03, 0x35,
  0x37, 0x33, 0x15, 0x6b, 0x22, 0x46, 0x36, 0x19, 0x2f, 0x13, 0x14, 0x1e,
  0x1f, 0x27, 0x26, 0xa5, 0x4e, 0xca, 0x02, 0x76, 0x37, 0x50, 0x2c, 0x0a,
  0x07, 0x47, 0x0f, 0x36, 0x35, 0xfd, 0x8b, 0x01, 0xd5, 0x45, 0x05, 0x4a,
  0x00, 0x03, 0x00, 0x33, 0xff, 0x06, 0x02, 0x26, 0x02, 0x2d, 0x00, 0x33,
  0x00, 0x43, 0x00, 0x54, 0x00, 0x00, 0x45, 0x22, 0x26, 0x26, 0x35, 0x34,
  0x36, 0x37, 0x35, 0x26, 0x26, 0x35, 0x34, 0x36, 0x37, 0x35, 0x26, 0x26,
  0x35, 0x34, 0x36, 0x36, 0x33, 0x32, 0x16, 0x17, 0x33, 0x15, 0x23, 0x16,
  0x16, 0x15, 0x14, 0x06, 0x06, 0x23, 0x22, 0x26, 0x27, 0x06, 0x06, 0x15,
  0x14, 0x16, 0x33, 0x33, 0x32, 0x16, 0x15, 0x14, 0x06, 0x06, 0x03, 0x32,
  0x36, 0x36, 0x35, 0x34, 0x26, 0x26, 0x23, 0x22, 0x06, 0x06, 0x15, 0x14,
  0x16, 0x16, 0x13, 0x32, 0x36, 0x36, 0x35, 0x34, 0x26, 0x23, 0x23, 0x22,
  0x26, 0x27, 0x06, 0x06, 0x15, 0x14, 0x16, 0x01, 0x13, 0x42, 0x66, 0x38,
  0x2a, 0x26, 0x15, 0x1c, 0x27, 0x15, 0x1b, 0x2c, 0x38, 0x5d, 0x36, 0x18,
  0x27, 0x0e, 0xbd, 0x6f, 0x14, 0x18, 0x35, 0x5a, 0x38, 0x13, 0x2b, 0x12,
  0x0f, 0x14, 0x28, 0x37, 0x6b, 0x5e, 0x5f, 0x44, 0x7b, 0x55, 0x20, 0x35,
  0x1f, 0x1f, 0x34, 0x21, 0x1f, 0x35, 0x1f, 0x20, 0x34, 0x2d, 0x34, 0x4d,
  0x2b, 0x38, 0x36, 0x5e, 0x0f, 0x25, 0x12, 0x1d, 0x1a, 0x53, 0xfa, 0x22,
  0x41, 0x2e, 0x23, 0x41, 0x17, 0x05, 0x0d, 0x2c, 0x20, 0x22, 0x34, 0x0f,
  0x04, 0x15, 0x4c, 0x31, 0x3c, 0x57, 0x2f, 0x08, 0x06, 0x46, 0x13, 0x3a,
  0x23, 0x3a, 0x55, 0x2e, 0x0a, 0x09, 0x0c, 0x1e, 0x17, 0x19, 0x22, 0x3e,
  0x43, 0x32, 0x56, 0x34, 0x01, 0xe4, 0x20, 0x3a, 0x27, 0x28, 0x39, 0x1e,
  0x1e, 0x38, 0x29, 0x27, 0x3a, 0x20, 0xfe, 0x5b, 0x20, 0x33, 0x1b, 0x27,
  0x1e, 0x03, 0x05, 0x14, 0x31, 0x17, 0x2b, 0x34, 0x00, 0x01, 0x00, 0x5c,
  0x00, 0x00, 0x02, 0x0e, 0x03, 0x1c, 0x00, 0x14, 0x00, 0x00, 0x73, 0x11,
  0x33, 0x15, 0x07, 0x36, 0x36, 0x33, 0x32, 0x16, 0x15, 0x11, 0x23, 0x11,
  0x34, 0x26, 0x23, 0x22, 0x06, 0x07, 0x11, 0x5c, 0x5c, 0x04, 0x26, 0x56,
  0x38, 0x56, 0x50, 0x5b, 0x31, 0x36, 0x2a, 0x42, 0x28, 0x03, 0x1c, 0xda,
  0x70, 0x26, 0x35, 0x6d, 0x68, 0xfe, 0xa8, 0x01, 0x4c, 0x4d, 0x44, 0x2a,
  0x29, 0xfe, 0x76, 0x00, 0x00, 0x02, 0x00, 0x4e, 0x00, 0x00, 0x00, 0xc7,
  0x03, 0x07, 0x00, 0x03, 0x00, 0x0f, 0x00, 0x00, 0x73, 0x11, 0x33, 0x11,
  0x03, 0x22, 0x26, 0x35, 0x34, 0x36, 0x33, 0x32, 0x16, 0x15, 0x14, 0x06,
  0x5c, 0x5c, 0x2e, 0x1b, 0x21, 0x21, 0x1b, 0x1b, 0x22, 0x22, 0x02, 0x1f,
  0xfd, 0xe1, 0x02, 0x8f, 0x21, 0x1c, 0x1b, 0x20, 0x20, 0x1b, 0x1c, 0x21,
  0x00, 0x02, 0xff, 0xd4, 0xff, 0x0e, 0x00, 0xc7, 0x03, 0x07, 0x00, 0x10,
  0x00, 0x1c, 0x00, 0x00, 0x57, 0x22, 0x26, 0x27, 0x37, 0x16, 0x16, 0x33,
  0x32, 0x36, 0x35, 0x11, 0x33, 0x11, 0x14, 0x06, 0x06, 0x13, 0x22, 0x26,
  0x35, 0x34, 0x36, 0x33, 0x32, 0x16, 0x15, 0x14, 0x06, 0x23, 0x18, 0x29,
  0x0e, 0x12, 0x0a, 0x1c, 0x0e, 0x29, 0x1a, 0x5b, 0x1d, 0x42, 0x31, 0x1b,
  0x22, 0x22, 0x1b, 0x1a, 0x23, 0x23, 0xf2, 0x08, 0x06, 0x45, 0x04, 0x06,
  0x3a, 0x31, 0x02, 0x5d, 0xfd, 0xa3, 0x37, 0x51, 0x2c, 0x03, 0x81, 0x21,
  0x1c, 0x1b, 0x20, 0x20, 0x1b, 0x1c, 0x21, 0x00, 0x00, 0x01, 0x00, 0x5c,
  0x00, 0x00, 0x02, 0x1e, 0x03, 0x1c, 0x00, 0x0c, 0x00, 0x00, 0x73, 0x11,
  0x33, 0x11, 0x33, 0x13, 0x33, 0x07, 0x13, 0x23, 0x03, 0x07, 0x15, 0x5c,
  0x5a, 0x04, 0xe6, 0x66, 0xb5, 0xcd, 0x63, 0x9f, 0x66, 0x03, 0x1c, 0xfd,
  0xe5, 0x01, 0x1e, 0xdb, 0xfe, 0xbc, 0x01, 0x06, 0x77, 0x8f, 0x00, 0x01,
  0x00, 0x5c, 0xff, 0xf3, 0x00, 0xf1, 0x03, 0x1c, 0x00, 0x10, 0x00, 0x00,
  0x57, 0x22, 0x26, 0x26, 0x35, 0x11, 0x33, 0x11, 0x14, 0x16, 0x33, 0x32,
  0x36, 0x37, 0x17, 0x06, 0x06, 0xbc, 0x22, 0x2a, 0x14, 0x5c, 0x0f, 0x0a,
  0x04, 0x08, 0x07, 0x0d, 0x0a, 0x18, 0x0d, 0x1c, 0x37, 0x26, 0x02, 0xb0,
  0xfd, 0x4a, 0x15, 0x12, 0x01, 0x01, 0x46, 0x03, 0x05, 0x00, 0x00, 0x01,
  0x00, 0x5c, 0x00, 0x00, 0x03, 0x49, 0x02, 0x2d, 0x00, 0x23, 0x00, 0x00,
  0x73, 0x11, 0x33, 0x17, 0x33, 0x36, 0x36, 0x33, 0x32, 0x16, 0x17, 0x36,
  0x36, 0x33, 0x32, 0x16, 0x15, 0x11, 0x23, 0x11, 0x34, 0x26, 0x23, 0x22,
  0x06, 0x07, 0x11, 0x23, 0x11, 0x34, 0x26, 0x23, 0x22, 0x06, 0x07, 0x11,
  0x5c, 0x4b, 0x09, 0x02, 0x24, 0x55, 0x30, 0x3f, 0x46, 0x11, 0x2b, 0x57,
  0x32, 0x53, 0x51, 0x5b, 0x31, 0x34, 0x1f, 0x43, 0x27, 0x5b, 0x31, 0x34,
  0x1f, 0x44, 0x25, 0x02, 0x1f, 0x4f, 0x27, 0x36, 0x38, 0x30, 0x2e, 0x3a,
  0x6d, 0x68, 0xfe, 0xa8, 0x01, 0x4c, 0x4d, 0x44, 0x29, 0x2a, 0xfe, 0x76,
  0x01, 0x4c, 0x4d, 0x44, 0x29, 0x2a, 0xfe, 0x76, 0x00, 0x01, 0x00, 0x5c,
  0x00, 0x00, 0x02, 0x0e, 0x02, 0x2d, 0x00, 0x14, 0x00, 0x00, 0x73, 0x11,
  0x33, 0x17, 0x33, 0x36, 0x36, 0x33, 0x32, 0x16, 0x15, 0x11, 0x23, 0x11,
  0x34, 0x26, 0x23, 0x22, 0x06, 0x07, 0x11, 0x5c, 0x4b, 0x09, 0x02, 0x27,
  0x57, 0x38, 0x56, 0x50, 0x5b, 0x31, 0x36, 0x2a, 0x42, 0x28, 0x02, 0x1f,
  0x4f, 0x27, 0x36, 0x6d, 0x68, 0xfe, 0xa8, 0x01, 0x4c, 0x4d, 0x44, 0x2a,
  0x29, 0xfe, 0x76, 0x00, 0x00, 0x02, 0x00, 0x34, 0xff, 0xf3, 0x02, 0x2a,
  0x02, 0x2d, 0x00, 0x10, 0x00, 0x20, 0x00, 0x00, 0x45, 0x22, 0x26, 0x26,
  0x35, 0x34, 0x36, 0x36, 0x33, 0x32, 0x1e, 0x02, 0x15, 0x14, 0x06, 0x06,
  0x27, 0x32, 0x36, 0x36, 0x35, 0x34, 0x26, 0x26, 0x23, 0x22, 0x06, 0x06,
  0x15, 0x14, 0x16, 0x16, 0x01, 0x2f, 0x42, 0x74, 0x45, 0x45, 0x74, 0x42,
  0x32, 0x5b, 0x46, 0x28, 0x46, 0x72, 0x43, 0x2f, 0x47, 0x28, 0x28, 0x47,
  0x2f, 0x2f, 0x47, 0x27, 0x27, 0x47, 0x0d, 0x43, 0x7f, 0x5a, 0x5b, 0x7f,
  0x44, 0x26, 0x4a, 0x6a, 0x44, 0x5a, 0x7f, 0x43, 0x4c, 0x34, 0x5e, 0x3e,
  0x3f, 0x5e, 0x34, 0x34, 0x5e, 0x3f, 0x3e, 0x5e, 0x34, 0x00, 0x00, 0x02,
  0x00, 0x5c, 0xff, 0x1b, 0x02, 0x37, 0x02, 0x2d, 0x00, 0x14, 0x00, 0x23,
  0x00, 0x00, 0x57, 0x11, 0x33, 0x17, 0x33, 0x36, 0x36, 0x33, 0x32, 0x16,
  0x16, 0x15, 0x14, 0x06, 0x06, 0x23, 0x22, 0x26, 0x27, 0x17, 0x15, 0x13,
  0x32, 0x36, 0x36, 0x35, 0x34, 0x26, 0x26, 0x23, 0x22, 0x06, 0x07, 0x11,
  0x16, 0x16, 0x5c, 0x4b, 0x09, 0x02, 0x25, 0x59, 0x2f, 0x46, 0x61, 0x31,
  0x43, 0x6b, 0x3e, 0x25, 0x4c, 0x25, 0x03, 0x84, 0x2d, 0x47, 0x28, 0x1d,
  0x3e, 0x35, 0x22, 0x47, 0x27, 0x24, 0x46, 0xe5, 0x03, 0x04, 0x3f, 0x1f,
  0x2e, 0x45, 0x7c, 0x54, 0x5d, 0x83, 0x45, 0x21, 0x1e, 0x5f, 0xb8, 0x01,
  0x25, 0x33, 0x61, 0x43, 0x3c, 0x5b, 0x32, 0x26, 0x24, 0xfe, 0xe2, 0x1f,
  0x19, 0x00, 0x00, 0x02, 0x00, 0x35, 0xff, 0x1b, 0x02, 0x10, 0x02, 0x2d,
  0x00, 0x14, 0x00, 0x23, 0x00, 0x00, 0x45, 0x35, 0x37, 0x06, 0x06, 0x23,
  0x22, 0x26, 0x26, 0x35, 0x34, 0x36, 0x36, 0x33, 0x32, 0x16, 0x17, 0x33,
  0x37, 0x33, 0x11, 0x03, 0x32, 0x36, 0x37, 0x11, 0x26, 0x26, 0x23, 0x22,
  0x06, 0x06, 0x15, 0x14, 0x16, 0x16, 0x01, 0xb4, 0x05, 0x21, 0x53, 0x30,
  0x44, 0x65, 0x37, 0x42, 0x6b, 0x3e, 0x30, 0x48, 0x24, 0x02, 0x09, 0x49,
  0xe7, 0x26, 0x44, 0x21, 0x22, 0x40, 0x22, 0x2b, 0x47, 0x2b, 0x24, 0x43,
  0xe5, 0xc1, 0x63, 0x20, 0x2c, 0x42, 0x7f, 0x5b, 0x58, 0x80, 0x46, 0x21,
  0x20, 0x33, 0xfc, 0xfc, 0x01, 0x25, 0x25, 0x25, 0x01, 0x1d, 0x1f, 0x1a,
  0x35, 0x5d, 0x3e, 0x41, 0x5e, 0x31, 0x00, 0x01, 0x00, 0x5c, 0x00, 0x00,
  0x01, 0x86, 0x02, 0x2d, 0x00, 0x12, 0x00, 0x00, 0x73, 0x11, 0x33, 0x17,
  0x33, 0x36, 0x36, 0x33, 0x32, 0x16, 0x17, 0x07, 0x26, 0x26, 0x23, 0x22,
  0x06, 0x07, 0x11, 0x5c, 0x4b, 0x09, 0x02, 0x1c, 0x51, 0x2d, 0x13, 0x1b,
  0x0c, 0x11, 0x0e, 0x16, 0x11, 0x21, 0x4c, 0x1b, 0x02, 0x1f, 0x63, 0x34,
  0x3d, 0x05, 0x07, 0x4f, 0x04, 0x05, 0x39, 0x45, 0xfe, 0xa3, 0x00, 0x01,
  0x00, 0x20, 0xff, 0xf3, 0x01, 0xaf, 0x02, 0x2d, 0x00, 0x2c, 0x00, 0x00,
  0x57, 0x22, 0x26, 0x27, 0x37, 0x16, 0x16, 0x33, 0x32, 0x36, 0x35, 0x34,
  0x26, 0x26, 0x27, 0x2e, 0x02, 0x35, 0x34, 0x36, 0x36, 0x33, 0x32, 0x16,
  0x17, 0x07, 0x26, 0x26, 0x23, 0x22, 0x06, 0x15, 0x14, 0x16, 0x16, 0x17,
  0x1e, 0x03, 0x15, 0x14, 0x06, 0x06, 0xea, 0x39, 0x6b, 0x26, 0x2c, 0x24,
  0x4c, 0x31, 0x36, 0x35, 0x25, 0x39, 0x1e, 0x26, 0x49, 0x2f, 0x2c, 0x54,
  0x3b, 0x32, 0x57, 0x1f, 0x2c, 0x1c, 0x3b, 0x24, 0x34, 0x31, 0x21, 0x36,
  0x1e, 0x1e, 0x3b, 0x2f, 0x1d, 0x2d, 0x57, 0x0d, 0x2b, 0x20, 0x3d, 0x1d,
  0x24, 0x31, 0x24, 0x1c, 0x25, 0x1b, 0x0b, 0x0f, 0x25, 0x3b, 0x2e, 0x2c,
  0x45, 0x29, 0x24, 0x1a, 0x39, 0x14, 0x1c, 0x2f, 0x20, 0x19, 0x22, 0x17,
  0x0c, 0x0b, 0x1a, 0x24, 0x35, 0x27, 0x2c, 0x4a, 0x2b, 0x00, 0x00, 0x01,
  0x00, 0x1b, 0xff, 0xf3, 0x01, 0x6b, 0x02, 0xb8, 0x00, 0x18, 0x00, 0x00,
  0x45, 0x22, 0x26, 0x26, 0x35, 0x11, 0x23, 0x35, 0x37, 0x37, 0x33, 0x15,
  0x33, 0x15, 0x23, 0x11, 0x14, 0x16, 0x33, 0x32, 0x36, 0x37, 0x17, 0x06,
  0x06, 0x01, 0x06, 0x39, 0x44, 0x1d, 0x51, 0x56, 0x0a, 0x4c, 0x94, 0x94,
  0x25, 0x2f, 0x0f, 0x22, 0x0d, 0x12, 0x17, 0x34, 0x0d, 0x2d, 0x52, 0x36,
  0x01, 0x2d, 0x45, 0x05, 0x99, 0x99, 0x4a, 0xfe, 0xd0, 0x31, 0x37, 0x09,
  0x06, 0x45, 0x08, 0x0c, 0x00, 0x01, 0x00, 0x54, 0xff, 0xf3, 0x02, 0x04,
  0x02, 0x1f, 0x00, 0x14, 0x00, 0x00, 0x57, 0x22, 0x26, 0x35, 0x11, 0x33,
  0x11, 0x14, 0x16, 0x33, 0x32, 0x36, 0x37, 0x11, 0x33, 0x11, 0x23, 0x27,
  0x23, 0x06, 0x06, 0xfb, 0x56, 0x51, 0x5c, 0x30, 0x36, 0x2a, 0x42, 0x27,
  0x5b, 0x4c, 0x07, 0x03, 0x26, 0x55, 0x0d, 0x6c, 0x68, 0x01, 0x58, 0xfe,
  0xb3, 0x4b, 0x45, 0x2c, 0x30, 0x01, 0x81, 0xfd, 0xe1, 0x55, 0x2c, 0x36,
  0x00, 0x01, 0x00, 0x0d, 0x00, 0x00, 0x01, 0xfc, 0x02, 0x1f, 0x00, 0x0d,
  0x00, 0x00, 0x73, 0x03, 0x33, 0x13, 0x16, 0x16, 0x17, 0x33, 0x36, 0x36,
  0x37, 0x13, 0x33, 0x03, 0xd1, 0xc4, 0x5f, 0x66, 0x0d, 0x19, 0x0c, 0x05,
  0x0d, 0x19, 0x0c, 0x67, 0x5a, 0xc0, 0x02, 0x1f, 0xfe, 0xcb, 0x28, 0x51,
  0x27, 0x27, 0x51, 0x28, 0x01, 0x35, 0xfd, 0xe1, 0x00, 0x01, 0x00, 0x1b,
  0x00, 0x00, 0x03, 0x08, 0x02, 0x1f, 0x00, 0x21, 0x00, 0x00, 0x73, 0x03,
  0x33, 0x13, 0x16, 0x16, 0x17, 0x33, 0x36, 0x36, 0x37, 0x13, 0x33, 0x13,
  0x16, 0x16, 0x17, 0x33, 0x36, 0x36, 0x37, 0x13, 0x33, 0x03, 0x23, 0x03,
  0x26, 0x26, 0x27, 0x23, 0x06, 0x06, 0x07, 0x03, 0xb2, 0x97, 0x5d, 0x51,
  0x09, 0x0f, 0x08, 0x05, 0x09, 0x11, 0x0a, 0x55, 0x59, 0x55, 0x0a, 0x13,
  0x09, 0x05, 0x08, 0x10, 0x09, 0x4f, 0x58, 0x93, 0x6f, 0x4e, 0x0a, 0x12,
  0x09, 0x05, 0x09, 0x11, 0x0b, 0x4d, 0x02, 0x1f, 0xfe, 0xc6, 0x27, 0x4a,
  0x26, 0x26, 0x4a, 0x27, 0x01, 0x3a, 0xfe, 0xc6, 0x27, 0x4a, 0x26, 0x26,
  0x4a, 0x27, 0x01, 0x3a, 0xfd, 0xe1, 0x01, 0x25, 0x26, 0x4d, 0x29, 0x29,
  0x4e, 0x27, 0xfe, 0xdd, 0x00, 0x01, 0x00, 0x0f, 0x00, 0x00, 0x01, 0xe3,
  0x02, 0x1f, 0x00, 0x19, 0x00, 0x00, 0x73, 0x13, 0x03, 0x33, 0x17, 0x16,
  0x16, 0x17, 0x33, 0x36, 0x36, 0x37, 0x37, 0x33, 0x03, 0x13, 0x23, 0x27,
  0x26, 0x26, 0x27, 0x23, 0x06, 0x06, 0x07, 0x07, 0x0f, 0xb3, 0xa5, 0x63,
  0x49, 0x0c, 0x1b, 0x0e, 0x05, 0x0b, 0x19, 0x0c, 0x43, 0x5f, 0xa5, 0xb3,
  0x64, 0x50, 0x0e, 0x1d, 0x10, 0x05, 0x0d, 0x1b, 0x0f, 0x49, 0x01, 0x1b,
  0x01, 0x04, 0x77, 0x17, 0x2d, 0x17, 0x17, 0x2d, 0x17, 0x77, 0xfe, 0xf3,
  0xfe, 0xee, 0x7f, 0x19, 0x31, 0x17, 0x17, 0x31, 0x19, 0x7f, 0x00, 0x01,
  0x00, 0x0d, 0xff, 0x16, 0x01, 0xfc, 0x02, 0x1f, 0x00, 0x1b, 0x00, 0x00,
  0x57, 0x22, 0x26, 0x27, 0x37, 0x16, 0x16, 0x33, 0x32, 0x36, 0x37, 0x37,
  0x03, 0x33, 0x13, 0x16, 0x16, 0x17, 0x33, 0x36, 0x36, 0x37, 0x13, 0x33,
  0x03, 0x0e, 0x02, 0x65, 0x13, 0x20, 0x0d, 0x12, 0x08, 0x16, 0x0c, 0x2e,
  0x3b, 0x11, 0x0c, 0xda, 0x5f, 0x6e, 0x0d, 0x1b, 0x0e, 0x05, 0x0b, 0x17,
  0x0a, 0x62, 0x59, 0xcc, 0x13, 0x36, 0x4c, 0xea, 0x06, 0x05, 0x49, 0x03,
  0x06, 0x43, 0x32, 0x29, 0x02, 0x20, 0xfe, 0xd3, 0x24, 0x50, 0x26, 0x26,
  0x4f, 0x25, 0x01, 0x2d, 0xfd, 0xb3, 0x35, 0x55, 0x32, 0x00, 0x00, 0x01,
  0x00, 0x23, 0x00, 0x00, 0x01, 0xbe, 0x02, 0x1f, 0x00, 0x09, 0x00, 0x00,
  0x73, 0x35, 0x01, 0x23, 0x35, 0x21, 0x15, 0x01, 0x21, 0x15, 0x23, 0x01,
  0x1e, 0xff, 0x01, 0x73, 0xfe, 0xe1, 0x01, 0x28, 0x31, 0x01, 0xa4, 0x4a,
  0x31, 0xfe, 0x5c, 0x4a, 0x00, 0x01, 0x00, 0x26, 0xff, 0x56, 0x01, 0x30,
  0x03, 0x18, 0x00, 0x30, 0x00, 0x00, 0x57, 0x22, 0x26, 0x26, 0x35, 0x34,
  0x36, 0x36, 0x35, 0x34, 0x26, 0x26, 0x23, 0x35, 0x32, 0x36, 0x36, 0x35,
  0x34, 0x26, 0x26, 0x35, 0x34, 0x36, 0x33, 0x33, 0x15, 0x23, 0x22, 0x06,
  0x15, 0x14, 0x16, 0x15, 0x14, 0x06, 0x07, 0x15, 0x16, 0x16, 0x15, 0x14,
  0x06, 0x15, 0x14, 0x16, 0x33, 0x33, 0x15, 0xfe, 0x2c, 0x3a, 0x1c, 0x05,
  0x05, 0x11, 0x28, 0x27, 0x27, 0x28, 0x11, 0x05, 0x05, 0x41, 0x41, 0x32,
  0x1d, 0x2d, 0x1f, 0x06, 0x1e, 0x25, 0x25, 0x1e, 0x06, 0x1f, 0x2d, 0x1d,
  0xaa, 0x1a, 0x41, 0x39, 0x29, 0x46, 0x44, 0x25, 0x17, 0x27, 0x1a, 0x3a,
  0x1a, 0x27, 0x15, 0x26, 0x44, 0x46, 0x28, 0x57, 0x3f, 0x35, 0x30, 0x36,
  0x33, 0x5e, 0x3a, 0x36, 0x39, 0x0a, 0x05, 0x0a, 0x3a, 0x35, 0x39, 0x5f,
  0x33, 0x35, 0x31, 0x34, 0x00, 0x01, 0x00, 0x67, 0xfe, 0xe9, 0x00, 0xa7,
  0x03, 0x46, 0x00, 0x03, 0x00, 0x00, 0x53, 0x11, 0x33, 0x11, 0x67, 0x40,
  0xfe, 0xe9, 0x04, 0x5d, 0xfb, 0xa3, 0x00, 0x01, 0x00, 0x22, 0xff, 0x56,
  0x01, 0x2c, 0x03, 0x18, 0x00, 0x2f, 0x00, 0x00, 0x57, 0x35, 0x33, 0x32,
  0x36, 0x35, 0x34, 0x26, 0x35, 0x34, 0x36, 0x37, 0x35, 0x26, 0x26, 0x35,
  0x34, 0x36, 0x35, 0x34, 0x26, 0x23, 0x23, 0x35, 0x33, 0x32, 0x16, 0x15,
  0x14, 0x06, 0x06, 0x15, 0x14, 0x16, 0x16, 0x33, 0x15, 0x22, 0x06, 0x06,
  0x15, 0x14, 0x16, 0x16, 0x15, 0x14, 0x06, 0x23, 0x22, 0x1d, 0x2e, 0x1e,
  0x05, 0x1e, 0x24, 0x24, 0x1e, 0x05, 0x1e, 0x2e, 0x1d, 0x32, 0x42, 0x41,
  0x05, 0x05, 0x10, 0x2a, 0x25, 0x25, 0x2a, 0x10, 0x05, 0x05, 0x41, 0x42,
  0xaa, 0x34, 0x31, 0x35, 0x33, 0x5f, 0x39, 0x35, 0x3a, 0x0a, 0x05, 0x0a,
  0x39, 0x36, 0x3a, 0x5e, 0x33, 0x36, 0x30, 0x35, 0x3f, 0x57, 0x28, 0x46,
  0x44, 0x26, 0x15, 0x27, 0x1a, 0x3a, 0x1a, 0x27, 0x17, 0x25, 0x44, 0x46,
  0x29, 0x56, 0x3e, 0x00, 0x00, 0x01, 0x00, 0x29, 0x01, 0x1f, 0x02, 0x03,
  0x01, 0xc3, 0x00, 0x17, 0x00, 0x00, 0x41, 0x22, 0x2e, 0x02, 0x23, 0x22,
  0x06, 0x07, 0x27, 0x36, 0x36, 0x33, 0x32, 0x1e, 0x02, 0x33, 0x32, 0x36,
  0x37, 0x17, 0x06, 0x06, 0x01, 0x78, 0x21, 0x35, 0x2e, 0x2b, 0x18, 0x18,
  0x2a, 0x13, 0x33, 0x1e, 0x49, 0x24, 0x21, 0x35, 0x2d, 0x2b, 0x18, 0x18,
  0x2b, 0x13, 0x33, 0x1e, 0x49, 0x01, 0x1f, 0x1d, 0x25, 0x1d, 0x20, 0x24,
  0x24, 0x35, 0x30, 0x1d, 0x25, 0x1d, 0x1f, 0x25, 0x25, 0x34, 0x30, 0x00,
  0x00, 0x01, 0x00, 0x34, 0xff, 0xc8, 0x01, 0x55, 0x00, 0xe0, 0x00, 0x09,
  0x00, 0x00, 0x45, 0x2e, 0x02, 0x27, 0x37, 0x1e, 0x02, 0x17, 0x01, 0x11,
  0x20, 0x4c, 0x4d, 0x24, 0x41, 0x24, 0x50, 0x4d, 0x1f, 0x38, 0x28, 0x50,
  0x4a, 0x1d, 0x39, 0x1d, 0x4c, 0x50, 0x25, 0x00, 0x00, 0x02, 0x00, 0x2a,
  0xff, 0xc3, 0x01, 0x5b, 0x00, 0xf4, 0x00, 0x0f, 0x00, 0x1e, 0x00, 0x00,
  0x77, 0x32, 0x16, 0x16, 0x15, 0x14, 0x06, 0x06, 0x23, 0x22, 0x26, 0x26,
  0x35, 0x34, 0x36, 0x36, 0x17, 0x32, 0x36, 0x35, 0x34, 0x26, 0x26, 0x23,
  0x22, 0x06, 0x06, 0x15, 0x14, 0x16, 0x16, 0xc2, 0x2b, 0x44, 0x2a, 0x2a,
  0x44, 0x2b, 0x2a, 0x45, 0x29, 0x29, 0x46, 0x29, 0x2b, 0x3b, 0x1b, 0x2e,
  0x1d, 0x1b, 0x2e, 0x1c, 0x1c, 0x2e, 0xf4, 0x29, 0x45, 0x2a, 0x2a, 0x45,
  0x2a, 0x2a, 0x45, 0x2a, 0x2a, 0x45, 0x29, 0xfe, 0x3b, 0x2b, 0x1b, 0x2e,
  0x1c, 0x1c, 0x2e, 0x1b, 0x1c, 0x2f, 0x1b, 0x00, 0x00, 0x01, 0x00, 0x2c,
  0x01, 0x5d, 0x03, 0xc0, 0x01, 0xaf, 0x00, 0x03, 0x00, 0x00, 0x53, 0x21,
  0x15, 0x21, 0x2c, 0x03, 0x94, 0xfc, 0x6c, 0x01, 0xaf, 0x52, 0x00, 0x03,
  0x00, 0x37, 0xff, 0xb1, 0x03, 0xb2, 0x02, 0xfe, 0x00, 0x03, 0x00, 0x07,
  0x00, 0x13, 0x00, 0x00, 0x53, 0x21, 0x15, 0x21, 0x25, 0x33, 0x11, 0x23,
  0x13, 0x37, 0x1e, 0x03, 0x17, 0x07, 0x2e, 0x03, 0x37, 0x03, 0x7b, 0xfc,
  0x85, 0x01, 0x82, 0x4f, 0x4f, 0x2b, 0x32, 0x2d, 0x64, 0x62, 0x55, 0x1e,
  0x35, 0x1d, 0x53, 0x61, 0x64, 0x02, 0xfe, 0x4b, 0x10, 0xfc, 0xee, 0x02,
  0x25, 0x39, 0x15, 0x36, 0x39, 0x36, 0x17, 0x44, 0x17, 0x39, 0x3b, 0x39,
  0x00, 0x04, 0x00, 0x2c, 0xff, 0xb2, 0x03, 0xc0, 0x03, 0x02, 0x00, 0x03,
  0x00, 0x0f, 0x00, 0x1d, 0x00, 0x22, 0x00, 0x00, 0x53, 0x21, 0x15, 0x21,
  0x05, 0x37, 0x1e, 0x03, 0x17, 0x07, 0x2e, 0x03, 0x03, 0x17, 0x0e, 0x02,
  0x07, 0x2e, 0x02, 0x27, 0x3e, 0x03, 0x07, 0x37, 0x15, 0x11, 0x23, 0x45,
  0x03, 0x5e, 0xfc, 0xa2, 0x01, 0xea, 0x38, 0x2c, 0x62, 0x5e, 0x51, 0x1c,
  0x3d, 0x1b, 0x4f, 0x5c, 0x61, 0x3f, 0x51, 0x38, 0xa0, 0xc5, 0x72, 0x05,
  0x13, 0x13, 0x08, 0x52, 0x95, 0x80, 0x67, 0x2f, 0x51, 0x51, 0x03, 0x02,
  0x4d, 0xd7, 0x30, 0x1d, 0x43, 0x48, 0x44, 0x1d, 0x3a, 0x1d, 0x47, 0x4a,
  0x47, 0x01, 0x27, 0x1d, 0x67, 0xc4, 0xa6, 0x3c, 0x0a, 0x18, 0x18, 0x08,
  0x29, 0x6d, 0x81, 0x8b, 0x81, 0x50, 0x01, 0xfd, 0x43, 0x00, 0x00, 0x05,
  0x00, 0x39, 0xff, 0xbb, 0x03, 0x7b, 0x03, 0x32, 0x00, 0x03, 0x00, 0x07,
  0x00, 0x0b, 0x00, 0x28, 0x00, 0x34, 0x00, 0x00, 0x53, 0x21, 0x15, 0x21,
  0x13, 0x21, 0x15, 0x21, 0x03, 0x21, 0x15, 0x21, 0x01, 0x33, 0x30, 0x06,
  0x06, 0x07, 0x0e, 0x02, 0x07, 0x06, 0x06, 0x07, 0x06, 0x26, 0x27, 0x26,
  0x26, 0x27, 0x16, 0x16, 0x33, 0x32, 0x36, 0x37, 0x3e, 0x02, 0x37, 0x01,
  0x17, 0x0e, 0x03, 0x07, 0x27, 0x3e, 0x03, 0xe3, 0x02, 0x5e, 0xfd, 0xa2,
  0x32, 0x02, 0x57, 0xfd, 0xa9, 0xdc, 0x02, 0x70, 0xfd, 0x90, 0x02, 0xf5,
  0x4d, 0x01, 0x01, 0x01, 0x0e, 0x1e, 0x23, 0x17, 0x13, 0x2b, 0x21, 0x1b,
  0x62, 0x36, 0x01, 0x0f, 0x0c, 0x3a, 0x69, 0x16, 0x13, 0x18, 0x09, 0x15,
  0x20, 0x1b, 0x0c, 0xfd, 0xd8, 0x4b, 0x0a, 0x17, 0x19, 0x18, 0x0b, 0x4f,
  0x0c, 0x1a, 0x1a, 0x17, 0x01, 0xc2, 0x47, 0x01, 0x43, 0x48, 0xfe, 0x78,
  0x49, 0x01, 0x1d, 0x0e, 0x11, 0x06, 0x8f, 0xb5, 0x64, 0x16, 0x13, 0x0e,
  0x02, 0x01, 0x02, 0x03, 0x11, 0x2a, 0x10, 0x05, 0x03, 0x04, 0x08, 0x11,
  0x5f, 0xb0, 0x86, 0x01, 0x7d, 0x08, 0x34, 0x75, 0x75, 0x69, 0x28, 0x01,
  0x2a, 0x6b, 0x78, 0x76, 0x00, 0x06, 0x00, 0x38, 0xff, 0xaf, 0x03, 0xa1,
  0x03, 0x4a, 0x00, 0x03, 0x00, 0x07, 0x00, 0x0b, 0x00, 0x18, 0x00, 0x24,
  0x00, 0x30, 0x00, 0x00, 0x53, 0x21, 0x15, 0x21, 0x13, 0x21, 0x15, 0x21,
  0x13, 0x21, 0x15, 0x21, 0x25, 0x33, 0x37, 0x17, 0x0e, 0x02, 0x07, 0x27,
  0x3e, 0x02, 0x37, 0x05, 0x37, 0x1e, 0x03, 0x17, 0x07, 0x2e, 0x03, 0x13,
  0x17, 0x0e, 0x03, 0x07, 0x23, 0x3e, 0x03, 0x38, 0x03, 0x69, 0xfc, 0x97,
  0x51, 0x02, 0xd0, 0xfd, 0x30, 0xa8, 0x01, 0xe9, 0xfe, 0x17, 0x01, 0xd2,
  0x0f, 0x0d, 0x39, 0x29, 0x67, 0x6d, 0x33, 0x42, 0x32, 0x6c, 0x60, 0x1f,
  0xfd, 0xfe, 0x2b, 0x37, 0x7e, 0x7c, 0x6d, 0x27, 0x2d, 0x25, 0x6a, 0x7b,
  0x7f, 0x6e, 0x4d, 0x13, 0x2e, 0x30, 0x2d, 0x13, 0x4f, 0x15, 0x2f, 0x31,
  0x2d, 0x02, 0x1a, 0x49, 0x01, 0x07, 0x47, 0xfe, 0xd0, 0x46, 0x46, 0x05,
  0x22, 0x2b, 0x66, 0x6b, 0x30, 0x28, 0x2e, 0x69, 0x60, 0x21, 0xee, 0x37,
  0x10, 0x2a, 0x30, 0x31, 0x17, 0x40, 0x17, 0x32, 0x33, 0x2e, 0x02, 0xf1,
  0x0a, 0x43, 0x95, 0x95, 0x85, 0x33, 0x36, 0x89, 0x98, 0x96, 0x00, 0x05,
  0x00, 0x3c, 0xff, 0xe4, 0x03, 0xaf, 0x03, 0x3c, 0x00, 0x03, 0x00, 0x07,
  0x00, 0x0b, 0x00, 0x15, 0x00, 0x1f, 0x00, 0x00, 0x77, 0x21, 0x15, 0x21,
  0x01, 0x33, 0x11, 0x23, 0x13, 0x33, 0x11, 0x23, 0x01, 0x17, 0x0e, 0x02,
  0x07, 0x27, 0x3e, 0x02, 0x25, 0x37, 0x1e, 0x02, 0x17, 0x07, 0x2e, 0x02,
  0x3c, 0x03, 0x73, 0xfc, 0x8d, 0x01, 0x18, 0x4d, 0x4d, 0xf5, 0x4c, 0x4c,
  0x01, 0x0d, 0x44, 0x18, 0x3a, 0x3e, 0x1c, 0x3e, 0x1c, 0x3e, 0x38, 0xfd,
  0x10, 0x46, 0x1b, 0x36, 0x2f, 0x0e, 0x4b, 0x0c, 0x2d, 0x35, 0x2e, 0x4a,
  0x03, 0x58, 0xfc, 0xd3, 0x03, 0x2c, 0xfc, 0xcf, 0x02, 0x55, 0x20, 0x39,
  0x7e, 0x75, 0x2f, 0x20, 0x2e, 0x78, 0x7e, 0x25, 0x15, 0x37, 0x80, 0x77,
  0x2c, 0x1c, 0x2d, 0x7a, 0x82, 0x00, 0x00, 0x03, 0x00, 0x23, 0xff, 0xb1,
  0x03, 0xc9, 0x03, 0x49, 0x00, 0x0b, 0x00, 0x17, 0x00, 0x1b, 0x00, 0x00,
  0x41, 0x17, 0x0e, 0x02, 0x07, 0x26, 0x26, 0x27, 0x3e, 0x02, 0x37, 0x1e,
  0x02, 0x17, 0x06, 0x06, 0x07, 0x2e, 0x02, 0x27, 0x07, 0x33, 0x11, 0x23,
  0x01, 0xfa, 0x43, 0x37, 0x97, 0xb5, 0x5f, 0x09, 0x1f, 0x10, 0x5f, 0xb1,
  0x95, 0x48, 0x43, 0x8e, 0x98, 0x50, 0x0f, 0x1f, 0x09, 0x51, 0x97, 0x92,
  0x49, 0x03, 0x4e, 0x4e, 0x03, 0x49, 0x1f, 0x5b, 0xa3, 0x84, 0x2f, 0x11,
  0x26, 0x0e, 0x29, 0x79, 0x96, 0x1c, 0x52, 0x7d, 0x5f, 0x28, 0x0c, 0x26,
  0x12, 0x2b, 0x68, 0x8a, 0x5c, 0xd0, 0xfd, 0x90, 0x00, 0x03, 0x00, 0x60,
  0xff, 0xb1, 0x03, 0x86, 0x03, 0x48, 0x00, 0x07, 0x00, 0x0b, 0x00, 0x0f,
  0x00, 0x00, 0x53, 0x21, 0x11, 0x23, 0x11, 0x21, 0x11, 0x23, 0x37, 0x21,
  0x15, 0x21, 0x01, 0x33, 0x11, 0x23, 0x60, 0x03, 0x26, 0x4d, 0xfd, 0x72,
  0x4b, 0x28, 0x02, 0xde, 0xfd, 0x22, 0x01, 0x42, 0x4f, 0x4f, 0x02, 0x95,
  0xfe, 0x2a, 0x01, 0x8d, 0xfe, 0x6e, 0x88, 0x4a, 0x02, 0x50, 0xfc, 0x69,
  0x00, 0x05, 0x00, 0x37, 0xff, 0xb9, 0x03, 0x85, 0x03, 0x46, 0x00, 0x03,
  0x00, 0x22, 0x00, 0x35, 0x00, 0x3e, 0x00, 0x48, 0x00, 0x00, 0x53, 0x21,
  0x15, 0x21, 0x25, 0x33, 0x30, 0x06, 0x14, 0x15, 0x0e, 0x03, 0x07, 0x06,
  0x06, 0x07, 0x06, 0x26, 0x27, 0x26, 0x26, 0x27, 0x16, 0x16, 0x33, 0x16,
  0x36, 0x37, 0x3e, 0x03, 0x37, 0x25, 0x33, 0x15, 0x14, 0x0e, 0x03, 0x07,
  0x2e, 0x02, 0x27, 0x3e, 0x04, 0x35, 0x27, 0x37, 0x16, 0x16, 0x17, 0x07,
  0x2e, 0x02, 0x01, 0x37, 0x1e, 0x02, 0x17, 0x07, 0x2e, 0x02, 0x52, 0x03,
  0x03, 0xfc, 0xfd, 0x02, 0xe5, 0x4e, 0x01, 0x06, 0x0c, 0x0f, 0x15, 0x0f,
  0x11, 0x26, 0x1c, 0x1a, 0x57, 0x2f, 0x01, 0x0e, 0x0b, 0x33, 0x56, 0x12,
  0x10, 0x14, 0x08, 0x0c, 0x12, 0x0f, 0x0c, 0x05, 0xfe, 0x64, 0x4c, 0x0b,
  0x27, 0x52, 0x88, 0x69, 0x06, 0x15, 0x17, 0x09, 0x64, 0x83, 0x4e, 0x24,
  0x0b, 0xf9, 0x40, 0x1f, 0x3e, 0x10, 0x44, 0x0a, 0x22, 0x29, 0x01, 0x3d,
  0x3e, 0x1a, 0x36, 0x2f, 0x0d, 0x42, 0x0d, 0x2c, 0x35, 0x02, 0x57, 0x4b,
  0x4b, 0x0f, 0x12, 0x06, 0x96, 0xd2, 0x87, 0x4c, 0x11, 0x15, 0x11, 0x03,
  0x02, 0x01, 0x03, 0x11, 0x2c, 0x11, 0x05, 0x01, 0x01, 0x06, 0x09, 0x0d,
  0x47, 0x85, 0xcc, 0x90, 0xfe, 0x77, 0x43, 0x9c, 0xa7, 0xa7, 0x9f, 0x45,
  0x09, 0x14, 0x14, 0x06, 0x41, 0x94, 0x9c, 0x9b, 0x90, 0x3f, 0x40, 0x1c,
  0x21, 0x54, 0x1e, 0x21, 0x15, 0x34, 0x38, 0xfe, 0x7a, 0x1e, 0x1d, 0x46,
  0x43, 0x1a, 0x24, 0x1b, 0x45, 0x47, 0x00, 0x05, 0x00, 0x38, 0xff, 0xd2,
  0x03, 0xb4, 0x03, 0x44, 0x00, 0x03, 0x00, 0x07, 0x00, 0x0b, 0x00, 0x0f,
  0x00, 0x19, 0x00, 0x00, 0x53, 0x21, 0x15, 0x21, 0x17, 0x21, 0x15, 0x21,
  0x07, 0x21, 0x15, 0x21, 0x01, 0x33, 0x11, 0x23, 0x03, 0x37, 0x1e, 0x02,
  0x17, 0x07, 0x2e, 0x02, 0x67, 0x03, 0x1a, 0xfc, 0xe6, 0x2e, 0x02, 0xc3,
  0xfd, 0x3d, 0x5d, 0x03, 0x7c, 0xfc, 0x84, 0x01, 0x93, 0x51, 0x51, 0x55,
  0x3d, 0x20, 0x47, 0x3e, 0x14, 0x41, 0x12, 0x3d, 0x45, 0x02, 0x80, 0x49,
  0xdc, 0x49, 0xf7, 0x49, 0x02, 0x73, 0xfd, 0xb0, 0x03, 0x26, 0x29, 0x16,
  0x3a, 0x39, 0x18, 0x2f, 0x17, 0x3b, 0x3d, 0x00, 0x00, 0x04, 0x00, 0x3d,
  0xff, 0xbc, 0x03, 0xb3, 0x03, 0x3d, 0x00, 0x16, 0x00, 0x24, 0x00, 0x2e,
  0x00, 0x3c, 0x00, 0x00, 0x57, 0x2e, 0x02, 0x27, 0x36, 0x36, 0x37, 0x3e,
  0x03, 0x37, 0x17, 0x0e, 0x02, 0x07, 0x15, 0x30, 0x0e, 0x02, 0x15, 0x27,
  0x37, 0x25, 0x1e, 0x02, 0x17, 0x0e, 0x05, 0x01, 0x37, 0x1e, 0x02, 0x17,
  0x07, 0x2e, 0x02, 0x03, 0x17, 0x0e, 0x02, 0x07, 0x2e, 0x02, 0x27, 0x3e,
  0x03, 0x86, 0x03, 0x0a, 0x0d, 0x06, 0x18, 0x41, 0x2e, 0x19, 0x5f, 0x78,
  0x80, 0x39, 0x4d, 0x56, 0xb6, 0xb8, 0x59, 0x13, 0x1a, 0x13, 0x02, 0x37,
  0x02, 0x81, 0x01, 0x04, 0x06, 0x02, 0x98, 0xdb, 0x95, 0x5e, 0x36, 0x1d,
  0x01, 0xeb, 0x43, 0x2f, 0x5f, 0x4f, 0x18, 0x47, 0x17, 0x4f, 0x5d, 0xee,
  0x4d, 0x31, 0x82, 0x94, 0x4b, 0x06, 0x15, 0x15, 0x09, 0x37, 0x6e, 0x65,
  0x55, 0x1b, 0x08, 0x1c, 0x1e, 0x0b, 0x05, 0x33, 0x29, 0x15, 0x5e, 0x84,
  0x9b, 0x52, 0x26, 0x75, 0xd1, 0xb3, 0x47, 0x02, 0x08, 0x0d, 0x0f, 0x06,
  0x3c, 0x1c, 0x33, 0x0a, 0x1b, 0x1a, 0x09, 0x0d, 0x12, 0x0d, 0x08, 0x06,
  0x06, 0x01, 0x40, 0x22, 0x38, 0x82, 0x7c, 0x30, 0x28, 0x31, 0x7f, 0x84,
  0x02, 0x4d, 0x1d, 0x4d, 0xa0, 0x92, 0x39, 0x08, 0x14, 0x13, 0x07, 0x28,
  0x63, 0x6f, 0x70, 0x00, 0x00, 0x07, 0x00, 0x30, 0xff, 0xad, 0x03, 0xbb,
  0x03, 0x48, 0x00, 0x12, 0x00, 0x16, 0x00, 0x1a, 0x00, 0x1e, 0x00, 0x24,
  0x00, 0x28, 0x00, 0x2c, 0x00, 0x00, 0x41, 0x33, 0x11, 0x14, 0x06, 0x07,
  0x06, 0x06, 0x23, 0x26, 0x26, 0x27, 0x16, 0x32, 0x36, 0x33, 0x36, 0x36,
  0x35, 0x01, 0x21, 0x15, 0x21, 0x17, 0x15, 0x21, 0x35, 0x25, 0x21, 0x15,
  0x21, 0x07, 0x21, 0x11, 0x23, 0x11, 0x21, 0x07, 0x21, 0x15, 0x21, 0x17,
  0x21, 0x15, 0x21, 0x01, 0xcb, 0x4c, 0x15, 0x18, 0x17, 0x51, 0x3f, 0x03,
  0x10, 0x08, 0x1e, 0x39, 0x2b, 0x08, 0x0e, 0x0b, 0xfe, 0x78, 0x03, 0x64,
  0xfc, 0x9c, 0xb1, 0x02, 0x03, 0xfd, 0xb5, 0x02, 0x97, 0xfd, 0x69, 0x1d,
  0x02, 0xc4, 0x4c, 0xfd, 0x88, 0x5f, 0x03, 0x8b, 0xfc, 0x75, 0x56, 0x02,
  0xa8, 0xfd, 0x58, 0x03, 0x48, 0xfc, 0xbc, 0x22, 0x21, 0x08, 0x08, 0x04,
  0x0e, 0x25, 0x0c, 0x01, 0x01, 0x01, 0x0a, 0x0d, 0x02, 0xf4, 0x3e, 0x70,
  0x47, 0x47, 0x35, 0xb1, 0x47, 0xfe, 0x95, 0x01, 0x34, 0x46, 0x3c, 0x4b,
  0x3b, 0x00, 0x00, 0x02, 0x00, 0x39, 0x00, 0x14, 0x03, 0xb1, 0x02, 0xb9,
  0x00, 0x03, 0x00, 0x07, 0x00, 0x00, 0x53, 0x21, 0x15, 0x21, 0x03, 0x21,
  0x15, 0x21, 0x8d, 0x02, 0xcf, 0xfd, 0x31, 0x54, 0x03, 0x78, 0xfc, 0x88,
  0x02, 0xb9, 0x51, 0xfe, 0x00, 0x54, 0x00, 0x06, 0x00, 0x35, 0xff, 0xd5,
  0x03, 0xb7, 0x03, 0x0f, 0x00, 0x03, 0x00, 0x07, 0x00, 0x0b, 0x00, 0x0f,
  0x00, 0x1b, 0x00, 0x2a, 0x00, 0x00, 0x53, 0x21, 0x15, 0x21, 0x17, 0x21,
  0x15, 0x21, 0x07, 0x21, 0x15, 0x21, 0x07, 0x21, 0x15, 0x21, 0x13, 0x33,
  0x0e, 0x03, 0x07, 0x23, 0x3e, 0x03, 0x05, 0x33, 0x37, 0x17, 0x0e, 0x03,
  0x07, 0x27, 0x3e, 0x03, 0x37, 0x55, 0x03, 0x44, 0xfc, 0xbc, 0xdc, 0x01,
  0xa1, 0xfe, 0x5f, 0x35, 0x01, 0xb7, 0xfe, 0x49, 0xc7, 0x03, 0x82, 0xfc,
  0x7e, 0xfc, 0x52, 0x0b, 0x1c, 0x1d, 0x1c, 0x0c, 0x53, 0x0e, 0x1d, 0x1e,
  0x1b, 0x01, 0x90, 0x07, 0x0e, 0x38, 0x05, 0x10, 0x13, 0x15, 0x0a, 0x4d,
  0x0a, 0x16, 0x13, 0x0f, 0x05, 0x03, 0x0f, 0x49, 0xa2, 0x46, 0xd9, 0x46,
  0xa2, 0x48, 0x03, 0x06, 0x41, 0x93, 0x93, 0x83, 0x32, 0x33, 0x85, 0x93,
  0x91, 0x77, 0x04, 0x07, 0x36, 0x87, 0x93, 0x90, 0x40, 0x07, 0x3f, 0x94,
  0x93, 0x81, 0x2c, 0x00, 0x00, 0x02, 0x00, 0x2b, 0xff, 0xb4, 0x03, 0xc5,
  0x03, 0x45, 0x00, 0x11, 0x00, 0x23, 0x00, 0x00, 0x41, 0x33, 0x0e, 0x05,
  0x07, 0x26, 0x26, 0x27, 0x3e, 0x05, 0x17, 0x1e, 0x05, 0x17, 0x06, 0x06,
  0x07, 0x2e, 0x05, 0x27, 0x01, 0xc9, 0x54, 0x01, 0x08, 0x18, 0x37, 0x60,
  0x93, 0x6a, 0x0a, 0x22, 0x11, 0x68, 0x8f, 0x5a, 0x32, 0x15, 0x06, 0x4a,
  0x03, 0x0c, 0x20, 0x3b, 0x5e, 0x8b, 0x5f, 0x10, 0x1e, 0x09, 0x62, 0x8f,
  0x61, 0x3c, 0x21, 0x10, 0x03, 0x03, 0x45, 0x2d, 0x88, 0xa7, 0xb4, 0xaf,
  0x9a, 0x38, 0x0e, 0x21, 0x0c, 0x35, 0x91, 0xa6, 0xa9, 0x9c, 0x7e, 0x55,
  0x11, 0x60, 0x86, 0x98, 0x96, 0x82, 0x2b, 0x0c, 0x24, 0x0f, 0x2e, 0x8a,
  0xa0, 0xa3, 0x90, 0x69, 0x16, 0x00, 0x00, 0x04, 0x00, 0x24, 0xff, 0xb0,
  0x03, 0xbb, 0x03, 0x44, 0x00, 0x0c, 0x00, 0x11, 0x00, 0x15, 0x00, 0x19,
  0x00, 0x00, 0x41, 0x17, 0x0e, 0x02, 0x07, 0x2e, 0x02, 0x27, 0x3e, 0x02,
  0x07, 0x37, 0x17, 0x11, 0x23, 0x13, 0x21, 0x15, 0x21, 0x01, 0x33, 0x11,
  0x23, 0x01, 0x23, 0x46, 0x22, 0x59, 0x67, 0x38, 0x03, 0x10, 0x11, 0x07,
  0x33, 0x5e, 0x51, 0x49, 0x48, 0x01, 0x49, 0x8a, 0x02, 0x74, 0xfd, 0x8c,
  0x01, 0x18, 0x4e, 0x4e, 0x03, 0x44, 0x15, 0x56, 0xa7, 0x94, 0x39, 0x09,
  0x1c, 0x1c, 0x09, 0x31, 0x82, 0x95, 0xb4, 0x48, 0x01, 0xfd, 0x28, 0x02,
  0x3c, 0x4a, 0x01, 0x9a, 0xfc, 0x72, 0x00, 0x05, 0x00, 0x23, 0xff, 0xad,
  0x03, 0xc5, 0x03, 0x4f, 0x00, 0x03, 0x00, 0x0d, 0x00, 0x1c, 0x00, 0x28,
  0x00, 0x37, 0x00, 0x00, 0x53, 0x21, 0x15, 0x21, 0x13, 0x37, 0x1e, 0x02,
  0x17, 0x07, 0x2e, 0x02, 0x13, 0x1e, 0x03, 0x17, 0x0e, 0x02, 0x07, 0x2e,
  0x03, 0x27, 0x37, 0x17, 0x0e, 0x02, 0x07, 0x26, 0x26, 0x27, 0x3e, 0x02,
  0x01, 0x33, 0x37, 0x17, 0x0e, 0x03, 0x07, 0x27, 0x3e, 0x03, 0x37, 0xa1,
  0x02, 0x6e, 0xfd, 0x92, 0xe5, 0x33, 0x21, 0x49, 0x43, 0x15, 0x37, 0x13,
  0x40, 0x4a, 0x6c, 0x25, 0x66, 0x75, 0x7a, 0x38, 0x0a, 0x16, 0x14, 0x07,
  0x37, 0x79, 0x76, 0x69, 0x28, 0x1c, 0x48, 0x38, 0x97, 0xb0, 0x5c, 0x09,
  0x20, 0x10, 0x5b, 0xac, 0x93, 0x01, 0x48, 0x0e, 0x0e, 0x3a, 0x1f, 0x4e,
  0x56, 0x56, 0x28, 0x4d, 0x29, 0x58, 0x55, 0x49, 0x19, 0x01, 0x5c, 0x4c,
  0x01, 0x05, 0x2e, 0x17, 0x39, 0x39, 0x16, 0x35, 0x17, 0x3a, 0x3d, 0x01,
  0x29, 0x2f, 0x5d, 0x57, 0x48, 0x19, 0x08, 0x18, 0x19, 0x0a, 0x1c, 0x50,
  0x5f, 0x67, 0x34, 0x4a, 0x22, 0x53, 0x96, 0x7d, 0x2f, 0x10, 0x25, 0x0e,
  0x28, 0x75, 0x8c, 0xfe, 0x58, 0x04, 0x1c, 0x2a, 0x65, 0x6c, 0x6c, 0x30,
  0x23, 0x30, 0x6a, 0x69, 0x5e, 0x22, 0x00, 0x05, 0x00, 0x64, 0xff, 0xaa,
  0x03, 0xc6, 0x03, 0x21, 0x00, 0x09, 0x00, 0x13, 0x00, 0x22, 0x00, 0x2e,
  0x00, 0x3f, 0x00, 0x00, 0x41, 0x37, 0x1e, 0x02, 0x17, 0x07, 0x2e, 0x02,
  0x13, 0x37, 0x1e, 0x02, 0x17, 0x07, 0x2e, 0x02, 0x13, 0x17, 0x06, 0x02,
  0x06, 0x06, 0x07, 0x2e, 0x02, 0x27, 0x3e, 0x02, 0x12, 0x01, 0x27, 0x37,
  0x25, 0x16, 0x16, 0x17, 0x0e, 0x04, 0x07, 0x2e, 0x02, 0x27, 0x3e, 0x02,
  0x35, 0x11, 0x33, 0x11, 0x30, 0x0e, 0x03, 0x01, 0x76, 0x40, 0x1e, 0x3b,
  0x32, 0x0f, 0x43, 0x0e, 0x31, 0x3b, 0xf8, 0x3c, 0x2d, 0x63, 0x55, 0x1a,
  0x42, 0x18, 0x52, 0x61, 0x40, 0x50, 0x0b, 0x2f, 0x60, 0xa1, 0x7b, 0x05,
  0x14, 0x17, 0x09, 0x79, 0x9b, 0x59, 0x2a, 0xfd, 0x9c, 0x0c, 0x1f, 0x01,
  0x39, 0x03, 0x0c, 0x05, 0x57, 0x76, 0x4a, 0x2b, 0x16, 0x08, 0x03, 0x0f,
  0x11, 0x06, 0x0a, 0x1c, 0x16, 0x50, 0x14, 0x1d, 0x1d, 0x15, 0x02, 0xc8,
  0x23, 0x24, 0x55, 0x51, 0x20, 0x28, 0x21, 0x54, 0x56, 0xfe, 0x2c, 0x2a,
  0x2a, 0x64, 0x62, 0x26, 0x31, 0x27, 0x64, 0x67, 0x02, 0x7c, 0x03, 0xb2,
  0xfe, 0xe9, 0xd5, 0x9e, 0x38, 0x08, 0x19, 0x18, 0x08, 0x30, 0x90, 0xc8,
  0x01, 0x08, 0xfd, 0x99, 0x4d, 0x1e, 0x93, 0x10, 0x29, 0x0d, 0x2a, 0x39,
  0x27, 0x17, 0x10, 0x07, 0x09, 0x17, 0x18, 0x06, 0x07, 0x19, 0x25, 0x16,
  0x02, 0x4e, 0xfd, 0x79, 0x0e, 0x16, 0x1a, 0x19, 0x00, 0x06, 0x00, 0x20,
  0xff, 0xb0, 0x03, 0xb9, 0x03, 0x44, 0x00, 0x03, 0x00, 0x10, 0x00, 0x14,
  0x00, 0x18, 0x00, 0x25, 0x00, 0x2a, 0x00, 0x00, 0x41, 0x33, 0x11, 0x23,
  0x03, 0x17, 0x0e, 0x02, 0x07, 0x2e, 0x02, 0x27, 0x3e, 0x02, 0x17, 0x21,
  0x15, 0x21, 0x07, 0x21, 0x15, 0x21, 0x03, 0x17, 0x0e, 0x02, 0x07, 0x2e,
  0x02, 0x27, 0x3e, 0x02, 0x07, 0x37, 0x17, 0x11, 0x23, 0x02, 0x5c, 0x4b,
  0x4b, 0xac, 0x48, 0x0e, 0x27, 0x31, 0x1d, 0x07, 0x17, 0x19, 0x09, 0x1d,
  0x2f, 0x24, 0x14, 0x01, 0xd4, 0xfe, 0x1a, 0x6a, 0x02, 0x7c, 0xfd, 0x84,
  0x31, 0x47, 0x20, 0x53, 0x61, 0x34, 0x04, 0x0f, 0x11, 0x07, 0x2f, 0x57,
  0x4b, 0x4a, 0x47, 0x01, 0x48, 0x03, 0x3c, 0xfc, 0x74, 0x03, 0x66, 0x0f,
  0x45, 0x87, 0x74, 0x2e, 0x06, 0x0e, 0x0e, 0x04, 0x29, 0x6f, 0x7e, 0x5a,
  0x49, 0xdd, 0x4a, 0x02, 0x39, 0x15, 0x55, 0xa5, 0x91, 0x39, 0x09, 0x1c,
  0x1d, 0x08, 0x31, 0x80, 0x93, 0xb6, 0x47, 0x01, 0xfd, 0x29, 0x00, 0x06,
  0x00, 0x16, 0xff, 0xb0, 0x03, 0xc0, 0x03, 0x48, 0x00, 0x0d, 0x00, 0x11,
  0x00, 0x15, 0x00, 0x19, 0x00, 0x1e, 0x00, 0x2b, 0x00, 0x00, 0x41, 0x17,
  0x0e, 0x03, 0x07, 0x26, 0x26, 0x27, 0x3e, 0x03, 0x01, 0x21, 0x15, 0x21,
  0x13, 0x21, 0x15, 0x21, 0x01, 0x33, 0x11, 0x23, 0x01, 0x37, 0x15, 0x11,
  0x23, 0x13, 0x17, 0x0e, 0x02, 0x07, 0x2e, 0x02, 0x27, 0x3e, 0x02, 0x03,
  0x60, 0x38, 0x37, 0x87, 0x94, 0x97, 0x48, 0x02, 0x0e, 0x06, 0x46, 0x93,
  0x8d, 0x7b, 0xfd, 0xfe, 0x02, 0x90, 0xfd, 0x70, 0x27, 0x02, 0x59, 0xfd,
  0xa7, 0x01, 0x02, 0x4c, 0x4c, 0xfe, 0x61, 0x4a, 0x4a, 0x6d, 0x48, 0x23,
  0x5f, 0x6e, 0x3b, 0x04, 0x11, 0x12, 0x07, 0x36, 0x65, 0x57, 0x03, 0x2f,
  0x3f, 0x13, 0x20, 0x1c, 0x16, 0x08, 0x0d, 0x25, 0x0d, 0x09, 0x18, 0x1c,
  0x20, 0xfe, 0x7d, 0x48, 0xfe, 0xcb, 0x48, 0x02, 0xea, 0xfd, 0x4a, 0x02,
  0x33, 0x4a, 0x01, 0xfd, 0x29, 0x03, 0x98, 0x17, 0x58, 0xa8, 0x94, 0x39,
  0x09, 0x1c, 0x1d, 0x09, 0x31, 0x83, 0x96, 0x00, 0x00, 0x06, 0x00, 0x21,
  0xff, 0xcd, 0x03, 0xcd, 0x03, 0x51, 0x00, 0x03, 0x00, 0x07, 0x00, 0x0b,
  0x00, 0x0f, 0x00, 0x1b, 0x00, 0x27, 0x00, 0x00, 0x41, 0x21, 0x15, 0x21,
  0x05, 0x21, 0x15, 0x21, 0x01, 0x33, 0x11, 0x23, 0x01, 0x33, 0x11, 0x23,
  0x01, 0x17, 0x0e, 0x02, 0x07, 0x26, 0x26, 0x27, 0x3e, 0x02, 0x37, 0x1e,
  0x02, 0x17, 0x06, 0x06, 0x07, 0x2e, 0x02, 0x27, 0x01, 0xfb, 0x01, 0x4b,
  0xfe, 0xb5, 0xfe, 0x54, 0x03, 0x55, 0xfc, 0xab, 0x01, 0x86, 0x4f, 0x4f,
  0xfe, 0xf9, 0x4a, 0x4a, 0x01, 0x24, 0x43, 0x36, 0x98, 0xb3, 0x5f, 0x08,
  0x1d, 0x0f, 0x5d, 0xb0, 0x94, 0x52, 0x40, 0x8d, 0x9b, 0x51, 0x0e, 0x1c,
  0x08, 0x52, 0x9a, 0x93, 0x45, 0x01, 0x51, 0x45, 0xfa, 0x45, 0x02, 0x6a,
  0xfd, 0xb4, 0x01, 0x9b, 0xfe, 0x6b, 0x03, 0x60, 0x20, 0x52, 0x95, 0x7a,
  0x2b, 0x0f, 0x24, 0x0c, 0x26, 0x70, 0x8b, 0x19, 0x4e, 0x72, 0x56, 0x24,
  0x0c, 0x23, 0x10, 0x28, 0x5f, 0x7e, 0x57, 0x00, 0x00, 0x06, 0x00, 0x14,
  0xff, 0xb0, 0x03, 0xd3, 0x03, 0x42, 0x00, 0x03, 0x00, 0x07, 0x00, 0x16,
  0x00, 0x23, 0x00, 0x30, 0x00, 0x35, 0x00, 0x00, 0x41, 0x33, 0x11, 0x23,
  0x01, 0x21, 0x15, 0x21, 0x25, 0x1e, 0x03, 0x17, 0x0e, 0x02, 0x07, 0x2e,
  0x03, 0x27, 0x27, 0x17, 0x0e, 0x02, 0x07, 0x2e, 0x02, 0x27, 0x3e, 0x02,
  0x03, 0x17, 0x0e, 0x02, 0x07, 0x2e, 0x02, 0x27, 0x3e, 0x02, 0x07, 0x37,
  0x17, 0x11, 0x23, 0x02, 0x4c, 0x4a, 0x4a, 0xfe, 0xe6, 0x02, 0x87, 0xfd,
  0x79, 0x01, 0x7f, 0x16, 0x3f, 0x4d, 0x55, 0x2b, 0x08, 0x16, 0x14, 0x07,
  0x2b, 0x55, 0x4d, 0x41, 0x18, 0x3e, 0x41, 0x21, 0x5f, 0x73, 0x3e, 0x06,
  0x14, 0x15, 0x09, 0x3d, 0x70, 0x5d, 0xf2, 0x4a, 0x23, 0x60, 0x6f, 0x3c,
  0x04, 0x11, 0x12, 0x07, 0x38, 0x66, 0x55, 0x4f, 0x49, 0x01, 0x4a, 0x03,
  0x3a, 0xfc, 0x76, 0x02, 0x99, 0x49, 0x31, 0x41, 0x83, 0x7a, 0x64, 0x24,
  0x07, 0x14, 0x16, 0x0a, 0x28, 0x6e, 0x84, 0x8e, 0x47, 0x11, 0x13, 0x63,
  0xbc, 0x9e, 0x36, 0x0a, 0x16, 0x15, 0x06, 0x2f, 0x93, 0xb0, 0x01, 0x6b,
  0x17, 0x57, 0xa8, 0x92, 0x38, 0x0a, 0x1d, 0x1d, 0x08, 0x31, 0x7f, 0x95,
  0xbb, 0x4a, 0x02, 0xfd, 0x32, 0x00, 0x00, 0x08, 0x00, 0x12, 0xff, 0xb0,
  0x03, 0xba, 0x03, 0x44, 0x00, 0x0c, 0x00, 0x11, 0x00, 0x15, 0x00, 0x22,
  0x00, 0x2e, 0x00, 0x32, 0x00, 0x36, 0x00, 0x40, 0x00, 0x00, 0x41, 0x17,
  0x0e, 0x02, 0x07, 0x2e, 0x02, 0x27, 0x3e, 0x02, 0x07, 0x37, 0x17, 0x11,
  0x23, 0x01, 0x21, 0x15, 0x21, 0x25, 0x33, 0x37, 0x17, 0x0e, 0x02, 0x07,
  0x27, 0x3e, 0x02, 0x37, 0x03, 0x17, 0x0e, 0x03, 0x07, 0x23, 0x3e, 0x03,
  0x07, 0x21, 0x15, 0x21, 0x07, 0x21, 0x15, 0x21, 0x13, 0x37, 0x1e, 0x02,
  0x17, 0x07, 0x2e, 0x02, 0x01, 0x0a, 0x47, 0x21, 0x58, 0x66, 0x36, 0x04,
  0x0e, 0x11, 0x07, 0x31, 0x5c, 0x4f, 0x4e, 0x47, 0x01, 0x48, 0x01, 0x3a,
  0x01, 0x73, 0xfe, 0x8d, 0x01, 0x5a, 0x0e, 0x0c, 0x35, 0x23, 0x58, 0x5d,
  0x2b, 0x3e, 0x2b, 0x5c, 0x51, 0x1a, 0xf7, 0x4a, 0x11, 0x28, 0x2a, 0x28,
  0x11, 0x50, 0x13, 0x2c, 0x2b, 0x28, 0xd1, 0x02, 0x30, 0xfd, 0xd0, 0x39,
  0x02, 0x97, 0xfd, 0x69, 0xb1, 0x37, 0x30, 0x65, 0x57, 0x1c, 0x38, 0x1b,
  0x58, 0x64, 0x03, 0x44, 0x15, 0x55, 0xa5, 0x92, 0x38, 0x09, 0x1c, 0x1d,
  0x08, 0x31, 0x80, 0x93, 0xb6, 0x48, 0x01, 0xfd, 0x28, 0x01, 0xa7, 0x46,
  0x46, 0x05, 0x21, 0x29, 0x64, 0x65, 0x2f, 0x26, 0x2d, 0x64, 0x5d, 0x20,
  0x01, 0xf3, 0x0a, 0x43, 0x95, 0x96, 0x86, 0x32, 0x35, 0x8a, 0x98, 0x97,
  0x2d, 0x46, 0x77, 0x47, 0xfe, 0xad, 0x2e, 0x1d, 0x46, 0x44, 0x1c, 0x38,
  0x1d, 0x49, 0x4a, 0x00, 0x00, 0x06, 0x00, 0x1a, 0xff, 0xb2, 0x03, 0xc7,
  0x03, 0x44, 0x00, 0x03, 0x00, 0x07, 0x00, 0x0b, 0x00, 0x0f, 0x00, 0x1c,
  0x00, 0x21, 0x00, 0x00, 0x65, 0x21, 0x15, 0x21, 0x13, 0x15, 0x21, 0x35,
  0x01, 0x15, 0x21, 0x35, 0x25, 0x21, 0x11, 0x21, 0x03, 0x17, 0x0e, 0x02,
  0x07, 0x2e, 0x02, 0x27, 0x3e, 0x02, 0x07, 0x37, 0x17, 0x11, 0x23, 0x01,
  0x34, 0x02, 0x93, 0xfd, 0x6d, 0xa2, 0x01, 0x4b, 0xfe, 0xb5, 0x01, 0x4b,
  0xfe, 0x68, 0x01, 0xe9, 0xfe, 0x17, 0x73, 0x49, 0x21, 0x59, 0x68, 0x37,
  0x03, 0x10, 0x11, 0x08, 0x33, 0x5d, 0x50, 0x4e, 0x49, 0x01, 0x4a, 0x1f,
  0x46, 0x01, 0xd6, 0xc9, 0xc9, 0x01, 0x0b, 0xc5, 0xc5, 0x47, 0xfd, 0x9f,
  0x02, 0xa4, 0x16, 0x55, 0xa6, 0x92, 0x38, 0x09, 0x1d, 0x1e, 0x09, 0x30,
  0x80, 0x93, 0xb6, 0x49, 0x01, 0xfd, 0x27, 0x00, 0x00, 0x07, 0x00, 0x1e,
  0xff, 0xb2, 0x03, 0xcd, 0x03, 0x45, 0x00, 0x0c, 0x00, 0x11, 0x00, 0x15,
  0x00, 0x19, 0x00, 0x1d, 0x00, 0x29, 0x00, 0x36, 0x00, 0x00, 0x53, 0x17,
  0x0e, 0x02, 0x07, 0x2e, 0x02, 0x27, 0x3e, 0x02, 0x07, 0x37, 0x17, 0x11,
  0x23, 0x01, 0x33, 0x11, 0x23, 0x01, 0x21, 0x15, 0x21, 0x13, 0x21, 0x15,
  0x21, 0x01, 0x1e, 0x02, 0x17, 0x06, 0x06, 0x07, 0x2e, 0x02, 0x27, 0x27,
  0x17, 0x0e, 0x02, 0x07, 0x2e, 0x02, 0x27, 0x3e, 0x02, 0xfb, 0x46, 0x1c,
  0x4e, 0x5b, 0x32, 0x03, 0x10, 0x11, 0x08, 0x2d, 0x52, 0x45, 0x42, 0x46,
  0x02, 0x48, 0x01, 0xa5, 0x49, 0x49, 0xfe, 0xe5, 0x02, 0x90, 0xfd, 0x70,
  0x76, 0x01, 0x8f, 0xfe, 0x71, 0x01, 0x12, 0x1d, 0x58, 0x6c, 0x3a, 0x0d,
  0x21, 0x0b, 0x3a, 0x6b, 0x58, 0x1e, 0x54, 0x38, 0x1f, 0x5b, 0x6e, 0x3c,
  0x06, 0x13, 0x14, 0x09, 0x3b, 0x6e, 0x5c, 0x03, 0x44, 0x14, 0x55, 0xa5,
  0x92, 0x39, 0x09, 0x1c, 0x1d, 0x08, 0x31, 0x81, 0x92, 0xb6, 0x47, 0x01,
  0xfd, 0x29, 0x03, 0x93, 0xfc, 0x71, 0x02, 0xc8, 0x48, 0xfe, 0x79, 0x45,
  0x01, 0xef, 0x59, 0xaf, 0x93, 0x2f, 0x0a, 0x22, 0x0f, 0x36, 0x9f, 0xbd,
  0x62, 0x15, 0x10, 0x65, 0xbf, 0xa1, 0x37, 0x09, 0x16, 0x14, 0x06, 0x2f,
  0x96, 0xb3, 0x00, 0x07, 0x00, 0x24, 0xff, 0xb1, 0x03, 0xc2, 0x03, 0x44,
  0x00, 0x03, 0x00, 0x07, 0x00, 0x0b, 0x00, 0x0f, 0x00, 0x1c, 0x00, 0x29,
  0x00, 0x2e, 0x00, 0x00, 0x41, 0x21, 0x15, 0x21, 0x17, 0x21, 0x15, 0x21,
  0x15, 0x21, 0x15, 0x21, 0x03, 0x33, 0x11, 0x23, 0x03, 0x17, 0x0e, 0x02,
  0x07, 0x2e, 0x02, 0x27, 0x3e, 0x02, 0x27, 0x17, 0x0e, 0x02, 0x07, 0x2e,
  0x02, 0x27, 0x3e, 0x02, 0x07, 0x37, 0x17, 0x11, 0x23, 0x01, 0xe7, 0x01,
  0xdb, 0xfe, 0x02, 0xa0, 0x01, 0x47, 0xfe, 0xb9, 0x01, 0x54, 0xfe, 0xac,
  0x25, 0x4c, 0x4c, 0x31, 0x48, 0x1c, 0x4b, 0x56, 0x2e, 0x06, 0x15, 0x17,
  0x08, 0x2d, 0x52, 0x45, 0xd8, 0x48, 0x20, 0x58, 0x66, 0x37, 0x04, 0x10,
  0x11, 0x07, 0x32, 0x5c, 0x4f, 0x4e, 0x4a, 0x01, 0x4b, 0x02, 0xa1, 0x48,
  0x91, 0x45, 0x98, 0x47, 0x01, 0xe5, 0xfd, 0x28, 0x03, 0x8b, 0x13, 0x4f,
  0x99, 0x86, 0x34, 0x06, 0x14, 0x14, 0x05, 0x2f, 0x7c, 0x8e, 0x51, 0x16,
  0x54, 0xa7, 0x91, 0x39, 0x09, 0x1d, 0x1e, 0x08, 0x31, 0x80, 0x93, 0xb6,
  0x4b, 0x02, 0xfd, 0x26, 0x00, 0x07, 0x00, 0x15, 0xff, 0xac, 0x03, 0xcc,
  0x03, 0x4a, 0x00, 0x03, 0x00, 0x07, 0x00, 0x0b, 0x00, 0x18, 0x00, 0x2b,
  0x00, 0x38, 0x00, 0x3d, 0x00, 0x00, 0x41, 0x21, 0x15, 0x21, 0x17, 0x15,
  0x21, 0x35, 0x25, 0x21, 0x11, 0x21, 0x17, 0x1e, 0x02, 0x17, 0x0e, 0x02,
  0x07, 0x2e, 0x02, 0x27, 0x13, 0x33, 0x11, 0x14, 0x0e, 0x03, 0x07, 0x2e,
  0x02, 0x27, 0x3e, 0x04, 0x35, 0x01, 0x17, 0x0e, 0x02, 0x07, 0x2e, 0x02,
  0x27, 0x3e, 0x02, 0x07, 0x37, 0x17, 0x11, 0x23, 0x01, 0x41, 0x02, 0x81,
  0xfd, 0x7f, 0x63, 0x01, 0xb5, 0xfe, 0x05, 0x02, 0x43, 0xfd, 0xbd, 0x3f,
  0x2f, 0xa3, 0xdb, 0x82, 0x08, 0x12, 0x0e, 0x05, 0x85, 0xde, 0xa8, 0x36,
  0xf9, 0x49, 0x0c, 0x26, 0x4c, 0x7b, 0x5d, 0x05, 0x10, 0x10, 0x09, 0x5a,
  0x74, 0x43, 0x20, 0x0a, 0xfe, 0xbf, 0x46, 0x22, 0x5b, 0x69, 0x37, 0x04,
  0x0f, 0x10, 0x07, 0x32, 0x60, 0x52, 0x4c, 0x46, 0x02, 0x48, 0x02, 0xd9,
  0x45, 0xa1, 0x96, 0x96, 0x3f, 0xfe, 0xeb, 0x14, 0x4f, 0x72, 0x48, 0x0e,
  0x08, 0x18, 0x19, 0x0b, 0x14, 0x53, 0x83, 0x5c, 0x02, 0x50, 0xfe, 0x46,
  0x3a, 0x72, 0x6a, 0x5e, 0x4e, 0x1b, 0x08, 0x17, 0x18, 0x07, 0x17, 0x42,
  0x53, 0x5d, 0x64, 0x32, 0x01, 0xc0, 0x16, 0x54, 0xa4, 0x90, 0x38, 0x09,
  0x1c, 0x1c, 0x09, 0x30, 0x7f, 0x91, 0xb9, 0x47, 0x01, 0xfd, 0x21, 0x00,
  0x00, 0x09, 0x00, 0x21, 0xff, 0xaf, 0x03, 0x9c, 0x03, 0x47, 0x00, 0x03,
  0x00, 0x10, 0x00, 0x14, 0x00, 0x22, 0x00, 0x2c, 0x00, 0x30, 0x00, 0x42,
  0x00, 0x4e, 0x00, 0x53, 0x00, 0x00, 0x41, 0x21, 0x15, 0x21, 0x37, 0x17,
  0x0e, 0x02, 0x07, 0x2e, 0x02, 0x27, 0x3e, 0x02, 0x17, 0x33, 0x15, 0x23,
  0x37, 0x33, 0x37, 0x17, 0x06, 0x02, 0x07, 0x26, 0x26, 0x27, 0x3e, 0x02,
  0x37, 0x03, 0x37, 0x1e, 0x02, 0x17, 0x07, 0x2e, 0x02, 0x01, 0x33, 0x11,
  0x23, 0x13, 0x33, 0x11, 0x14, 0x06, 0x07, 0x06, 0x06, 0x27, 0x26, 0x26,
  0x27, 0x16, 0x32, 0x33, 0x36, 0x36, 0x35, 0x01, 0x17, 0x0e, 0x02, 0x07,
  0x2e, 0x02, 0x27, 0x36, 0x36, 0x07, 0x37, 0x17, 0x11, 0x23, 0x01, 0x29,
  0x01, 0x5c, 0xfe, 0xa4, 0x72, 0x47, 0x11, 0x33, 0x41, 0x29, 0x06, 0x15,
  0x16, 0x09, 0x29, 0x3d, 0x2d, 0x09, 0xad, 0xc2, 0xaa, 0x0d, 0x0d, 0x2c,
  0x1a, 0x97, 0x73, 0x08, 0x1b, 0x0d, 0x46, 0x6f, 0x4b, 0x0e, 0xc5, 0x29,
  0x17, 0x33, 0x2d, 0x0e, 0x2b, 0x0d, 0x2d, 0x31, 0x01, 0x34, 0x42, 0x42,
  0xa3, 0x47, 0x13, 0x16, 0x16, 0x4d, 0x39, 0x03, 0x0f, 0x08, 0x2d, 0x49,
  0x0c, 0x0c, 0x0a, 0xfd, 0x7f, 0x44, 0x18, 0x40, 0x4d, 0x2c, 0x03, 0x0e,
  0x0e, 0x07, 0x39, 0x5d, 0x29, 0x45, 0x01, 0x46, 0x03, 0x11, 0x47, 0x2b,
  0x0b, 0x60, 0xb2, 0x9a, 0x3a, 0x06, 0x11, 0x12, 0x05, 0x36, 0x8f, 0xa7,
  0x6b, 0x45, 0x45, 0x02, 0x0b, 0xf0, 0xfe, 0xc6, 0x51, 0x0e, 0x22, 0x0a,
  0x2c, 0xa2, 0xe2, 0x8a, 0xfe, 0xff, 0x33, 0x0f, 0x28, 0x27, 0x0f, 0x3b,
  0x11, 0x28, 0x2b, 0x01, 0xc3, 0xfd, 0xd1, 0x02, 0x9e, 0xfc, 0xd3, 0x23,
  0x24, 0x09, 0x09, 0x06, 0x01, 0x0f, 0x2b, 0x10, 0x02, 0x01, 0x09, 0x0c,
  0x03, 0x31, 0x13, 0x52, 0xa2, 0x91, 0x37, 0x08, 0x1e, 0x1d, 0x0a, 0x47,
  0xcd, 0x93, 0x45, 0x01, 0xfd, 0x28, 0x00, 0x08, 0x00, 0x15, 0xff, 0xb0,
  0x03, 0xc0, 0x03, 0x46, 0x00, 0x0c, 0x00, 0x11, 0x00, 0x15, 0x00, 0x19,
  0x00, 0x1d, 0x00, 0x21, 0x00, 0x2d, 0x00, 0x37, 0x00, 0x00, 0x41, 0x17,
  0x0e, 0x02, 0x07, 0x2e, 0x02, 0x27, 0x3e, 0x02, 0x07, 0x37, 0x17, 0x11,
  0x23, 0x13, 0x21, 0x15, 0x21, 0x07, 0x21, 0x15, 0x21, 0x13, 0x33, 0x11,
  0x23, 0x01, 0x33, 0x11, 0x23, 0x07, 0x17, 0x0e, 0x02, 0x07, 0x2e, 0x02,
  0x27, 0x36, 0x36, 0x25, 0x37, 0x1e, 0x02, 0x17, 0x07, 0x2e, 0x02, 0x01,
  0x0d, 0x47, 0x21, 0x58, 0x65, 0x37, 0x03, 0x0f, 0x11, 0x07, 0x31, 0x5c,
  0x4f, 0x4f, 0x49, 0x01, 0x4a, 0xad, 0x02, 0x66, 0xfd, 0x9a, 0x19, 0x02,
  0x8a, 0xfd, 0x76, 0x9a, 0x49, 0x49, 0x01, 0x0c, 0x4a, 0x4a, 0xf8, 0x48,
  0x19, 0x40, 0x46, 0x22, 0x07, 0x15, 0x17, 0x09, 0x34, 0x62, 0x01, 0x03,
  0x3b, 0x22, 0x45, 0x3a, 0x11, 0x3f, 0x10, 0x39, 0x44, 0x03, 0x46, 0x16,
  0x55, 0xa5, 0x92, 0x38, 0x09, 0x1c, 0x1d, 0x09, 0x30, 0x80, 0x93, 0xb7,
  0x48, 0x01, 0xfd, 0x28, 0x02, 0xc0, 0x48, 0xf7, 0x49, 0x02, 0x53, 0xfd,
  0xcf, 0x02, 0x32, 0xfd, 0xcd, 0x59, 0x17, 0x2b, 0x55, 0x4c, 0x1c, 0x06,
  0x12, 0x12, 0x05, 0x27, 0x6f, 0x15, 0x22, 0x20, 0x4e, 0x4b, 0x1e, 0x28,
  0x1f, 0x4d, 0x50, 0x00, 0x00, 0x08, 0x00, 0x17, 0xff, 0xb0, 0x03, 0xd5,
  0x03, 0x45, 0x00, 0x03, 0x00, 0x07, 0x00, 0x14, 0x00, 0x21, 0x00, 0x25,
  0x00, 0x29, 0x00, 0x36, 0x00, 0x3b, 0x00, 0x00, 0x41, 0x33, 0x11, 0x23,
  0x01, 0x21, 0x15, 0x21, 0x25, 0x1e, 0x02, 0x17, 0x0e, 0x02, 0x07, 0x2e,
  0x02, 0x27, 0x27, 0x17, 0x0e, 0x02, 0x07, 0x2e, 0x02, 0x27, 0x3e, 0x02,
  0x03, 0x15, 0x21, 0x35, 0x25, 0x21, 0x11, 0x21, 0x03, 0x17, 0x0e, 0x02,
  0x07, 0x2e, 0x02, 0x27, 0x3e, 0x02, 0x07, 0x37, 0x17, 0x11, 0x23, 0x02,
  0x56, 0x4b, 0x4b, 0xfe, 0xdc, 0x02, 0x88, 0xfd, 0x78, 0x01, 0x85, 0x1e,
  0x5c, 0x6e, 0x36, 0x08, 0x15, 0x12, 0x06, 0x37, 0x6d, 0x5e, 0x21, 0x38,
  0x3b, 0x22, 0x64, 0x75, 0x3c, 0x06, 0x12, 0x13, 0x09, 0x3b, 0x74, 0x61,
  0x61, 0x01, 0x74, 0xfe, 0x44, 0x02, 0x07, 0xfd, 0xf9, 0x67, 0x46, 0x21,
  0x5a, 0x68, 0x37, 0x03, 0x0f, 0x11, 0x07, 0x32, 0x5e, 0x51, 0x4b, 0x46,
  0x02, 0x48, 0x01, 0xf1, 0xfd, 0xbf, 0x01, 0xae, 0x45, 0x29, 0x3c, 0x73,
  0x5f, 0x1e, 0x07, 0x15, 0x16, 0x0a, 0x24, 0x6c, 0x80, 0x42, 0x1c, 0x16,
  0x45, 0x83, 0x6b, 0x23, 0x0a, 0x15, 0x15, 0x07, 0x1e, 0x60, 0x76, 0x01,
  0xcb, 0xb8, 0xb8, 0x43, 0xfe, 0xc1, 0x01, 0x6b, 0x16, 0x54, 0xa4, 0x90,
  0x38, 0x09, 0x1c, 0x1c, 0x09, 0x30, 0x7f, 0x91, 0xb6, 0x47, 0x01, 0xfd,
  0x2a, 0x00, 0x00, 0x0a, 0x00, 0x12, 0xff, 0xaf, 0x03, 0xcb, 0x03, 0x48,
  0x00, 0x03, 0x00, 0x07, 0x00, 0x0b, 0x00, 0x13, 0x00, 0x20, 0x00, 0x24,
  0x00, 0x31, 0x00, 0x40, 0x00, 0x4d, 0x00, 0x52, 0x00, 0x00, 0x41, 0x33,
  0x11, 0x23, 0x03, 0x21, 0x15, 0x21, 0x17, 0x33, 0x11, 0x23, 0x13, 0x21,
  0x11, 0x21, 0x35, 0x33, 0x35, 0x23, 0x01, 0x17, 0x0e, 0x02, 0x07, 0x2e,
  0x02, 0x27, 0x3e, 0x02, 0x17, 0x21, 0x15, 0x21, 0x37, 0x17, 0x06, 0x02,
  0x06, 0x07, 0x2e, 0x02, 0x27, 0x3e, 0x02, 0x27, 0x1e, 0x03, 0x17, 0x0e,
  0x02, 0x07, 0x2e, 0x03, 0x27, 0x01, 0x17, 0x0e, 0x02, 0x07, 0x2e, 0x02,
  0x27, 0x3e, 0x02, 0x07, 0x37, 0x17, 0x11, 0x23, 0x01, 0x9b, 0x48, 0x48,
  0x8a, 0x01, 0x55, 0xfe, 0xab, 0x1a, 0x43, 0x43, 0x27, 0x01, 0x00, 0xff,
  0x00, 0xbd, 0xbd, 0x01, 0x66, 0x44, 0x0e, 0x2b, 0x39, 0x26, 0x04, 0x12,
  0x12, 0x07, 0x22, 0x32, 0x24, 0x07, 0x01, 0x0c, 0xfe, 0xe1, 0xb2, 0x43,
  0x11, 0x4a, 0x84, 0x6c, 0x04, 0x11, 0x13, 0x08, 0x69, 0x7e, 0x43, 0x8a,
  0x08, 0x20, 0x3b, 0x63, 0x4a, 0x07, 0x12, 0x10, 0x05, 0x4d, 0x64, 0x3e,
  0x20, 0x09, 0xfe, 0x64, 0x45, 0x1c, 0x4d, 0x5a, 0x31, 0x03, 0x0f, 0x10,
  0x06, 0x2c, 0x50, 0x43, 0x39, 0x44, 0x02, 0x46, 0x03, 0x3d, 0xfe, 0x24,
  0x01, 0x24, 0x44, 0xbf, 0xfe, 0x5b, 0x01, 0xa5, 0xfe, 0x9d, 0x42, 0xdf,
  0x02, 0x08, 0x0c, 0x5a, 0xab, 0x96, 0x3a, 0x07, 0x16, 0x17, 0x06, 0x34,
  0x87, 0x9c, 0x72, 0x41, 0x27, 0x05, 0xaa, 0xfe, 0xf9, 0xc3, 0x44, 0x06,
  0x14, 0x14, 0x06, 0x3c, 0xb6, 0xf8, 0x8b, 0x52, 0xb3, 0xa9, 0x90, 0x2f,
  0x06, 0x15, 0x16, 0x0a, 0x36, 0x98, 0xb1, 0xb6, 0x53, 0x01, 0x0b, 0x13,
  0x57, 0xa9, 0x96, 0x3a, 0x09, 0x1d, 0x1e, 0x09, 0x32, 0x82, 0x95, 0xa8,
  0x43, 0x02, 0xfd, 0x21, 0x00, 0x02, 0x00, 0x29, 0xff, 0xb7, 0x03, 0xc4,
  0x03, 0x33, 0x00, 0x14, 0x00, 0x20, 0x00, 0x00, 0x41, 0x37, 0x1e, 0x06,
  0x17, 0x0e, 0x02, 0x07, 0x2e, 0x06, 0x17, 0x17, 0x0e, 0x02, 0x07, 0x2e,
  0x02, 0x27, 0x36, 0x12, 0x01, 0x27, 0x2e, 0x45, 0x63, 0x4b, 0x3f, 0x41,
  0x4d, 0x67, 0x48, 0x06, 0x10, 0x0d, 0x02, 0x4a, 0x6c, 0x52, 0x45, 0x41,
  0x4a, 0x5f, 0x63, 0x54, 0x24, 0x73, 0xa8, 0x72, 0x07, 0x19, 0x1b, 0x0a,
  0xac, 0xc7, 0x02, 0xf3, 0x40, 0x31, 0x72, 0x7b, 0x7f, 0x7e, 0x76, 0x69,
  0x2a, 0x0b, 0x1f, 0x1f, 0x0c, 0x29, 0x6c, 0x7d, 0x85, 0x86, 0x7f, 0x71,
  0x68, 0x10, 0x9d, 0xfb, 0xbe, 0x42, 0x08, 0x16, 0x17, 0x07, 0x59, 0x01,
  0x37, 0x00, 0x00, 0x06, 0x00, 0x1a, 0xff, 0xcc, 0x03, 0xd1, 0x03, 0x53,
  0x00, 0x03, 0x00, 0x07, 0x00, 0x0b, 0x00, 0x0f, 0x00, 0x1b, 0x00, 0x26,
  0x00, 0x00, 0x77, 0x21, 0x15, 0x21, 0x03, 0x21, 0x15, 0x21, 0x03, 0x21,
  0x15, 0x21, 0x01, 0x33, 0x11, 0x23, 0x13, 0x17, 0x0e, 0x02, 0x07, 0x26,
  0x26, 0x27, 0x3e, 0x02, 0x37, 0x16, 0x16, 0x17, 0x06, 0x06, 0x07, 0x2e,
  0x02, 0x27, 0xcb, 0x02, 0x5e, 0xfd, 0xa2, 0x06, 0x02, 0x64, 0xfd, 0x9c,
  0x79, 0x03, 0x55, 0xfc, 0xab, 0x01, 0x81, 0x4e, 0x4e, 0x20, 0x42, 0x38,
  0x99, 0xb2, 0x5d, 0x09, 0x1e, 0x0e, 0x5c, 0xb0, 0x95, 0x4e, 0x60, 0xe7,
  0x81, 0x0e, 0x1e, 0x08, 0x57, 0xa1, 0x94, 0x46, 0xf8, 0x43, 0x01, 0x22,
  0x43, 0xfe, 0x7c, 0x44, 0x01, 0xef, 0xfe, 0x2f, 0x03, 0x69, 0x1f, 0x55,
  0x9d, 0x82, 0x2f, 0x0f, 0x22, 0x0c, 0x2a, 0x79, 0x93, 0x2f, 0x76, 0xac,
  0x45, 0x0b, 0x24, 0x10, 0x34, 0x73, 0x89, 0x56, 0x00, 0x06, 0x00, 0x30,
  0xff, 0xb1, 0x03, 0xc0, 0x03, 0x44, 0x00, 0x03, 0x00, 0x07, 0x00, 0x14,
  0x00, 0x1e, 0x00, 0x27, 0x00, 0x3a, 0x00, 0x00, 0x53, 0x21, 0x15, 0x21,
  0x07, 0x21, 0x15, 0x21, 0x25, 0x1e, 0x02, 0x17, 0x0e, 0x02, 0x07, 0x2e,
  0x02, 0x27, 0x13, 0x17, 0x0e, 0x02, 0x07, 0x27, 0x3e, 0x02, 0x05, 0x37,
  0x16, 0x16, 0x17, 0x07, 0x2e, 0x02, 0x17, 0x33, 0x15, 0x14, 0x0e, 0x03,
  0x07, 0x2e, 0x02, 0x27, 0x3e, 0x04, 0x35, 0x81, 0x02, 0xf0, 0xfd, 0x10,
  0x3d, 0x03, 0x63, 0xfc, 0x9d, 0x01, 0xda, 0x23, 0x76, 0xa4, 0x65, 0x08,
  0x15, 0x12, 0x06, 0x69, 0xa6, 0x7a, 0x28, 0xed, 0x51, 0x15, 0x30, 0x31,
  0x16, 0x3f, 0x15, 0x2e, 0x29, 0xfe, 0x27, 0x3f, 0x20, 0x3b, 0x0e, 0x44,
  0x08, 0x20, 0x27, 0xd8, 0x55, 0x10, 0x32, 0x61, 0xa1, 0x78, 0x04, 0x12,
  0x15, 0x0b, 0x73, 0x96, 0x5a, 0x2c, 0x0e, 0x02, 0x73, 0x4b, 0xb2, 0x4a,
  0x32, 0x57, 0x8c, 0x63, 0x19, 0x09, 0x19, 0x1b, 0x0c, 0x20, 0x71, 0xa0,
  0x64, 0x01, 0xf9, 0x1b, 0x27, 0x52, 0x4b, 0x1d, 0x1a, 0x1e, 0x4f, 0x53,
  0x03, 0x20, 0x26, 0x5f, 0x23, 0x25, 0x18, 0x3c, 0x3f, 0xad, 0xab, 0x31,
  0x6b, 0x6b, 0x6a, 0x61, 0x2a, 0x09, 0x18, 0x19, 0x08, 0x27, 0x56, 0x5d,
  0x5d, 0x5b, 0x29, 0x00, 0x00, 0x08, 0x00, 0x2d, 0xff, 0xb2, 0x03, 0xb5,
  0x03, 0x47, 0x00, 0x03, 0x00, 0x07, 0x00, 0x0b, 0x00, 0x0f, 0x00, 0x13,
  0x00, 0x17, 0x00, 0x21, 0x00, 0x2d, 0x00, 0x00, 0x77, 0x21, 0x15, 0x21,
  0x13, 0x21, 0x15, 0x21, 0x17, 0x21, 0x15, 0x21, 0x15, 0x21, 0x15, 0x21,
  0x03, 0x33, 0x11, 0x23, 0x01, 0x33, 0x11, 0x23, 0x07, 0x37, 0x1e, 0x02,
  0x17, 0x07, 0x2e, 0x02, 0x25, 0x17, 0x0e, 0x02, 0x07, 0x26, 0x26, 0x27,
  0x3e, 0x02, 0x36, 0x03, 0x7c, 0xfc, 0x84, 0x1d, 0x03, 0x47, 0xfc, 0xb9,
  0xcb, 0x01, 0xae, 0xfe, 0x52, 0x01, 0xae, 0xfe, 0x52, 0x2f, 0x4a, 0x4a,
  0x01, 0xbf, 0x4b, 0x4b, 0x71, 0x34, 0x3b, 0x77, 0x6b, 0x27, 0x45, 0x22,
  0x63, 0x73, 0xfe, 0xf1, 0x43, 0x2c, 0x73, 0x79, 0x36, 0x08, 0x1d, 0x0c,
  0x36, 0x78, 0x6b, 0xcd, 0x46, 0x02, 0x4c, 0x46, 0x64, 0x41, 0x6d, 0x40,
  0x02, 0x0c, 0xfd, 0x67, 0x02, 0x99, 0xfd, 0x67, 0x6d, 0x2f, 0x14, 0x31,
  0x30, 0x15, 0x32, 0x16, 0x30, 0x31, 0x4b, 0x2f, 0x1c, 0x37, 0x30, 0x12,
  0x0c, 0x22, 0x0b, 0x10, 0x2f, 0x34, 0x00, 0x04, 0x00, 0x63, 0xff, 0xae,
  0x03, 0x87, 0x03, 0x48, 0x00, 0x0b, 0x00, 0x1e, 0x00, 0x24, 0x00, 0x38,
  0x00, 0x00, 0x41, 0x37, 0x1e, 0x03, 0x17, 0x07, 0x2e, 0x03, 0x03, 0x33,
  0x15, 0x14, 0x0e, 0x03, 0x07, 0x2e, 0x02, 0x27, 0x3e, 0x04, 0x35, 0x25,
  0x21, 0x15, 0x21, 0x11, 0x23, 0x01, 0x33, 0x11, 0x14, 0x06, 0x07, 0x06,
  0x06, 0x23, 0x2e, 0x02, 0x27, 0x16, 0x16, 0x32, 0x33, 0x36, 0x36, 0x35,
  0x01, 0xc4, 0x38, 0x26, 0x54, 0x50, 0x46, 0x18, 0x3e, 0x17, 0x43, 0x4f,
  0x53, 0x1b, 0x4c, 0x0b, 0x1f, 0x3f, 0x68, 0x4d, 0x05, 0x13, 0x15, 0x09,
  0x4b, 0x62, 0x39, 0x1a, 0x08, 0xfe, 0x94, 0x02, 0xfc, 0xfd, 0x4e, 0x4a,
  0x02, 0xda, 0x4a, 0x14, 0x19, 0x1b, 0x5d, 0x43, 0x02, 0x08, 0x0a, 0x06,
  0x24, 0x41, 0x31, 0x09, 0x0f, 0x0a, 0x01, 0xb2, 0x29, 0x21, 0x4d, 0x4f,
  0x49, 0x1d, 0x31, 0x1e, 0x4a, 0x52, 0x4f, 0x01, 0xb8, 0xc4, 0x30, 0x6a,
  0x6e, 0x6e, 0x66, 0x2e, 0x09, 0x14, 0x16, 0x06, 0x28, 0x5d, 0x63, 0x62,
  0x5e, 0x2a, 0x18, 0x4a, 0xfd, 0x5b, 0x02, 0xef, 0xfd, 0x76, 0x25, 0x27,
  0x0a, 0x09, 0x03, 0x0b, 0x1b, 0x1c, 0x0a, 0x01, 0x01, 0x01, 0x0b, 0x0d,
  0x00, 0x09, 0x00, 0x30, 0xff, 0xb0, 0x03, 0xba, 0x03, 0x41, 0x00, 0x03,
  0x00, 0x07, 0x00, 0x0b, 0x00, 0x18, 0x00, 0x20, 0x00, 0x24, 0x00, 0x2c,
  0x00, 0x36, 0x00, 0x40, 0x00, 0x00, 0x41, 0x21, 0x15, 0x21, 0x17, 0x21,
  0x15, 0x21, 0x15, 0x21, 0x15, 0x21, 0x13, 0x17, 0x0e, 0x02, 0x07, 0x2e,
  0x02, 0x27, 0x3e, 0x02, 0x17, 0x21, 0x15, 0x21, 0x11, 0x23, 0x11, 0x37,
  0x17, 0x33, 0x11, 0x23, 0x03, 0x37, 0x16, 0x16, 0x17, 0x07, 0x26, 0x26,
  0x05, 0x37, 0x1e, 0x02, 0x17, 0x07, 0x2e, 0x02, 0x03, 0x3e, 0x02, 0x37,
  0x17, 0x0e, 0x02, 0x07, 0x01, 0x9e, 0x01, 0xf3, 0xfe, 0x0d, 0x01, 0x01,
  0xf1, 0xfe, 0x0f, 0x02, 0x1b, 0xfd, 0xe5, 0x1e, 0x46, 0x1d, 0x4e, 0x5b,
  0x33, 0x05, 0x15, 0x15, 0x08, 0x32, 0x57, 0x48, 0x0f, 0x01, 0xf3, 0xfe,
  0x0d, 0x46, 0x37, 0xe2, 0x49, 0x49, 0x27, 0x3f, 0x18, 0x2c, 0x0c, 0x44,
  0x0b, 0x2b, 0xfd, 0xbc, 0x41, 0x1a, 0x36, 0x2f, 0x0d, 0x46, 0x0d, 0x2d,
  0x34, 0x19, 0x17, 0x36, 0x36, 0x16, 0x43, 0x15, 0x31, 0x32, 0x18, 0x01,
  0xcd, 0x42, 0x85, 0x42, 0x89, 0x44, 0x03, 0x48, 0x11, 0x53, 0xa0, 0x8a,
  0x35, 0x07, 0x15, 0x13, 0x06, 0x30, 0x7f, 0x93, 0x5e, 0x41, 0xfd, 0x5c,
  0x02, 0xaa, 0x3b, 0x25, 0xfd, 0xa6, 0x03, 0x0f, 0x1c, 0x21, 0x4e, 0x1d,
  0x22, 0x1e, 0x52, 0x06, 0x1f, 0x22, 0x51, 0x4d, 0x1d, 0x25, 0x1e, 0x4f,
  0x53, 0xfd, 0x28, 0x2a, 0x70, 0x7c, 0x3b, 0x24, 0x38, 0x77, 0x71, 0x30,
  0x00, 0x06, 0x00, 0x24, 0xff, 0xb1, 0x03, 0x91, 0x03, 0x47, 0x00, 0x03,
  0x00, 0x15, 0x00, 0x19, 0x00, 0x31, 0x00, 0x3e, 0x00, 0x48, 0x00, 0x00,
  0x41, 0x33, 0x11, 0x23, 0x13, 0x33, 0x11, 0x14, 0x06, 0x07, 0x06, 0x06,
  0x23, 0x26, 0x26, 0x27, 0x16, 0x32, 0x33, 0x36, 0x36, 0x35, 0x01, 0x25,
  0x17, 0x05, 0x13, 0x33, 0x14, 0x1e, 0x03, 0x33, 0x32, 0x36, 0x37, 0x16,
  0x16, 0x17, 0x0e, 0x02, 0x23, 0x22, 0x2e, 0x04, 0x05, 0x17, 0x0e, 0x02,
  0x07, 0x2e, 0x02, 0x27, 0x3e, 0x02, 0x03, 0x37, 0x1e, 0x02, 0x17, 0x07,
  0x2e, 0x02, 0x02, 0x86, 0x49, 0x49, 0xc2, 0x49, 0x14, 0x16, 0x17, 0x51,
  0x41, 0x02, 0x0f, 0x08, 0x2f, 0x4f, 0x0c, 0x0e, 0x0b, 0xfc, 0xdc, 0x02,
  0x28, 0x07, 0xfd, 0xd8, 0x88, 0x4d, 0x1a, 0x2f, 0x3b, 0x41, 0x1f, 0x13,
  0x14, 0x04, 0x0c, 0x24, 0x0f, 0x07, 0x19, 0x2b, 0x23, 0x2d, 0x4e, 0x41,
  0x35, 0x25, 0x14, 0x01, 0x18, 0x48, 0x2f, 0x87, 0xa6, 0x5f, 0x05, 0x13,
  0x15, 0x08, 0x5e, 0xa1, 0x7f, 0x6f, 0x32, 0x1b, 0x38, 0x31, 0x0e, 0x35,
  0x0e, 0x2f, 0x38, 0x02, 0xda, 0xfd, 0xdb, 0x02, 0x89, 0xfc, 0xd4, 0x24,
  0x25, 0x0a, 0x09, 0x05, 0x0f, 0x2b, 0x10, 0x01, 0x01, 0x09, 0x0d, 0x02,
  0x0e, 0x3f, 0x47, 0x3f, 0x01, 0x6f, 0x88, 0xfa, 0xd3, 0x9d, 0x57, 0x4b,
  0x58, 0x0c, 0x16, 0x06, 0x4c, 0x56, 0x23, 0x45, 0x7f, 0xab, 0xcc, 0xe2,
  0xf4, 0x15, 0x72, 0xbf, 0x9a, 0x38, 0x08, 0x16, 0x17, 0x07, 0x32, 0x8e,
  0xb3, 0x01, 0x96, 0x28, 0x13, 0x31, 0x31, 0x14, 0x2e, 0x14, 0x33, 0x33,
  0x00, 0x09, 0x00, 0x3e, 0xff, 0xc5, 0x03, 0x90, 0x03, 0x38, 0x00, 0x03,
  0x00, 0x07, 0x00, 0x11, 0x00, 0x15, 0x00, 0x1f, 0x00, 0x23, 0x00, 0x35,
  0x00, 0x4b, 0x00, 0x57, 0x00, 0x00, 0x53, 0x21, 0x15, 0x21, 0x37, 0x33,
  0x11, 0x23, 0x27, 0x3e, 0x02, 0x37, 0x17, 0x0e, 0x02, 0x07, 0x03, 0x21,
  0x15, 0x21, 0x05, 0x37, 0x1e, 0x02, 0x17, 0x07, 0x2e, 0x02, 0x37, 0x33,
  0x11, 0x23, 0x13, 0x33, 0x11, 0x14, 0x06, 0x07, 0x06, 0x06, 0x23, 0x26,
  0x26, 0x27, 0x16, 0x16, 0x37, 0x32, 0x36, 0x35, 0x01, 0x2e, 0x02, 0x27,
  0x36, 0x36, 0x37, 0x3e, 0x02, 0x37, 0x17, 0x0e, 0x02, 0x07, 0x15, 0x30,
  0x0e, 0x02, 0x15, 0x27, 0x37, 0x25, 0x16, 0x16, 0x17, 0x0e, 0x04, 0x61,
  0x01, 0xd4, 0xfe, 0x2c, 0xc5, 0x47, 0x47, 0xe8, 0x3f, 0xa8, 0xbc, 0x5e,
  0x04, 0x59, 0xb4, 0xa5, 0x42, 0x08, 0x02, 0x02, 0xfd, 0xfe, 0x01, 0x34,
  0x37, 0x1c, 0x3b, 0x32, 0x0e, 0x39, 0x0e, 0x31, 0x3a, 0xea, 0x46, 0x46,
  0xc6, 0x49, 0x12, 0x17, 0x17, 0x4f, 0x37, 0x02, 0x11, 0x09, 0x2c, 0x4a,
  0x0d, 0x0d, 0x09, 0xfd, 0x30, 0x02, 0x08, 0x0a, 0x05, 0x0c, 0x18, 0x0c,
  0x09, 0x28, 0x2b, 0x11, 0x49, 0x16, 0x34, 0x39, 0x1c, 0x0e, 0x12, 0x0e,
  0x01, 0x27, 0x01, 0x50, 0x07, 0x12, 0x07, 0x66, 0x8b, 0x55, 0x31, 0x18,
  0x01, 0x3e, 0x43, 0xae, 0xfe, 0x7d, 0x04, 0x0a, 0x1d, 0x23, 0x11, 0x42,
  0x11, 0x24, 0x1f, 0x0d, 0x03, 0x24, 0x42, 0x41, 0x20, 0x22, 0x4e, 0x4a,
  0x1d, 0x26, 0x1d, 0x4d, 0x51, 0x91, 0xfd, 0xa2, 0x02, 0xa4, 0xfc, 0xed,
  0x23, 0x25, 0x09, 0x09, 0x06, 0x10, 0x2c, 0x0f, 0x01, 0x01, 0x01, 0x09,
  0x0d, 0x01, 0x92, 0x08, 0x1a, 0x1b, 0x0a, 0x02, 0x18, 0x12, 0x0c, 0x3f,
  0x55, 0x2c, 0x1e, 0x2d, 0x5a, 0x51, 0x20, 0x02, 0x07, 0x0c, 0x0e, 0x06,
  0x36, 0x18, 0x1d, 0x0f, 0x20, 0x0c, 0x0a, 0x0e, 0x08, 0x07, 0x05, 0x00,
  0x00, 0x08, 0x00, 0x29, 0xff, 0xb1, 0x03, 0xa0, 0x03, 0x44, 0x00, 0x03,
  0x00, 0x15, 0x00, 0x19, 0x00, 0x2a, 0x00, 0x30, 0x00, 0x34, 0x00, 0x38,
  0x00, 0x43, 0x00, 0x00, 0x41, 0x33, 0x11, 0x23, 0x13, 0x33, 0x11, 0x14,
  0x06, 0x07, 0x06, 0x06, 0x23, 0x26, 0x26, 0x27, 0x16, 0x16, 0x37, 0x32,
  0x36, 0x35, 0x01, 0x33, 0x11, 0x23, 0x13, 0x33, 0x11, 0x14, 0x06, 0x07,
  0x06, 0x06, 0x23, 0x26, 0x26, 0x27, 0x16, 0x32, 0x33, 0x32, 0x35, 0x01,
  0x21, 0x15, 0x21, 0x11, 0x23, 0x03, 0x21, 0x15, 0x21, 0x37, 0x21, 0x15,
  0x21, 0x37, 0x17, 0x06, 0x06, 0x07, 0x2e, 0x02, 0x27, 0x36, 0x36, 0x02,
  0xa4, 0x47, 0x47, 0xb2, 0x4a, 0x14, 0x17, 0x17, 0x51, 0x38, 0x03, 0x0e,
  0x08, 0x2d, 0x4b, 0x0e, 0x0b, 0x09, 0xfd, 0xcb, 0x48, 0x48, 0xd3, 0x45,
  0x0c, 0x13, 0x11, 0x3b, 0x29, 0x02, 0x0c, 0x07, 0x20, 0x2e, 0x08, 0x0e,
  0xfe, 0x67, 0x01, 0xb5, 0xfe, 0x8f, 0x44, 0x2e, 0x02, 0x2f, 0xfd, 0xd1,
  0x60, 0x01, 0xa8, 0xfe, 0x4a, 0x0f, 0x46, 0x12, 0x37, 0x1f, 0x08, 0x18,
  0x19, 0x0a, 0x23, 0x32, 0x02, 0xec, 0xfd, 0xd6, 0x02, 0x7c, 0xfc, 0xda,
  0x25, 0x26, 0x0b, 0x09, 0x05, 0x10, 0x2d, 0x12, 0x01, 0x01, 0x01, 0x09,
  0x0c, 0x03, 0x2d, 0xfc, 0x6d, 0x01, 0xae, 0xfe, 0xee, 0x1a, 0x1f, 0x09,
  0x08, 0x04, 0x0f, 0x25, 0x0e, 0x01, 0x0e, 0x01, 0x11, 0x44, 0xfe, 0xe7,
  0x02, 0x08, 0x45, 0xf3, 0x45, 0xbd, 0x0e, 0x4e, 0x95, 0x33, 0x04, 0x0b,
  0x0a, 0x03, 0x33, 0x8d, 0x00, 0x07, 0x00, 0x1d, 0xff, 0xb1, 0x03, 0x98,
  0x03, 0x35, 0x00, 0x03, 0x00, 0x15, 0x00, 0x19, 0x00, 0x2b, 0x00, 0x3c,
  0x00, 0x44, 0x00, 0x4a, 0x00, 0x00, 0x41, 0x33, 0x11, 0x23, 0x13, 0x33,
  0x11, 0x14, 0x06, 0x07, 0x06, 0x06, 0x23, 0x26, 0x26, 0x27, 0x16, 0x32,
  0x33, 0x36, 0x36, 0x35, 0x01, 0x33, 0x11, 0x23, 0x13, 0x33, 0x11, 0x14,
  0x06, 0x07, 0x06, 0x06, 0x23, 0x26, 0x26, 0x27, 0x16, 0x32, 0x33, 0x36,
  0x36, 0x35, 0x01, 0x33, 0x11, 0x14, 0x0e, 0x02, 0x07, 0x2e, 0x02, 0x27,
  0x3e, 0x03, 0x35, 0x13, 0x21, 0x11, 0x21, 0x35, 0x21, 0x35, 0x21, 0x13,
  0x21, 0x15, 0x21, 0x11, 0x23, 0x02, 0x87, 0x47, 0x47, 0xc8, 0x49, 0x14,
  0x16, 0x17, 0x51, 0x38, 0x03, 0x0e, 0x08, 0x2c, 0x4c, 0x0d, 0x0c, 0x09,
  0xfe, 0x0b, 0x41, 0x41, 0xa9, 0x3f, 0x0a, 0x10, 0x10, 0x31, 0x24, 0x01,
  0x0c, 0x08, 0x1b, 0x27, 0x07, 0x08, 0x04, 0xfe, 0x67, 0x44, 0x06, 0x12,
  0x23, 0x1d, 0x05, 0x15, 0x16, 0x09, 0x1b, 0x1f, 0x0f, 0x04, 0x25, 0x01,
  0xaf, 0xfe, 0x51, 0x01, 0x68, 0xfe, 0x98, 0x31, 0x01, 0x63, 0xfe, 0xd7,
  0x3a, 0x02, 0xe0, 0xfd, 0xcd, 0x02, 0x88, 0xfc, 0xdf, 0x25, 0x25, 0x0a,
  0x09, 0x06, 0x10, 0x2d, 0x11, 0x01, 0x01, 0x08, 0x0d, 0x01, 0xf9, 0xfd,
  0xa5, 0x01, 0xef, 0xfe, 0xcd, 0x17, 0x1d, 0x08, 0x09, 0x04, 0x0e, 0x23,
  0x0d, 0x01, 0x01, 0x05, 0x07, 0x02, 0xa0, 0xfe, 0xae, 0x38, 0x83, 0x88,
  0x81, 0x36, 0x07, 0x11, 0x0f, 0x04, 0x32, 0x75, 0x7c, 0x78, 0x34, 0x01,
  0x52, 0xfe, 0xf9, 0x44, 0x7f, 0xfe, 0xd6, 0x40, 0xfe, 0xbd, 0x00, 0x03,
  0x00, 0x35, 0xff, 0xac, 0x03, 0x8b, 0x03, 0x46, 0x00, 0x03, 0x00, 0x22,
  0x00, 0x35, 0x00, 0x00, 0x53, 0x21, 0x15, 0x21, 0x25, 0x33, 0x30, 0x14,
  0x06, 0x07, 0x0e, 0x03, 0x07, 0x06, 0x06, 0x07, 0x06, 0x26, 0x27, 0x26,
  0x26, 0x27, 0x16, 0x16, 0x33, 0x32, 0x36, 0x37, 0x3e, 0x03, 0x37, 0x25,
  0x33, 0x15, 0x14, 0x0e, 0x03, 0x07, 0x2e, 0x02, 0x27, 0x3e, 0x04, 0x35,
  0x53, 0x03, 0x08, 0xfc, 0xf8, 0x02, 0xeb, 0x4d, 0x01, 0x01, 0x08, 0x11,
  0x15, 0x19, 0x11, 0x12, 0x27, 0x1d, 0x19, 0x59, 0x2e, 0x01, 0x0d, 0x0c,
  0x34, 0x57, 0x13, 0x10, 0x15, 0x09, 0x0e, 0x17, 0x13, 0x11, 0x08, 0xfe,
  0x5c, 0x4e, 0x0c, 0x28, 0x52, 0x8a, 0x69, 0x06, 0x14, 0x16, 0x0a, 0x64,
  0x83, 0x4d, 0x25, 0x0c, 0x02, 0x6e, 0x4d, 0x4d, 0x10, 0x12, 0x06, 0x9b,
  0xda, 0x8d, 0x51, 0x12, 0x16, 0x10, 0x03, 0x02, 0x02, 0x02, 0x11, 0x2c,
  0x10, 0x04, 0x03, 0x06, 0x0a, 0x0d, 0x4d, 0x8b, 0xd4, 0x95, 0xe8, 0xad,
  0x45, 0x99, 0x9f, 0x9e, 0x93, 0x3f, 0x0a, 0x16, 0x15, 0x06, 0x3c, 0x88,
  0x91, 0x92, 0x8c, 0x3f, 0x00, 0x05, 0x00, 0x1c, 0xff, 0xaf, 0x03, 0x91,
  0x03, 0x3b, 0x00, 0x03, 0x00, 0x07, 0x00, 0x0f, 0x00, 0x2e, 0x00, 0x3e,
  0x00, 0x00, 0x65, 0x21, 0x15, 0x21, 0x01, 0x21, 0x15, 0x21, 0x25, 0x21,
  0x11, 0x23, 0x11, 0x23, 0x11, 0x23, 0x03, 0x33, 0x30, 0x14, 0x14, 0x15,
  0x0e, 0x03, 0x07, 0x06, 0x06, 0x07, 0x06, 0x26, 0x27, 0x26, 0x26, 0x27,
  0x16, 0x16, 0x33, 0x16, 0x36, 0x37, 0x3e, 0x03, 0x37, 0x27, 0x33, 0x06,
  0x02, 0x06, 0x06, 0x07, 0x2e, 0x02, 0x27, 0x3e, 0x04, 0x02, 0x5d, 0x01,
  0x10, 0xfe, 0xf0, 0xfd, 0xd8, 0x01, 0x81, 0xfe, 0x7f, 0x02, 0x07, 0x01,
  0x55, 0x4b, 0xc2, 0x48, 0x9a, 0x48, 0x03, 0x06, 0x0a, 0x0f, 0x0c, 0x0e,
  0x1e, 0x16, 0x15, 0x41, 0x21, 0x01, 0x0b, 0x0a, 0x23, 0x3c, 0x0d, 0x0b,
  0x10, 0x07, 0x08, 0x0c, 0x0a, 0x06, 0x03, 0xdf, 0x4a, 0x01, 0x08, 0x21,
  0x4b, 0x42, 0x06, 0x14, 0x16, 0x0a, 0x32, 0x3f, 0x24, 0x0f, 0x03, 0x51,
  0x48, 0x02, 0x82, 0x4a, 0x8b, 0xfc, 0xfb, 0x02, 0xbc, 0xfd, 0x3c, 0x02,
  0xcc, 0x0f, 0x13, 0x05, 0xa7, 0xe4, 0x91, 0x4e, 0x10, 0x13, 0x11, 0x03,
  0x03, 0x01, 0x02, 0x11, 0x2a, 0x10, 0x03, 0x01, 0x01, 0x07, 0x0a, 0x0b,
  0x49, 0x8c, 0xdf, 0xa0, 0xc2, 0x8b, 0xfe, 0xf8, 0xec, 0xc5, 0x48, 0x09,
  0x13, 0x12, 0x06, 0x34, 0x8c, 0xa7, 0xbd, 0xcb, 0x00, 0x07, 0x00, 0x2e,
  0xff, 0xb2, 0x03, 0xc1, 0x03, 0x49, 0x00, 0x03, 0x00, 0x21, 0x00, 0x2e,
  0x00, 0x32, 0x00, 0x43, 0x00, 0x50, 0x00, 0x5c, 0x00, 0x00, 0x53, 0x21,
  0x15, 0x21, 0x25, 0x33, 0x30, 0x06, 0x06, 0x07, 0x0e, 0x02, 0x07, 0x06,
  0x06, 0x07, 0x22, 0x26, 0x27, 0x26, 0x26, 0x27, 0x1e, 0x02, 0x33, 0x32,
  0x36, 0x37, 0x3e, 0x02, 0x37, 0x25, 0x17, 0x0e, 0x02, 0x07, 0x2e, 0x02,
  0x27, 0x3e, 0x02, 0x03, 0x21, 0x15, 0x21, 0x25, 0x33, 0x37, 0x17, 0x0e,
  0x03, 0x07, 0x26, 0x26, 0x27, 0x3e, 0x03, 0x37, 0x05, 0x1e, 0x02, 0x17,
  0x0e, 0x02, 0x07, 0x2e, 0x02, 0x27, 0x37, 0x17, 0x06, 0x06, 0x07, 0x2e,
  0x02, 0x27, 0x3e, 0x02, 0x7e, 0x02, 0xb7, 0xfd, 0x49, 0x02, 0x9d, 0x4b,
  0x01, 0x01, 0x02, 0x0b, 0x17, 0x1c, 0x11, 0x10, 0x26, 0x1b, 0x17, 0x52,
  0x2d, 0x01, 0x0d, 0x0a, 0x1f, 0x3d, 0x30, 0x0c, 0x10, 0x14, 0x08, 0x0d,
  0x18, 0x14, 0x0a, 0xfe, 0xa3, 0x4e, 0x14, 0x68, 0xaf, 0x7f, 0x03, 0x0f,
  0x10, 0x07, 0x79, 0xa2, 0x5c, 0x6e, 0x01, 0xe5, 0xfe, 0x1b, 0x01, 0xd3,
  0x0f, 0x0d, 0x2d, 0x36, 0xab, 0xd5, 0xe9, 0x73, 0x04, 0x11, 0x09, 0x6f,
  0xe1, 0xca, 0x9f, 0x2e, 0xfe, 0x2c, 0x37, 0xbe, 0xfb, 0x90, 0x07, 0x11,
  0x0e, 0x04, 0x92, 0xfe, 0xc5, 0x40, 0x7c, 0x4e, 0x32, 0x9f, 0x72, 0x05,
  0x10, 0x12, 0x08, 0x47, 0x71, 0x53, 0x01, 0x1a, 0x42, 0x42, 0x0c, 0x10,
  0x06, 0x5a, 0x76, 0x42, 0x0f, 0x0f, 0x0b, 0x02, 0x01, 0x02, 0x10, 0x25,
  0x0e, 0x03, 0x03, 0x01, 0x04, 0x06, 0x0b, 0x3d, 0x6f, 0x54, 0x6e, 0x06,
  0x87, 0xb3, 0x6c, 0x1f, 0x09, 0x17, 0x18, 0x08, 0x17, 0x5d, 0x9f, 0x01,
  0xdc, 0x40, 0x40, 0x04, 0x1f, 0x51, 0x79, 0x54, 0x35, 0x0e, 0x0e, 0x27,
  0x0d, 0x0b, 0x2e, 0x4b, 0x68, 0x44, 0x41, 0x46, 0x5f, 0x34, 0x08, 0x09,
  0x18, 0x18, 0x0b, 0x0d, 0x3e, 0x6d, 0x53, 0xcd, 0x0f, 0x51, 0x9e, 0x40,
  0x09, 0x15, 0x14, 0x06, 0x25, 0x58, 0x5e, 0x00, 0x00, 0x08, 0x00, 0x36,
  0xff, 0xb1, 0x03, 0xb1, 0x03, 0x37, 0x00, 0x03, 0x00, 0x22, 0x00, 0x33,
  0x00, 0x37, 0x00, 0x3b, 0x00, 0x45, 0x00, 0x51, 0x00, 0x68, 0x00, 0x00,
  0x41, 0x21, 0x15, 0x21, 0x25, 0x33, 0x30, 0x14, 0x14, 0x15, 0x0e, 0x03,
  0x07, 0x06, 0x06, 0x07, 0x06, 0x22, 0x27, 0x26, 0x26, 0x27, 0x16, 0x16,
  0x33, 0x32, 0x36, 0x37, 0x3e, 0x03, 0x37, 0x27, 0x33, 0x0e, 0x04, 0x07,
  0x2e, 0x02, 0x27, 0x3e, 0x04, 0x25, 0x21, 0x15, 0x21, 0x07, 0x21, 0x15,
  0x21, 0x05, 0x37, 0x1e, 0x02, 0x17, 0x07, 0x2e, 0x02, 0x01, 0x27, 0x37,
  0x25, 0x16, 0x16, 0x17, 0x0e, 0x04, 0x07, 0x2e, 0x02, 0x27, 0x36, 0x36,
  0x37, 0x3e, 0x03, 0x37, 0x17, 0x0e, 0x02, 0x07, 0x15, 0x30, 0x0e, 0x02,
  0x01, 0xfb, 0x01, 0x92, 0xfe, 0x6e, 0x01, 0x6d, 0x49, 0x05, 0x0b, 0x0d,
  0x12, 0x0e, 0x0f, 0x21, 0x18, 0x17, 0x4c, 0x28, 0x01, 0x0c, 0x0a, 0x2a,
  0x48, 0x10, 0x0d, 0x13, 0x07, 0x0b, 0x0f, 0x0c, 0x0a, 0x05, 0xdb, 0x4a,
  0x01, 0x05, 0x15, 0x2c, 0x4f, 0x3c, 0x07, 0x14, 0x16, 0x0a, 0x3a, 0x49,
  0x29, 0x12, 0x05, 0xfd, 0xcc, 0x01, 0x83, 0xfe, 0x7d, 0x23, 0x01, 0xb8,
  0xfe, 0x48, 0x01, 0x26, 0x3e, 0x13, 0x28, 0x22, 0x09, 0x42, 0x08, 0x21,
  0x26, 0xfe, 0xeb, 0x06, 0x26, 0x01, 0x47, 0x02, 0x06, 0x03, 0x5d, 0x7c,
  0x4f, 0x2d, 0x16, 0x08, 0x02, 0x08, 0x0a, 0x04, 0x0c, 0x15, 0x0d, 0x06,
  0x16, 0x1c, 0x19, 0x09, 0x4a, 0x10, 0x2b, 0x31, 0x19, 0x10, 0x15, 0x10,
  0x02, 0x61, 0x48, 0x48, 0x0e, 0x12, 0x06, 0x9b, 0xd5, 0x89, 0x4c, 0x11,
  0x13, 0x10, 0x03, 0x02, 0x03, 0x10, 0x2a, 0x10, 0x04, 0x02, 0x06, 0x09,
  0x0c, 0x47, 0x85, 0xd0, 0x95, 0xe7, 0x69, 0xd0, 0xc7, 0xb4, 0x98, 0x3a,
  0x09, 0x15, 0x13, 0x05, 0x35, 0x8e, 0xaa, 0xbc, 0xc5, 0x21, 0x43, 0xab,
  0x45, 0x67, 0x11, 0x2d, 0x67, 0x60, 0x23, 0x16, 0x24, 0x61, 0x69, 0xfe,
  0xfd, 0x40, 0x1b, 0x45, 0x0f, 0x26, 0x0c, 0x15, 0x1c, 0x13, 0x0e, 0x08,
  0x04, 0x08, 0x19, 0x1b, 0x09, 0x04, 0x25, 0x1d, 0x0e, 0x3f, 0x56, 0x63,
  0x31, 0x18, 0x42, 0x8b, 0x7f, 0x33, 0x02, 0x08, 0x0d, 0x0e, 0x00, 0x04,
  0x00, 0x2a, 0xff, 0xb0, 0x03, 0xc2, 0x03, 0x48, 0x00, 0x20, 0x00, 0x2d,
  0x00, 0x3a, 0x00, 0x3f, 0x00, 0x00, 0x41, 0x33, 0x11, 0x14, 0x16, 0x33,
  0x3a, 0x03, 0x33, 0x32, 0x36, 0x36, 0x37, 0x1e, 0x02, 0x17, 0x0e, 0x02,
  0x23, 0x2a, 0x04, 0x23, 0x22, 0x26, 0x26, 0x35, 0x01, 0x17, 0x0e, 0x02,
  0x07, 0x2e, 0x02, 0x27, 0x3e, 0x02, 0x25, 0x17, 0x0e, 0x02, 0x07, 0x2e,
  0x02, 0x27, 0x3e, 0x02, 0x07, 0x37, 0x17, 0x11, 0x23, 0x02, 0x04, 0x50,
  0x16, 0x24, 0x09, 0x2d, 0x36, 0x2f, 0x0b, 0x1a, 0x1a, 0x0c, 0x03, 0x0b,
  0x1a, 0x1b, 0x0b, 0x05, 0x18, 0x38, 0x35, 0x07, 0x23, 0x2f, 0x2f, 0x23,
  0x07, 0x32, 0x38, 0x18, 0x01, 0x5f, 0x48, 0x47, 0xba, 0xcc, 0x65, 0x06,
  0x12, 0x15, 0x0a, 0x63, 0xc9, 0xb4, 0xfe, 0x17, 0x4a, 0x23, 0x5f, 0x6c,
  0x39, 0x04, 0x12, 0x14, 0x08, 0x36, 0x65, 0x55, 0x4b, 0x4e, 0x01, 0x4f,
  0x03, 0x36, 0xfd, 0x19, 0x29, 0x19, 0x24, 0x5d, 0x56, 0x08, 0x0f, 0x0b,
  0x03, 0x5e, 0x6e, 0x31, 0x19, 0x3f, 0x37, 0x02, 0x66, 0x30, 0x64, 0xb1,
  0x91, 0x34, 0x09, 0x14, 0x15, 0x07, 0x31, 0x8e, 0xb0, 0xf3, 0x17, 0x55,
  0xa4, 0x90, 0x37, 0x08, 0x1c, 0x1d, 0x08, 0x30, 0x7f, 0x93, 0xac, 0x4d,
  0x01, 0xfd, 0x14, 0x00, 0x00, 0x07, 0x00, 0x36, 0xff, 0xb1, 0x03, 0xb5,
  0x03, 0x44, 0x00, 0x03, 0x00, 0x07, 0x00, 0x0b, 0x00, 0x0f, 0x00, 0x13,
  0x00, 0x1b, 0x00, 0x24, 0x00, 0x00, 0x41, 0x33, 0x11, 0x23, 0x03, 0x15,
  0x21, 0x35, 0x25, 0x15, 0x21, 0x35, 0x25, 0x21, 0x11, 0x21, 0x07, 0x21,
  0x15, 0x21, 0x13, 0x37, 0x16, 0x16, 0x17, 0x07, 0x26, 0x26, 0x25, 0x17,
  0x06, 0x06, 0x07, 0x27, 0x3e, 0x02, 0x01, 0xcb, 0x4d, 0x4d, 0xee, 0x02,
  0x34, 0xfd, 0xcc, 0x02, 0x34, 0xfd, 0x83, 0x02, 0xc9, 0xfd, 0x37, 0x5e,
  0x03, 0x7f, 0xfc, 0x81, 0xb5, 0x40, 0x1f, 0x3e, 0x0f, 0x43, 0x0f, 0x3b,
  0x01, 0xbb, 0x51, 0x1e, 0x45, 0x1d, 0x40, 0x13, 0x2a, 0x26, 0x02, 0x78,
  0xfd, 0x39, 0x02, 0x04, 0x6c, 0x6c, 0xa6, 0x6a, 0x6a, 0x40, 0xfe, 0x6e,
  0x5f, 0x46, 0x02, 0xc2, 0x1e, 0x22, 0x53, 0x20, 0x21, 0x1e, 0x57, 0x41,
  0x1b, 0x30, 0x63, 0x22, 0x19, 0x18, 0x40, 0x43, 0x00, 0x07, 0x00, 0x41,
  0xff, 0xb0, 0x03, 0x92, 0x03, 0x13, 0x00, 0x03, 0x00, 0x0b, 0x00, 0x16,
  0x00, 0x20, 0x00, 0x30, 0x00, 0x42, 0x00, 0x48, 0x00, 0x00, 0x53, 0x21,
  0x15, 0x21, 0x03, 0x21, 0x11, 0x21, 0x35, 0x21, 0x11, 0x21, 0x03, 0x27,
  0x37, 0x25, 0x16, 0x16, 0x17, 0x0e, 0x03, 0x13, 0x37, 0x1e, 0x02, 0x17,
  0x07, 0x2e, 0x02, 0x07, 0x2e, 0x02, 0x27, 0x36, 0x36, 0x35, 0x11, 0x33,
  0x11, 0x30, 0x0e, 0x03, 0x01, 0x33, 0x11, 0x14, 0x06, 0x07, 0x06, 0x06,
  0x27, 0x26, 0x26, 0x27, 0x16, 0x16, 0x37, 0x32, 0x36, 0x35, 0x01, 0x21,
  0x15, 0x23, 0x11, 0x23, 0x87, 0x01, 0x38, 0xfe, 0xc8, 0x01, 0x01, 0x67,
  0xfe, 0x99, 0x01, 0x1c, 0xfe, 0xe4, 0x25, 0x07, 0x22, 0x01, 0x24, 0x04,
  0x0b, 0x05, 0x6a, 0x7f, 0x44, 0x1e, 0xd2, 0x3f, 0x1b, 0x36, 0x2e, 0x0e,
  0x44, 0x0d, 0x2d, 0x35, 0xf3, 0x03, 0x0a, 0x0d, 0x06, 0x0d, 0x1e, 0x4b,
  0x11, 0x1a, 0x1a, 0x11, 0x02, 0xe7, 0x4a, 0x0f, 0x15, 0x15, 0x46, 0x37,
  0x01, 0x0d, 0x08, 0x26, 0x3f, 0x0a, 0x0b, 0x08, 0xff, 0x00, 0x01, 0x29,
  0xdf, 0x4a, 0x02, 0x4e, 0x45, 0x01, 0x0a, 0xfe, 0x28, 0x44, 0x01, 0x51,
  0xfc, 0xfe, 0x44, 0x1f, 0x5f, 0x0f, 0x24, 0x0c, 0x25, 0x2e, 0x1a, 0x0f,
  0x01, 0x14, 0x1f, 0x29, 0x5e, 0x58, 0x22, 0x25, 0x22, 0x5b, 0x61, 0xf2,
  0x0b, 0x1d, 0x1b, 0x09, 0x07, 0x1d, 0x1d, 0x02, 0xb8, 0xfc, 0xff, 0x08,
  0x0f, 0x11, 0x13, 0x03, 0x36, 0xfd, 0xbf, 0x1e, 0x24, 0x09, 0x09, 0x05,
  0x01, 0x0f, 0x29, 0x10, 0x01, 0x01, 0x01, 0x08, 0x0a, 0x02, 0x40, 0x46,
  0xfc, 0xe9, 0x00, 0x02, 0x00, 0x28, 0xff, 0xb3, 0x03, 0xa7, 0x03, 0x02,
  0x00, 0x03, 0x00, 0x14, 0x00, 0x00, 0x53, 0x21, 0x15, 0x21, 0x27, 0x33,
  0x11, 0x14, 0x0e, 0x02, 0x07, 0x2e, 0x02, 0x27, 0x3e, 0x03, 0x35, 0xb3,
  0x02, 0xf4, 0xfd, 0x0c, 0x22, 0x4f, 0x08, 0x18, 0x2e, 0x25, 0x07, 0x1a,
  0x1a, 0x0a, 0x24, 0x2a, 0x15, 0x06, 0x03, 0x02, 0x4e, 0x4e, 0xfe, 0xd5,
  0x3d, 0x8f, 0x93, 0x8c, 0x39, 0x07, 0x11, 0x10, 0x03, 0x37, 0x80, 0x87,
  0x83, 0x38, 0x00, 0x07, 0x00, 0x1e, 0xff, 0xad, 0x03, 0xc4, 0x03, 0x4c,
  0x00, 0x0b, 0x00, 0x1c, 0x00, 0x20, 0x00, 0x2e, 0x00, 0x38, 0x00, 0x4e,
  0x00, 0x56, 0x00, 0x00, 0x41, 0x16, 0x04, 0x17, 0x0e, 0x02, 0x07, 0x2e,
  0x02, 0x27, 0x25, 0x33, 0x37, 0x17, 0x0e, 0x03, 0x07, 0x26, 0x26, 0x27,
  0x3e, 0x03, 0x37, 0x25, 0x21, 0x15, 0x21, 0x13, 0x17, 0x0e, 0x03, 0x07,
  0x2e, 0x02, 0x27, 0x36, 0x36, 0x12, 0x37, 0x37, 0x1e, 0x02, 0x17, 0x07,
  0x2e, 0x02, 0x05, 0x2e, 0x02, 0x27, 0x36, 0x36, 0x37, 0x3e, 0x02, 0x37,
  0x17, 0x0e, 0x02, 0x07, 0x15, 0x30, 0x0e, 0x02, 0x15, 0x35, 0x37, 0x21,
  0x07, 0x21, 0x22, 0x06, 0x01, 0x97, 0x43, 0x01, 0x1b, 0xcf, 0x07, 0x13,
  0x10, 0x05, 0x8d, 0xde, 0xa0, 0x33, 0x01, 0xa5, 0x0f, 0x0e, 0x33, 0x21,
  0x72, 0x95, 0xae, 0x5e, 0x06, 0x17, 0x0b, 0x58, 0xa4, 0x8b, 0x68, 0x1d,
  0xfe, 0x85, 0x01, 0x87, 0xfe, 0x63, 0x5a, 0x54, 0x14, 0x42, 0x6a, 0x99,
  0x6a, 0x05, 0x14, 0x15, 0x0a, 0x85, 0xab, 0x62, 0xf1, 0x3a, 0x16, 0x31,
  0x2c, 0x0e, 0x3b, 0x0e, 0x2c, 0x30, 0xfd, 0xd9, 0x02, 0x09, 0x09, 0x05,
  0x0b, 0x11, 0x09, 0x06, 0x19, 0x1c, 0x08, 0x50, 0x0c, 0x21, 0x24, 0x11,
  0x12, 0x19, 0x12, 0x33, 0x02, 0xe0, 0x01, 0xfd, 0x59, 0x30, 0x33, 0x01,
  0x95, 0xa4, 0xd9, 0x28, 0x08, 0x17, 0x19, 0x0b, 0x20, 0x7e, 0xbc, 0x7a,
  0x30, 0x04, 0x18, 0x69, 0xa2, 0x78, 0x52, 0x1a, 0x0e, 0x27, 0x0b, 0x15,
  0x4b, 0x6d, 0x8f, 0x5a, 0x0d, 0x48, 0x01, 0xe3, 0x0e, 0x8e, 0xf7, 0xd0,
  0xa9, 0x41, 0x08, 0x17, 0x15, 0x06, 0x51, 0xe7, 0x01, 0x29, 0x7c, 0x24,
  0x16, 0x35, 0x32, 0x12, 0x29, 0x13, 0x34, 0x36, 0xf4, 0x09, 0x1a, 0x1b,
  0x09, 0x03, 0x14, 0x11, 0x0a, 0x37, 0x4b, 0x26, 0x0f, 0x2a, 0x55, 0x4a,
  0x1c, 0x02, 0x08, 0x0d, 0x0f, 0x07, 0x3b, 0x1e, 0x48, 0x09, 0x00, 0x02,
  0x00, 0x7f, 0xff, 0xc9, 0x03, 0x6d, 0x02, 0xdf, 0x00, 0x07, 0x00, 0x0b,
  0x00, 0x00, 0x53, 0x21, 0x11, 0x23, 0x11, 0x21, 0x11, 0x23, 0x37, 0x21,
  0x15, 0x21, 0x7f, 0x02, 0xee, 0x51, 0xfd, 0xb1, 0x4e, 0x23, 0x02, 0xb1,
  0xfd, 0x4f, 0x02, 0xdf, 0xfc, 0xee, 0x02, 0xc7, 0xfd, 0x35, 0xa2, 0x4d,
  0x00, 0x04, 0x00, 0x38, 0xff, 0xb2, 0x03, 0xb4, 0x03, 0x01, 0x00, 0x13,
  0x00, 0x17, 0x00, 0x1f, 0x00, 0x23, 0x00, 0x00, 0x41, 0x33, 0x11, 0x14,
  0x06, 0x07, 0x06, 0x06, 0x23, 0x2e, 0x02, 0x27, 0x16, 0x16, 0x32, 0x33,
  0x36, 0x36, 0x35, 0x01, 0x33, 0x11, 0x23, 0x13, 0x21, 0x11, 0x21, 0x35,
  0x21, 0x35, 0x21, 0x03, 0x21, 0x15, 0x21, 0x02, 0xeb, 0x4e, 0x17, 0x1e,
  0x1d, 0x69, 0x4b, 0x02, 0x0b, 0x0c, 0x06, 0x28, 0x4d, 0x39, 0x0c, 0x10,
  0x0d, 0xfd, 0xb3, 0x49, 0x49, 0x1f, 0x01, 0x7b, 0xfe, 0x85, 0x01, 0x31,
  0xfe, 0xcf, 0x85, 0x03, 0x7c, 0xfc, 0x84, 0x02, 0xeb, 0xfd, 0x31, 0x28,
  0x2b, 0x0a, 0x0a, 0x03, 0x0b, 0x1d, 0x1e, 0x0b, 0x02, 0x01, 0x02, 0x0b,
  0x10, 0x02, 0x06, 0xfe, 0x3a, 0x01, 0xc6, 0xfe, 0x8a, 0x48, 0xe6, 0x01,
  0x26, 0x4b, 0x00, 0x05, 0x00, 0x65, 0xff, 0xb1, 0x03, 0x9d, 0x03, 0x4c,
  0x00, 0x03, 0x00, 0x0b, 0x00, 0x15, 0x00, 0x2c, 0x00, 0x39, 0x00, 0x00,
  0x77, 0x21, 0x15, 0x21, 0x03, 0x21, 0x11, 0x23, 0x11, 0x21, 0x11, 0x23,
  0x01, 0x37, 0x1e, 0x02, 0x17, 0x07, 0x2e, 0x02, 0x05, 0x2e, 0x02, 0x27,
  0x36, 0x36, 0x37, 0x3e, 0x03, 0x37, 0x17, 0x0e, 0x02, 0x07, 0x15, 0x30,
  0x0e, 0x02, 0x15, 0x27, 0x37, 0x25, 0x16, 0x16, 0x17, 0x0e, 0x05, 0xd9,
  0x02, 0x33, 0xfd, 0xcd, 0x26, 0x02, 0x82, 0x50, 0xfe, 0x1a, 0x4c, 0x01,
  0xa4, 0x3b, 0x31, 0x68, 0x58, 0x1a, 0x40, 0x19, 0x55, 0x67, 0xfd, 0xf6,
  0x01, 0x0a, 0x09, 0x05, 0x11, 0x28, 0x19, 0x0d, 0x36, 0x42, 0x45, 0x1e,
  0x4b, 0x30, 0x69, 0x6d, 0x35, 0x0e, 0x15, 0x0e, 0x01, 0x38, 0x02, 0x7f,
  0x01, 0x05, 0x02, 0x96, 0xd9, 0x94, 0x5e, 0x36, 0x1d, 0x30, 0x49, 0x01,
  0x6f, 0xfe, 0x5d, 0x01, 0x5b, 0xfe, 0xa3, 0x02, 0xfe, 0x28, 0x2b, 0x68,
  0x68, 0x2a, 0x2e, 0x2a, 0x6a, 0x6b, 0xd9, 0x08, 0x1b, 0x1d, 0x0a, 0x03,
  0x20, 0x18, 0x0d, 0x38, 0x4e, 0x5b, 0x2f, 0x21, 0x42, 0x7d, 0x6d, 0x2c,
  0x03, 0x07, 0x0c, 0x0d, 0x06, 0x3b, 0x1d, 0x1d, 0x0f, 0x28, 0x0c, 0x08,
  0x0c, 0x08, 0x07, 0x05, 0x06, 0x00, 0x00, 0x06, 0x00, 0x3f, 0xff, 0xb2,
  0x03, 0xa5, 0x03, 0x1f, 0x00, 0x03, 0x00, 0x07, 0x00, 0x0b, 0x00, 0x0f,
  0x00, 0x2c, 0x00, 0x36, 0x00, 0x00, 0x41, 0x15, 0x21, 0x35, 0x25, 0x21,
  0x11, 0x21, 0x07, 0x21, 0x15, 0x21, 0x17, 0x21, 0x15, 0x21, 0x25, 0x33,
  0x30, 0x06, 0x06, 0x07, 0x0e, 0x02, 0x07, 0x06, 0x06, 0x07, 0x06, 0x26,
  0x27, 0x26, 0x26, 0x27, 0x16, 0x16, 0x33, 0x32, 0x36, 0x37, 0x3e, 0x02,
  0x37, 0x25, 0x17, 0x0e, 0x02, 0x07, 0x23, 0x3e, 0x02, 0x01, 0x04, 0x01,
  0xdc, 0xfd, 0xd9, 0x02, 0x76, 0xfd, 0x8a, 0x7a, 0x03, 0x66, 0xfc, 0x9a,
  0xba, 0x01, 0xfe, 0xfe, 0x02, 0x01, 0xe7, 0x50, 0x02, 0x01, 0x01, 0x0c,
  0x1a, 0x1d, 0x13, 0x12, 0x28, 0x1d, 0x19, 0x5c, 0x34, 0x02, 0x0e, 0x0a,
  0x35, 0x61, 0x15, 0x12, 0x16, 0x08, 0x0f, 0x19, 0x16, 0x0b, 0xfe, 0x39,
  0x50, 0x0b, 0x18, 0x1a, 0x0a, 0x57, 0x0d, 0x1c, 0x1b, 0x02, 0xdc, 0x88,
  0x88, 0x43, 0xfe, 0xf3, 0x5a, 0x45, 0x70, 0x44, 0x44, 0x0c, 0x10, 0x06,
  0x54, 0x6e, 0x40, 0x11, 0x0f, 0x0b, 0x01, 0x01, 0x01, 0x03, 0x11, 0x27,
  0x10, 0x05, 0x03, 0x03, 0x06, 0x0c, 0x39, 0x67, 0x4e, 0xa1, 0x0b, 0x23,
  0x4c, 0x46, 0x1b, 0x1e, 0x4b, 0x4f, 0x00, 0x05, 0x00, 0x28, 0xff, 0xb2,
  0x03, 0xc9, 0x03, 0x4b, 0x00, 0x03, 0x00, 0x07, 0x00, 0x0f, 0x00, 0x1b,
  0x00, 0x26, 0x00, 0x00, 0x53, 0x21, 0x15, 0x21, 0x03, 0x21, 0x15, 0x21,
  0x03, 0x21, 0x11, 0x23, 0x11, 0x21, 0x11, 0x23, 0x01, 0x17, 0x0e, 0x02,
  0x07, 0x26, 0x26, 0x27, 0x3e, 0x02, 0x37, 0x16, 0x16, 0x17, 0x06, 0x06,
  0x07, 0x2e, 0x02, 0x27, 0xf8, 0x01, 0xf9, 0xfe, 0x07, 0x12, 0x02, 0x18,
  0xfd, 0xe8, 0x22, 0x02, 0x6d, 0x4f, 0xfe, 0x2e, 0x4c, 0x01, 0x41, 0x42,
  0x38, 0x9a, 0xb6, 0x61, 0x09, 0x1e, 0x0f, 0x5f, 0xb4, 0x97, 0x42, 0x5b,
  0xdc, 0x7e, 0x0f, 0x1d, 0x09, 0x55, 0x9b, 0x8e, 0x42, 0x02, 0x01, 0x45,
  0xfe, 0x74, 0x46, 0x01, 0x5a, 0xfe, 0x72, 0x01, 0x4a, 0xfe, 0xb2, 0x03,
  0x99, 0x22, 0x53, 0x95, 0x79, 0x2b, 0x10, 0x25, 0x0d, 0x26, 0x6e, 0x8a,
  0x13, 0x65, 0x8b, 0x36, 0x0c, 0x26, 0x12, 0x29, 0x5f, 0x76, 0x4c, 0x00,
  0x00, 0x05, 0x00, 0x58, 0xff, 0xae, 0x03, 0x92, 0x03, 0x14, 0x00, 0x03,
  0x00, 0x07, 0x00, 0x0f, 0x00, 0x15, 0x00, 0x28, 0x00, 0x00, 0x53, 0x21,
  0x15, 0x21, 0x17, 0x33, 0x11, 0x23, 0x13, 0x21, 0x11, 0x21, 0x35, 0x21,
  0x35, 0x21, 0x03, 0x21, 0x15, 0x21, 0x11, 0x23, 0x01, 0x33, 0x11, 0x14,
  0x06, 0x07, 0x06, 0x06, 0x23, 0x2e, 0x02, 0x27, 0x16, 0x32, 0x33, 0x36,
  0x36, 0x35, 0xf8, 0x01, 0xfc, 0xfe, 0x04, 0x33, 0x45, 0x45, 0x25, 0x01,
  0x6e, 0xfe, 0x92, 0x01, 0x28, 0xfe, 0xd8, 0xf8, 0x03, 0x1e, 0xfd, 0x2b,
  0x49, 0x02, 0xf0, 0x4a, 0x13, 0x17, 0x16, 0x51, 0x40, 0x01, 0x09, 0x0b,
  0x06, 0x2f, 0x4e, 0x0d, 0x0e, 0x0a, 0x02, 0x64, 0x41, 0x69, 0xfe, 0x79,
  0x01, 0x87, 0xfe, 0xc1, 0x41, 0xbe, 0x01, 0x9a, 0x47, 0xfc, 0xe1, 0x03,
  0x66, 0xfc, 0xfb, 0x22, 0x27, 0x09, 0x09, 0x05, 0x0a, 0x1b, 0x1b, 0x09,
  0x01, 0x01, 0x0b, 0x0d, 0x00, 0x05, 0x00, 0x20, 0xff, 0xae, 0x03, 0xba,
  0x03, 0x40, 0x00, 0x03, 0x00, 0x07, 0x00, 0x15, 0x00, 0x1d, 0x00, 0x2e,
  0x00, 0x00, 0x53, 0x21, 0x15, 0x21, 0x13, 0x21, 0x15, 0x21, 0x01, 0x17,
  0x0e, 0x03, 0x07, 0x26, 0x26, 0x27, 0x3e, 0x03, 0x01, 0x21, 0x11, 0x23,
  0x11, 0x21, 0x11, 0x23, 0x03, 0x33, 0x11, 0x14, 0x0e, 0x02, 0x07, 0x2e,
  0x02, 0x27, 0x3e, 0x03, 0x35, 0xbd, 0x02, 0xfd, 0xfd, 0x03, 0x9f, 0x01,
  0xe6, 0xfe, 0x1a, 0x01, 0xd9, 0x40, 0x47, 0xac, 0xbd, 0xc0, 0x5b, 0x01,
  0x0c, 0x06, 0x59, 0xbb, 0xb4, 0x9d, 0xfe, 0x3c, 0x02, 0x39, 0x4f, 0xfe,
  0x61, 0x4b, 0xa1, 0x4c, 0x09, 0x1b, 0x35, 0x2b, 0x06, 0x18, 0x18, 0x09,
  0x29, 0x2f, 0x17, 0x08, 0x02, 0x33, 0x48, 0xfe, 0x3e, 0x46, 0x03, 0x5d,
  0x3d, 0x11, 0x1c, 0x15, 0x10, 0x05, 0x0f, 0x26, 0x0d, 0x05, 0x10, 0x15,
  0x1a, 0xfe, 0x2a, 0xfe, 0x55, 0x01, 0x65, 0xfe, 0x99, 0x03, 0x3f, 0xfe,
  0xfc, 0x3e, 0x94, 0x9a, 0x93, 0x3d, 0x09, 0x14, 0x12, 0x05, 0x39, 0x84,
  0x8c, 0x86, 0x3a, 0x00, 0x00, 0x07, 0x00, 0x1a, 0xff, 0xb2, 0x03, 0x87,
  0x03, 0x3f, 0x00, 0x03, 0x00, 0x0b, 0x00, 0x0f, 0x00, 0x13, 0x00, 0x21,
  0x00, 0x2d, 0x00, 0x3a, 0x00, 0x00, 0x65, 0x21, 0x15, 0x21, 0x03, 0x21,
  0x11, 0x23, 0x11, 0x23, 0x11, 0x23, 0x01, 0x33, 0x11, 0x23, 0x03, 0x21,
  0x15, 0x21, 0x37, 0x17, 0x0e, 0x03, 0x07, 0x26, 0x26, 0x27, 0x3e, 0x03,
  0x13, 0x17, 0x0e, 0x02, 0x07, 0x26, 0x26, 0x27, 0x3e, 0x02, 0x03, 0x1e,
  0x04, 0x17, 0x07, 0x2e, 0x03, 0x27, 0x02, 0x2e, 0x01, 0x37, 0xfe, 0xc9,
  0x1b, 0x01, 0x74, 0x4c, 0xdf, 0x49, 0xfe, 0xe4, 0x4a, 0x4a, 0xc5, 0x01,
  0xbe, 0xfe, 0x42, 0xc1, 0x35, 0x12, 0x32, 0x3d, 0x42, 0x22, 0x06, 0x19,
  0x0a, 0x20, 0x40, 0x3a, 0x2f, 0xd4, 0x32, 0x35, 0x8a, 0x94, 0x45, 0x02,
  0x0d, 0x06, 0x42, 0x8e, 0x7f, 0x4f, 0x09, 0x24, 0x2c, 0x2b, 0x22, 0x07,
  0x2e, 0x0c, 0x2c, 0x32, 0x2e, 0x0d, 0x77, 0x48, 0x02, 0xbc, 0xfc, 0xf9,
  0x02, 0xbf, 0xfd, 0x3a, 0x03, 0x17, 0xfc, 0xbe, 0x02, 0x6e, 0x46, 0x2d,
  0x12, 0x3b, 0x7b, 0x76, 0x65, 0x24, 0x10, 0x28, 0x0e, 0x20, 0x59, 0x68,
  0x6d, 0x01, 0x6b, 0x3b, 0x14, 0x21, 0x18, 0x08, 0x0d, 0x22, 0x0d, 0x09,
  0x19, 0x20, 0xfe, 0x99, 0x09, 0x28, 0x32, 0x32, 0x29, 0x0a, 0x3e, 0x14,
  0x3e, 0x44, 0x3b, 0x11, 0x00, 0x06, 0x00, 0x53, 0xff, 0xb0, 0x03, 0x9d,
  0x03, 0x1d, 0x00, 0x03, 0x00, 0x07, 0x00, 0x0f, 0x00, 0x17, 0x00, 0x1b,
  0x00, 0x1f, 0x00, 0x00, 0x41, 0x15, 0x21, 0x35, 0x25, 0x21, 0x11, 0x21,
  0x07, 0x21, 0x11, 0x23, 0x11, 0x23, 0x11, 0x23, 0x01, 0x21, 0x11, 0x23,
  0x11, 0x23, 0x11, 0x23, 0x25, 0x21, 0x15, 0x21, 0x25, 0x21, 0x15, 0x21,
  0x01, 0x2e, 0x01, 0x8f, 0xfe, 0x28, 0x02, 0x25, 0xfd, 0xdb, 0x92, 0x01,
  0x64, 0x4b, 0xd1, 0x48, 0x01, 0xd2, 0x01, 0x78, 0x4c, 0xe4, 0x48, 0xfe,
  0x4f, 0x01, 0x17, 0xfe, 0xe9, 0x01, 0xd5, 0x01, 0x29, 0xfe, 0xd7, 0x02,
  0xd6, 0xbe, 0xbe, 0x47, 0xfe, 0xb3, 0x6b, 0xfe, 0x54, 0x01, 0x65, 0xfe,
  0x92, 0x01, 0xb5, 0xfe, 0x51, 0x01, 0x68, 0xfe, 0x92, 0x7f, 0x49, 0x49,
  0x49, 0x00, 0x00, 0x0a, 0x00, 0x3d, 0xff, 0xb2, 0x03, 0xac, 0x03, 0x4c,
  0x00, 0x05, 0x00, 0x18, 0x00, 0x20, 0x00, 0x24, 0x00, 0x28, 0x00, 0x30,
  0x00, 0x39, 0x00, 0x41, 0x00, 0x4b, 0x00, 0x57, 0x00, 0x00, 0x53, 0x21,
  0x15, 0x21, 0x11, 0x23, 0x01, 0x33, 0x11, 0x14, 0x06, 0x07, 0x06, 0x06,
  0x23, 0x26, 0x26, 0x27, 0x16, 0x32, 0x36, 0x33, 0x32, 0x36, 0x35, 0x01,
  0x21, 0x15, 0x21, 0x35, 0x21, 0x35, 0x21, 0x27, 0x33, 0x11, 0x23, 0x03,
  0x21, 0x15, 0x21, 0x17, 0x37, 0x16, 0x16, 0x17, 0x07, 0x26, 0x26, 0x25,
  0x17, 0x06, 0x06, 0x07, 0x27, 0x3e, 0x02, 0x27, 0x37, 0x16, 0x16, 0x17,
  0x07, 0x26, 0x26, 0x13, 0x37, 0x1e, 0x02, 0x17, 0x07, 0x2e, 0x02, 0x27,
  0x17, 0x0e, 0x02, 0x07, 0x2e, 0x02, 0x27, 0x36, 0x36, 0x76, 0x02, 0xe1,
  0xfd, 0x67, 0x48, 0x02, 0xba, 0x45, 0x11, 0x16, 0x16, 0x50, 0x40, 0x03,
  0x0c, 0x08, 0x1f, 0x39, 0x29, 0x07, 0x0d, 0x0a, 0xfe, 0x30, 0x01, 0x4a,
  0xfe, 0xb6, 0x01, 0x0b, 0xfe, 0xf5, 0x26, 0x40, 0x40, 0xfd, 0x03, 0x6f,
  0xfc, 0x91, 0xd5, 0x43, 0x11, 0x26, 0x09, 0x45, 0x0a, 0x23, 0x01, 0x70,
  0x50, 0x19, 0x37, 0x17, 0x3f, 0x0f, 0x20, 0x1d, 0xd0, 0x48, 0x10, 0x1f,
  0x08, 0x4b, 0x08, 0x1e, 0x69, 0x2b, 0x21, 0x4a, 0x45, 0x16, 0x2d, 0x15,
  0x44, 0x4a, 0xc6, 0x38, 0x1a, 0x43, 0x47, 0x20, 0x02, 0x0d, 0x0e, 0x06,
  0x2d, 0x60, 0x02, 0x0b, 0x40, 0xfd, 0xe7, 0x02, 0x59, 0xfd, 0xf8, 0x1d,
  0x1e, 0x08, 0x08, 0x02, 0x0d, 0x20, 0x0d, 0x01, 0x01, 0x09, 0x0b, 0x01,
  0x11, 0xe4, 0x37, 0x75, 0x38, 0xfe, 0xec, 0x02, 0xdb, 0x41, 0x18, 0x17,
  0x1a, 0x40, 0x16, 0x1c, 0x17, 0x43, 0x2c, 0x12, 0x29, 0x53, 0x1d, 0x12,
  0x15, 0x36, 0x38, 0xbb, 0x13, 0x1f, 0x47, 0x1a, 0x18, 0x1b, 0x4b, 0xfe,
  0x7a, 0x2d, 0x16, 0x36, 0x34, 0x13, 0x34, 0x14, 0x37, 0x38, 0x3d, 0x1a,
  0x1e, 0x3e, 0x39, 0x16, 0x07, 0x16, 0x18, 0x07, 0x1b, 0x4a, 0x00, 0x04,
  0x00, 0x52, 0xff, 0xb1, 0x03, 0x97, 0x03, 0x1f, 0x00, 0x03, 0x00, 0x07,
  0x00, 0x0f, 0x00, 0x13, 0x00, 0x00, 0x41, 0x15, 0x33, 0x35, 0x25, 0x21,
  0x11, 0x21, 0x03, 0x21, 0x11, 0x23, 0x11, 0x21, 0x11, 0x23, 0x37, 0x21,
  0x15, 0x21, 0x01, 0x76, 0xf4, 0xfe, 0xc5, 0x01, 0x85, 0xfe, 0x7b, 0xdd,
  0x03, 0x45, 0x50, 0xfd, 0x58, 0x4d, 0x2c, 0x02, 0xf7, 0xfd, 0x09, 0x01,
  0xf4, 0xe5, 0xe5, 0x44, 0xfe, 0x94, 0x02, 0x53, 0xfc, 0x92, 0x03, 0x23,
  0xfc, 0xdd, 0x7d, 0x47, 0x00, 0x06, 0x00, 0x26, 0xff, 0xb4, 0x03, 0xab,
  0x03, 0x48, 0x00, 0x03, 0x00, 0x07, 0x00, 0x0b, 0x00, 0x0f, 0x00, 0x1d,
  0x00, 0x21, 0x00, 0x00, 0x53, 0x21, 0x15, 0x21, 0x05, 0x21, 0x15, 0x21,
  0x03, 0x21, 0x15, 0x21, 0x01, 0x33, 0x11, 0x23, 0x03, 0x17, 0x0e, 0x02,
  0x07, 0x2e, 0x02, 0x27, 0x3e, 0x03, 0x03, 0x33, 0x11, 0x23, 0x3f, 0x03,
  0x6c, 0xfc, 0x94, 0x01, 0x36, 0x02, 0x0f, 0xfd, 0xf1, 0x28, 0x02, 0x5d,
  0xfd, 0xa3, 0x01, 0x09, 0x4b, 0x4b, 0xcf, 0x4e, 0x23, 0x6b, 0x96, 0x64,
  0x04, 0x0e, 0x0f, 0x06, 0x44, 0x6f, 0x58, 0x41, 0xb1, 0x4b, 0x4b, 0x02,
  0xad, 0x48, 0xf5, 0x46, 0xfe, 0xe4, 0x46, 0x02, 0x69, 0xfd, 0xb7, 0x03,
  0x60, 0x13, 0x72, 0xe0, 0xc3, 0x47, 0x0a, 0x19, 0x19, 0x09, 0x2f, 0x7f,
  0x93, 0x9c, 0xfe, 0xb1, 0xfe, 0x08, 0x00, 0x07, 0x00, 0x21, 0xff, 0xc7,
  0x03, 0xc4, 0x03, 0x48, 0x00, 0x03, 0x00, 0x07, 0x00, 0x29, 0x00, 0x47,
  0x00, 0x4b, 0x00, 0x4f, 0x00, 0x58, 0x00, 0x00, 0x41, 0x33, 0x11, 0x23,
  0x01, 0x25, 0x17, 0x05, 0x13, 0x33, 0x11, 0x14, 0x16, 0x16, 0x33, 0x3a,
  0x04, 0x33, 0x32, 0x36, 0x36, 0x37, 0x16, 0x16, 0x17, 0x0e, 0x02, 0x23,
  0x2a, 0x04, 0x23, 0x22, 0x26, 0x26, 0x35, 0x01, 0x23, 0x37, 0x37, 0x17,
  0x07, 0x14, 0x0e, 0x02, 0x07, 0x06, 0x06, 0x07, 0x06, 0x06, 0x23, 0x26,
  0x26, 0x27, 0x16, 0x16, 0x33, 0x32, 0x36, 0x37, 0x3e, 0x02, 0x34, 0x25,
  0x21, 0x15, 0x21, 0x13, 0x33, 0x11, 0x23, 0x07, 0x3e, 0x02, 0x37, 0x17,
  0x06, 0x06, 0x07, 0x02, 0x7b, 0x47, 0x47, 0xfe, 0xc6, 0x02, 0x1a, 0x1d,
  0xfd, 0xe5, 0x50, 0x48, 0x0c, 0x21, 0x22, 0x0a, 0x2e, 0x3d, 0x3e, 0x32,
  0x0c, 0x1e, 0x1d, 0x0d, 0x04, 0x0d, 0x27, 0x0f, 0x05, 0x1a, 0x39, 0x34,
  0x09, 0x31, 0x42, 0x42, 0x31, 0x08, 0x39, 0x41, 0x1a, 0x01, 0xa1, 0x08,
  0x11, 0x0e, 0x35, 0x04, 0x01, 0x02, 0x04, 0x02, 0x04, 0x1c, 0x17, 0x14,
  0x35, 0x15, 0x02, 0x09, 0x07, 0x12, 0x29, 0x08, 0x0c, 0x0f, 0x03, 0x03,
  0x03, 0x01, 0xfc, 0xdc, 0x01, 0x3d, 0xfe, 0xc3, 0x80, 0x47, 0x47, 0x89,
  0x28, 0x69, 0x76, 0x3b, 0x11, 0x50, 0xa3, 0x42, 0x03, 0x48, 0xfd, 0x47,
  0x01, 0x1d, 0xe3, 0x40, 0xe6, 0x01, 0x82, 0xfd, 0x62, 0x1b, 0x1d, 0x0a,
  0x17, 0x3e, 0x39, 0x0a, 0x10, 0x02, 0x45, 0x50, 0x21, 0x17, 0x3b, 0x36,
  0x02, 0x36, 0x0f, 0x0b, 0x14, 0x0e, 0x47, 0x7c, 0x64, 0x43, 0x0f, 0x1e,
  0x1f, 0x05, 0x06, 0x02, 0x0f, 0x26, 0x0d, 0x01, 0x01, 0x0a, 0x11, 0x0a,
  0x3d, 0x60, 0x7e, 0x1d, 0x47, 0x01, 0x2c, 0xfd, 0x77, 0x19, 0x0f, 0x2b,
  0x31, 0x19, 0x43, 0x25, 0x4a, 0x1d, 0x00, 0x09, 0x00, 0x24, 0xff, 0xb1,
  0x03, 0xac, 0x03, 0x3c, 0x00, 0x03, 0x00, 0x07, 0x00, 0x10, 0x00, 0x14,
  0x00, 0x32, 0x00, 0x4a, 0x00, 0x52, 0x00, 0x5d, 0x00, 0x68, 0x00, 0x00,
  0x53, 0x21, 0x15, 0x21, 0x13, 0x33, 0x11, 0x23, 0x07, 0x3e, 0x02, 0x37,
  0x17, 0x06, 0x06, 0x07, 0x01, 0x21, 0x15, 0x21, 0x05, 0x33, 0x30, 0x06,
  0x14, 0x07, 0x0e, 0x03, 0x07, 0x06, 0x06, 0x07, 0x06, 0x22, 0x27, 0x26,
  0x26, 0x27, 0x16, 0x16, 0x33, 0x16, 0x36, 0x37, 0x3e, 0x02, 0x37, 0x05,
  0x2e, 0x02, 0x27, 0x36, 0x36, 0x37, 0x3e, 0x03, 0x37, 0x35, 0x37, 0x17,
  0x06, 0x06, 0x07, 0x15, 0x30, 0x0e, 0x02, 0x15, 0x35, 0x37, 0x21, 0x07,
  0x21, 0x22, 0x06, 0x25, 0x17, 0x06, 0x02, 0x07, 0x2e, 0x02, 0x27, 0x36,
  0x12, 0x27, 0x17, 0x06, 0x06, 0x07, 0x2e, 0x02, 0x27, 0x36, 0x36, 0x32,
  0x01, 0x30, 0xfe, 0xd0, 0x7b, 0x47, 0x47, 0x89, 0x28, 0x66, 0x74, 0x39,
  0x0e, 0x4f, 0xa0, 0x41, 0x01, 0x3a, 0x01, 0xa3, 0xfe, 0x5d, 0x01, 0xea,
  0x4b, 0x01, 0x01, 0x08, 0x10, 0x12, 0x15, 0x0e, 0x0e, 0x20, 0x16, 0x12,
  0x39, 0x20, 0x01, 0x0b, 0x09, 0x1f, 0x35, 0x0d, 0x0c, 0x0f, 0x08, 0x0e,
  0x18, 0x15, 0x09, 0xfe, 0x3a, 0x03, 0x0b, 0x0c, 0x06, 0x13, 0x35, 0x1d,
  0x0f, 0x3f, 0x4f, 0x53, 0x24, 0x25, 0x38, 0x65, 0xc3, 0x5a, 0x10, 0x14,
  0x10, 0x2a, 0x01, 0xb7, 0x01, 0xfe, 0x77, 0x23, 0x2d, 0x01, 0x3b, 0x42,
  0x33, 0xb5, 0x82, 0x06, 0x15, 0x16, 0x09, 0x85, 0xaf, 0x6c, 0x43, 0x21,
  0x79, 0x4b, 0x05, 0x15, 0x16, 0x08, 0x4c, 0x71, 0x02, 0x54, 0x47, 0x01,
  0x2f, 0xfd, 0x62, 0x1d, 0x0d, 0x25, 0x2b, 0x15, 0x45, 0x20, 0x3f, 0x1a,
  0x02, 0xe4, 0x47, 0xcd, 0x0e, 0x11, 0x06, 0x83, 0xb8, 0x77, 0x42, 0x10,
  0x12, 0x0f, 0x02, 0x02, 0x02, 0x10, 0x29, 0x0e, 0x03, 0x01, 0x01, 0x06,
  0x09, 0x0f, 0x67, 0xce, 0xa8, 0x44, 0x09, 0x1a, 0x1b, 0x09, 0x03, 0x1b,
  0x13, 0x0a, 0x2b, 0x3d, 0x49, 0x26, 0x06, 0x0e, 0x2a, 0x5a, 0x91, 0x32,
  0x02, 0x07, 0x0b, 0x0c, 0x06, 0x3f, 0x14, 0x47, 0x06, 0x25, 0x0d, 0xb7,
  0xfe, 0xef, 0x57, 0x07, 0x10, 0x0f, 0x05, 0x50, 0x01, 0x06, 0xaa, 0x0d,
  0x67, 0xa4, 0x37, 0x06, 0x11, 0x10, 0x04, 0x31, 0x96, 0x00, 0x00, 0x09,
  0x00, 0x2f, 0xff, 0xd3, 0x03, 0xb8, 0x03, 0x42, 0x00, 0x03, 0x00, 0x07,
  0x00, 0x0b, 0x00, 0x0f, 0x00, 0x13, 0x00, 0x17, 0x00, 0x1b, 0x00, 0x2d,
  0x00, 0x3c, 0x00, 0x00, 0x53, 0x21, 0x15, 0x21, 0x07, 0x21, 0x15, 0x21,
  0x03, 0x21, 0x15, 0x21, 0x13, 0x21, 0x15, 0x21, 0x13, 0x33, 0x11, 0x23,
  0x37, 0x33, 0x11, 0x23, 0x13, 0x33, 0x11, 0x23, 0x13, 0x33, 0x11, 0x14,
  0x06, 0x07, 0x06, 0x06, 0x23, 0x26, 0x26, 0x27, 0x16, 0x16, 0x37, 0x36,
  0x36, 0x35, 0x01, 0x33, 0x15, 0x14, 0x06, 0x06, 0x07, 0x2e, 0x02, 0x27,
  0x3e, 0x02, 0x35, 0x64, 0x01, 0xc4, 0xfe, 0x3c, 0x21, 0x01, 0xfa, 0xfe,
  0x06, 0x14, 0x03, 0x89, 0xfc, 0x77, 0x68, 0x02, 0xb9, 0xfd, 0x47, 0xed,
  0x47, 0x47, 0x4f, 0x4d, 0x4d, 0xa8, 0x45, 0x45, 0xbb, 0x47, 0x0f, 0x17,
  0x17, 0x4a, 0x35, 0x03, 0x0e, 0x08, 0x2b, 0x44, 0x0b, 0x0c, 0x08, 0xfd,
  0x8d, 0x45, 0x17, 0x43, 0x42, 0x04, 0x13, 0x13, 0x07, 0x3c, 0x39, 0x13,
  0x03, 0x1f, 0x42, 0x8a, 0x43, 0xfe, 0x09, 0x46, 0x01, 0x0a, 0x45, 0x02,
  0x6c, 0xfe, 0x35, 0x13, 0xfe, 0x9d, 0x03, 0x26, 0xfe, 0xb1, 0x01, 0x82,
  0xfe, 0x40, 0x1f, 0x20, 0x09, 0x08, 0x05, 0x0f, 0x27, 0x0f, 0x01, 0x01,
  0x01, 0x01, 0x07, 0x0a, 0x01, 0x80, 0xaa, 0x34, 0x72, 0x6a, 0x29, 0x08,
  0x14, 0x13, 0x05, 0x25, 0x58, 0x5e, 0x2b, 0x00, 0x00, 0x08, 0x00, 0x1e,
  0xff, 0xb0, 0x03, 0xcd, 0x03, 0x4b, 0x00, 0x03, 0x00, 0x17, 0x00, 0x24,
  0x00, 0x2c, 0x00, 0x30, 0x00, 0x34, 0x00, 0x38, 0x00, 0x44, 0x00, 0x00,
  0x41, 0x21, 0x15, 0x21, 0x25, 0x33, 0x37, 0x17, 0x0e, 0x04, 0x07, 0x2e,
  0x02, 0x27, 0x3e, 0x04, 0x37, 0x05, 0x1e, 0x02, 0x17, 0x0e, 0x02, 0x07,
  0x2e, 0x02, 0x27, 0x03, 0x21, 0x11, 0x23, 0x11, 0x21, 0x11, 0x23, 0x13,
  0x21, 0x15, 0x21, 0x15, 0x21, 0x15, 0x21, 0x01, 0x33, 0x11, 0x23, 0x03,
  0x17, 0x06, 0x06, 0x07, 0x2e, 0x02, 0x27, 0x3e, 0x02, 0x01, 0x46, 0x01,
  0xac, 0xfe, 0x54, 0x01, 0x94, 0x10, 0x0d, 0x31, 0x2a, 0x7d, 0x96, 0xa8,
  0xae, 0x55, 0x02, 0x0c, 0x0d, 0x07, 0x52, 0xa8, 0xa0, 0x8e, 0x71, 0x23,
  0xfe, 0x67, 0x3e, 0xc9, 0xfc, 0x89, 0x08, 0x12, 0x10, 0x05, 0x88, 0xfd,
  0xd2, 0x47, 0x56, 0x02, 0x91, 0x51, 0xfe, 0x0e, 0x4e, 0x1f, 0x02, 0x44,
  0xfd, 0xbc, 0x02, 0x44, 0xfd, 0xbc, 0x01, 0x03, 0x4d, 0x4d, 0x5b, 0x51,
  0x33, 0x9d, 0x72, 0x06, 0x12, 0x13, 0x09, 0x49, 0x71, 0x52, 0x02, 0xf2,
  0x42, 0x42, 0x04, 0x1f, 0x41, 0x6b, 0x56, 0x41, 0x2e, 0x0e, 0x0b, 0x1a,
  0x1a, 0x08, 0x0b, 0x28, 0x3a, 0x4b, 0x5b, 0x35, 0x39, 0x46, 0x6a, 0x44,
  0x0f, 0x08, 0x19, 0x19, 0x0b, 0x12, 0x4c, 0x77, 0x51, 0xfe, 0xd9, 0xfe,
  0x4d, 0x01, 0x71, 0xfe, 0x8d, 0x01, 0x0e, 0x3d, 0x6f, 0x42, 0x01, 0x76,
  0xfe, 0xa7, 0x03, 0x5e, 0x10, 0x51, 0x99, 0x3c, 0x09, 0x15, 0x14, 0x05,
  0x23, 0x55, 0x5c, 0x00, 0x00, 0x09, 0x00, 0x21, 0xff, 0xb0, 0x03, 0xc3,
  0x03, 0x48, 0x00, 0x03, 0x00, 0x07, 0x00, 0x0b, 0x00, 0x17, 0x00, 0x1b,
  0x00, 0x27, 0x00, 0x2b, 0x00, 0x3c, 0x00, 0x4a, 0x00, 0x00, 0x41, 0x15,
  0x21, 0x35, 0x25, 0x15, 0x21, 0x35, 0x25, 0x21, 0x11, 0x21, 0x13, 0x17,
  0x0e, 0x02, 0x07, 0x2e, 0x02, 0x27, 0x36, 0x36, 0x17, 0x21, 0x15, 0x21,
  0x13, 0x17, 0x0e, 0x02, 0x07, 0x2e, 0x02, 0x27, 0x36, 0x36, 0x15, 0x21,
  0x15, 0x21, 0x25, 0x33, 0x37, 0x17, 0x0e, 0x03, 0x07, 0x26, 0x26, 0x27,
  0x3e, 0x03, 0x37, 0x05, 0x1e, 0x03, 0x17, 0x06, 0x06, 0x07, 0x2e, 0x03,
  0x27, 0x01, 0x20, 0x01, 0xd1, 0xfe, 0x2f, 0x01, 0xd1, 0xfd, 0xe4, 0x02,
  0x6a, 0xfd, 0x96, 0x36, 0x44, 0x1b, 0x4d, 0x59, 0x2e, 0x04, 0x12, 0x12,
  0x08, 0x40, 0x78, 0x11, 0x02, 0x8e, 0xfd, 0x52, 0x7b, 0x41, 0x1f, 0x55,
  0x5f, 0x2f, 0x06, 0x13, 0x15, 0x08, 0x47, 0x86, 0x01, 0xd3, 0xfd, 0xfd,
  0x01, 0xed, 0x10, 0x0c, 0x2f, 0x34, 0xa4, 0xcc, 0xe1, 0x6f, 0x02, 0x12,
  0x09, 0x6b, 0xd7, 0xc1, 0x97, 0x2c, 0xfe, 0x44, 0x2d, 0x88, 0xad, 0xc9,
  0x6d, 0x0c, 0x17, 0x08, 0x6c, 0xc9, 0xb0, 0x8e, 0x32, 0x01, 0xba, 0x44,
  0x44, 0x75, 0x42, 0x42, 0x37, 0xfe, 0xd9, 0x02, 0x09, 0x15, 0x37, 0x6a,
  0x5c, 0x24, 0x08, 0x17, 0x17, 0x06, 0x2d, 0x83, 0x17, 0x3f, 0xfe, 0xac,
  0x17, 0x2f, 0x59, 0x4a, 0x1d, 0x06, 0x13, 0x12, 0x06, 0x25, 0x71, 0x16,
  0x3a, 0x3a, 0x04, 0x1f, 0x4a, 0x6a, 0x49, 0x2c, 0x0b, 0x0e, 0x28, 0x0d,
  0x08, 0x26, 0x3e, 0x5a, 0x3c, 0x1a, 0x34, 0x4f, 0x36, 0x22, 0x06, 0x0d,
  0x27, 0x0e, 0x09, 0x28, 0x41, 0x5c, 0x3e, 0x00, 0x00, 0x04, 0x00, 0x2a,
  0xff, 0xb2, 0x03, 0xc6, 0x02, 0xfb, 0x00, 0x0b, 0x00, 0x0f, 0x00, 0x13,
  0x00, 0x26, 0x00, 0x00, 0x41, 0x16, 0x16, 0x17, 0x0e, 0x02, 0x07, 0x2e,
  0x02, 0x27, 0x01, 0x21, 0x15, 0x21, 0x07, 0x21, 0x15, 0x21, 0x01, 0x33,
  0x15, 0x14, 0x0e, 0x03, 0x07, 0x2e, 0x02, 0x27, 0x3e, 0x04, 0x35, 0x02,
  0x1e, 0x31, 0xd4, 0xa3, 0x08, 0x14, 0x11, 0x06, 0x70, 0xab, 0x79, 0x26,
  0xfe, 0x8d, 0x03, 0x18, 0xfc, 0xe8, 0x24, 0x03, 0x67, 0xfc, 0x99, 0x01,
  0x84, 0x4f, 0x10, 0x30, 0x61, 0xa1, 0x78, 0x05, 0x11, 0x13, 0x08, 0x71,
  0x97, 0x59, 0x2d, 0x0e, 0x01, 0xa2, 0x9d, 0xe0, 0x2f, 0x08, 0x17, 0x1a,
  0x0a, 0x25, 0x86, 0xbc, 0x76, 0x01, 0x6b, 0x4c, 0xe8, 0x4c, 0x01, 0x66,
  0xa9, 0x3e, 0x89, 0x8c, 0x87, 0x7a, 0x32, 0x09, 0x18, 0x17, 0x07, 0x2e,
  0x70, 0x7a, 0x7e, 0x7b, 0x36, 0x00, 0x00, 0x09, 0x00, 0x28, 0xff, 0xb0,
  0x03, 0xc9, 0x03, 0x49, 0x00, 0x03, 0x00, 0x0b, 0x00, 0x15, 0x00, 0x2c,
  0x00, 0x38, 0x00, 0x44, 0x00, 0x48, 0x00, 0x57, 0x00, 0x63, 0x00, 0x00,
  0x65, 0x21, 0x15, 0x21, 0x03, 0x21, 0x11, 0x23, 0x11, 0x21, 0x11, 0x23,
  0x01, 0x37, 0x1e, 0x02, 0x17, 0x07, 0x2e, 0x02, 0x05, 0x2e, 0x02, 0x27,
  0x36, 0x36, 0x37, 0x3e, 0x03, 0x37, 0x17, 0x0e, 0x02, 0x07, 0x15, 0x30,
  0x0e, 0x02, 0x15, 0x27, 0x37, 0x25, 0x16, 0x16, 0x17, 0x0e, 0x04, 0x05,
  0x3e, 0x03, 0x37, 0x17, 0x0e, 0x03, 0x07, 0x03, 0x21, 0x15, 0x21, 0x25,
  0x33, 0x37, 0x17, 0x06, 0x02, 0x06, 0x07, 0x26, 0x26, 0x27, 0x3e, 0x02,
  0x37, 0x03, 0x37, 0x1e, 0x03, 0x17, 0x07, 0x2e, 0x03, 0x01, 0xfc, 0x01,
  0x69, 0xfe, 0x97, 0x2e, 0x01, 0xbb, 0x48, 0xfe, 0xd2, 0x45, 0x01, 0x16,
  0x3c, 0x22, 0x42, 0x36, 0x0f, 0x40, 0x0e, 0x35, 0x41, 0xfe, 0xa8, 0x01,
  0x09, 0x0b, 0x04, 0x0e, 0x20, 0x12, 0x0a, 0x26, 0x2e, 0x2f, 0x12, 0x4e,
  0x1f, 0x4a, 0x4e, 0x27, 0x10, 0x15, 0x11, 0x01, 0x2e, 0x01, 0xa8, 0x02,
  0x09, 0x04, 0x7a, 0xa5, 0x67, 0x39, 0x1c, 0xfe, 0x8b, 0x10, 0x22, 0x1f,
  0x19, 0x07, 0x46, 0x08, 0x1c, 0x1f, 0x23, 0x11, 0x56, 0x01, 0x29, 0xfe,
  0xd7, 0x01, 0x15, 0x0d, 0x0c, 0x2c, 0x0d, 0x4b, 0x7e, 0x59, 0x08, 0x1a,
  0x0c, 0x51, 0x75, 0x47, 0x0b, 0xff, 0x29, 0x2b, 0x58, 0x52, 0x45, 0x16,
  0x2e, 0x16, 0x43, 0x51, 0x57, 0x1f, 0x43, 0x01, 0x6b, 0xfe, 0x6b, 0x01,
  0x51, 0xfe, 0xad, 0x02, 0xea, 0x1d, 0x2c, 0x64, 0x62, 0x27, 0x21, 0x27,
  0x64, 0x67, 0xd8, 0x08, 0x1b, 0x1c, 0x0a, 0x03, 0x22, 0x1b, 0x0d, 0x3c,
  0x52, 0x5e, 0x30, 0x16, 0x45, 0x85, 0x77, 0x30, 0x02, 0x08, 0x0c, 0x0e,
  0x07, 0x3d, 0x1a, 0x1b, 0x10, 0x26, 0x0c, 0x0a, 0x0c, 0x09, 0x07, 0x07,
  0x76, 0x32, 0x86, 0x94, 0x93, 0x41, 0x05, 0x43, 0x97, 0x98, 0x89, 0x37,
  0x01, 0x6e, 0x46, 0x46, 0x02, 0x07, 0xc2, 0xfe, 0xec, 0xb7, 0x37, 0x0d,
  0x24, 0x0a, 0x2c, 0xaa, 0xfe, 0xab, 0xfe, 0xb8, 0x35, 0x1c, 0x42, 0x47,
  0x44, 0x1e, 0x3d, 0x1e, 0x47, 0x49, 0x44, 0x00, 0x00, 0x06, 0x00, 0x45,
  0xff, 0xb1, 0x03, 0xa2, 0x03, 0x4f, 0x00, 0x03, 0x00, 0x07, 0x00, 0x1b,
  0x00, 0x2a, 0x00, 0x32, 0x00, 0x3a, 0x00, 0x00, 0x53, 0x21, 0x15, 0x21,
  0x07, 0x21, 0x15, 0x21, 0x25, 0x33, 0x11, 0x14, 0x06, 0x07, 0x06, 0x06,
  0x23, 0x2e, 0x02, 0x27, 0x16, 0x16, 0x32, 0x33, 0x36, 0x36, 0x35, 0x13,
  0x33, 0x37, 0x17, 0x0e, 0x02, 0x07, 0x26, 0x26, 0x27, 0x3e, 0x02, 0x37,
  0x25, 0x21, 0x15, 0x23, 0x35, 0x21, 0x15, 0x23, 0x01, 0x37, 0x16, 0x16,
  0x17, 0x07, 0x26, 0x26, 0xe9, 0x01, 0xe0, 0xfe, 0x20, 0xa4, 0x03, 0x5d,
  0xfc, 0xa3, 0x01, 0x87, 0x4f, 0x14, 0x1b, 0x1a, 0x53, 0x40, 0x02, 0x0b,
  0x0d, 0x06, 0x22, 0x3d, 0x2e, 0x09, 0x0d, 0x0a, 0xe7, 0x14, 0x11, 0x33,
  0x24, 0x5b, 0x64, 0x32, 0x07, 0x19, 0x0a, 0x2b, 0x57, 0x4c, 0x19, 0xfd,
  0x9d, 0x03, 0x48, 0x4d, 0xfd, 0x4f, 0x4a, 0x01, 0x57, 0x4a, 0x16, 0x27,
  0x09, 0x4d, 0x08, 0x25, 0x02, 0x27, 0x47, 0xb4, 0x48, 0x87, 0xfe, 0xa1,
  0x21, 0x24, 0x0a, 0x08, 0x04, 0x0b, 0x1b, 0x1b, 0x0a, 0x01, 0x01, 0x01,
  0x09, 0x0a, 0x02, 0x19, 0x04, 0x27, 0x24, 0x4a, 0x40, 0x18, 0x0a, 0x1b,
  0x08, 0x15, 0x3a, 0x41, 0x1c, 0xc9, 0xcf, 0x87, 0x87, 0x01, 0x27, 0x17,
  0x1b, 0x45, 0x1a, 0x1c, 0x1b, 0x47, 0x00, 0x06, 0x00, 0x45, 0xff, 0xb3,
  0x03, 0xa7, 0x03, 0x4a, 0x00, 0x07, 0x00, 0x14, 0x00, 0x18, 0x00, 0x20,
  0x00, 0x2c, 0x00, 0x38, 0x00, 0x00, 0x53, 0x21, 0x15, 0x23, 0x35, 0x21,
  0x15, 0x23, 0x05, 0x17, 0x0e, 0x02, 0x07, 0x2e, 0x02, 0x27, 0x3e, 0x02,
  0x25, 0x21, 0x15, 0x21, 0x01, 0x37, 0x16, 0x16, 0x17, 0x07, 0x26, 0x26,
  0x03, 0x37, 0x1e, 0x03, 0x17, 0x07, 0x2e, 0x03, 0x27, 0x3e, 0x03, 0x37,
  0x17, 0x0e, 0x03, 0x07, 0x5d, 0x03, 0x2f, 0x4f, 0xfd, 0x6b, 0x4b, 0x02,
  0x3f, 0x50, 0x30, 0xac, 0xf3, 0x9b, 0x04, 0x11, 0x13, 0x08, 0x9b, 0xeb,
  0x9d, 0xfd, 0xd0, 0x03, 0x62, 0xfc, 0x9e, 0x01, 0x59, 0x4d, 0x12, 0x25,
  0x0a, 0x4f, 0x0a, 0x24, 0xef, 0x37, 0x54, 0xbb, 0xb6, 0x9d, 0x39, 0x3e,
  0x35, 0x99, 0xb5, 0xbb, 0x56, 0x1e, 0x3f, 0x3f, 0x36, 0x13, 0x51, 0x14,
  0x37, 0x3c, 0x3b, 0x19, 0x02, 0xd5, 0xcb, 0x84, 0x84, 0x6c, 0x12, 0x8c,
  0xba, 0x71, 0x22, 0x09, 0x1a, 0x19, 0x08, 0x1c, 0x65, 0xa8, 0xa1, 0x47,
  0x01, 0xbd, 0x13, 0x20, 0x4d, 0x19, 0x17, 0x1a, 0x4f, 0xfd, 0xc8, 0x36,
  0x1a, 0x44, 0x4c, 0x4e, 0x24, 0x41, 0x23, 0x50, 0x51, 0x47, 0x1d, 0x25,
  0x5e, 0x69, 0x6a, 0x2f, 0x10, 0x31, 0x68, 0x65, 0x5a, 0x22, 0x00, 0x06,
  0x00, 0x2c, 0xff, 0xaf, 0x03, 0xbd, 0x03, 0x51, 0x00, 0x03, 0x00, 0x07,
  0x00, 0x16, 0x00, 0x36, 0x00, 0x3e, 0x00, 0x46, 0x00, 0x00, 0x53, 0x21,
  0x15, 0x21, 0x07, 0x21, 0x15, 0x21, 0x25, 0x33, 0x0e, 0x03, 0x07, 0x2e,
  0x02, 0x27, 0x3e, 0x03, 0x37, 0x33, 0x11, 0x14, 0x16, 0x33, 0x3a, 0x03,
  0x33, 0x32, 0x36, 0x36, 0x37, 0x1e, 0x02, 0x17, 0x0e, 0x02, 0x23, 0x2a,
  0x03, 0x23, 0x22, 0x26, 0x26, 0x35, 0x01, 0x21, 0x15, 0x23, 0x35, 0x21,
  0x15, 0x23, 0x01, 0x37, 0x16, 0x16, 0x17, 0x07, 0x26, 0x26, 0xe3, 0x02,
  0x20, 0xfd, 0xe0, 0xab, 0x03, 0x77, 0xfc, 0x89, 0x01, 0x0f, 0x4d, 0x05,
  0x1d, 0x43, 0x79, 0x62, 0x03, 0x0e, 0x10, 0x07, 0x59, 0x6d, 0x3a, 0x17,
  0xfe, 0x4c, 0x11, 0x1f, 0x08, 0x25, 0x2e, 0x28, 0x09, 0x13, 0x13, 0x08,
  0x01, 0x09, 0x18, 0x1b, 0x09, 0x04, 0x15, 0x2d, 0x28, 0x07, 0x2b, 0x35,
  0x2b, 0x07, 0x2f, 0x32, 0x14, 0xfe, 0x11, 0x03, 0x42, 0x4e, 0xfd, 0x57,
  0x4b, 0x01, 0x53, 0x4b, 0x15, 0x28, 0x09, 0x4f, 0x08, 0x26, 0x02, 0x22,
  0x45, 0x75, 0x46, 0x19, 0x55, 0x81, 0x60, 0x41, 0x15, 0x0a, 0x17, 0x16,
  0x07, 0x11, 0x37, 0x4f, 0x6e, 0x4c, 0xfe, 0xe9, 0x15, 0x0d, 0x12, 0x3a,
  0x39, 0x06, 0x0c, 0x09, 0x03, 0x44, 0x4c, 0x1c, 0x12, 0x2d, 0x28, 0x02,
  0xae, 0xde, 0x96, 0x96, 0x01, 0x44, 0x16, 0x20, 0x50, 0x1d, 0x19, 0x1c,
  0x52, 0x00, 0x00, 0x07, 0x00, 0x24, 0xff, 0xad, 0x03, 0xc0, 0x03, 0x4f,
  0x00, 0x03, 0x00, 0x07, 0x00, 0x0b, 0x00, 0x16, 0x00, 0x2d, 0x00, 0x35,
  0x00, 0x3d, 0x00, 0x00, 0x53, 0x21, 0x15, 0x21, 0x05, 0x21, 0x15, 0x21,
  0x03, 0x33, 0x11, 0x27, 0x03, 0x17, 0x06, 0x06, 0x07, 0x2e, 0x02, 0x27,
  0x36, 0x36, 0x37, 0x1e, 0x03, 0x33, 0x3a, 0x03, 0x36, 0x33, 0x0e, 0x02,
  0x07, 0x23, 0x23, 0x22, 0x2e, 0x02, 0x27, 0x03, 0x21, 0x15, 0x23, 0x35,
  0x21, 0x15, 0x23, 0x01, 0x37, 0x16, 0x16, 0x17, 0x07, 0x26, 0x26, 0xd3,
  0x02, 0x48, 0xfd, 0xb8, 0x01, 0x20, 0x01, 0x51, 0xfe, 0xaf, 0x27, 0x4e,
  0x4e, 0xec, 0x4c, 0x14, 0x62, 0x55, 0x05, 0x16, 0x18, 0x0a, 0x54, 0x58,
  0x40, 0x1a, 0x54, 0x6e, 0x85, 0x4d, 0x0b, 0x32, 0x3f, 0x42, 0x36, 0x0e,
  0x05, 0x0c, 0x09, 0x02, 0x32, 0xb8, 0x59, 0x97, 0x79, 0x5e, 0x20, 0x81,
  0x03, 0x44, 0x4d, 0xfd, 0x53, 0x4a, 0x01, 0x58, 0x4a, 0x11, 0x23, 0x07,
  0x4d, 0x07, 0x20, 0x02, 0x14, 0x49, 0xa4, 0x46, 0x01, 0x11, 0xfe, 0x05,
  0x0b, 0x01, 0x78, 0x08, 0x97, 0xe4, 0x4a, 0x07, 0x13, 0x13, 0x05, 0x41,
  0xd2, 0x08, 0x4c, 0x5f, 0x32, 0x12, 0x01, 0x09, 0x1b, 0x1d, 0x0b, 0x17,
  0x3e, 0x73, 0x5b, 0x01, 0xf4, 0xda, 0x93, 0x93, 0x01, 0x3d, 0x15, 0x1d,
  0x45, 0x19, 0x18, 0x18, 0x48, 0x00, 0x00, 0x08, 0x00, 0x25, 0xff, 0xaf,
  0x03, 0xc0, 0x03, 0x4f, 0x00, 0x0b, 0x00, 0x15, 0x00, 0x1d, 0x00, 0x21,
  0x00, 0x29, 0x00, 0x31, 0x00, 0x3d, 0x00, 0x48, 0x00, 0x00, 0x41, 0x17,
  0x0e, 0x02, 0x07, 0x2e, 0x02, 0x27, 0x36, 0x36, 0x25, 0x37, 0x1e, 0x02,
  0x17, 0x07, 0x2e, 0x02, 0x01, 0x21, 0x11, 0x23, 0x11, 0x21, 0x11, 0x23,
  0x37, 0x21, 0x15, 0x21, 0x03, 0x21, 0x15, 0x23, 0x35, 0x21, 0x15, 0x23,
  0x01, 0x37, 0x16, 0x16, 0x17, 0x07, 0x26, 0x26, 0x13, 0x17, 0x0e, 0x02,
  0x07, 0x26, 0x26, 0x27, 0x3e, 0x02, 0x37, 0x16, 0x16, 0x17, 0x06, 0x06,
  0x07, 0x2e, 0x02, 0x27, 0x01, 0x4b, 0x47, 0x21, 0x56, 0x5f, 0x2e, 0x05,
  0x14, 0x14, 0x08, 0x44, 0x83, 0x01, 0x2b, 0x32, 0x2e, 0x64, 0x59, 0x1c,
  0x36, 0x1b, 0x56, 0x63, 0xfe, 0x62, 0x02, 0x31, 0x4c, 0xfe, 0x64, 0x49,
  0x27, 0x01, 0xe3, 0xfe, 0x1d, 0xb0, 0x03, 0x43, 0x4d, 0xfd, 0x53, 0x49,
  0x01, 0x5e, 0x4d, 0x12, 0x21, 0x08, 0x50, 0x08, 0x1f, 0x2d, 0x41, 0x34,
  0x95, 0xb1, 0x60, 0x08, 0x1c, 0x0d, 0x5d, 0xad, 0x91, 0x4c, 0x58, 0xdc,
  0x80, 0x0d, 0x1c, 0x08, 0x57, 0x9c, 0x8d, 0x40, 0x02, 0x78, 0x17, 0x2c,
  0x52, 0x47, 0x1a, 0x07, 0x16, 0x15, 0x07, 0x22, 0x64, 0x0b, 0x2b, 0x1b,
  0x44, 0x46, 0x1c, 0x32, 0x1d, 0x47, 0x48, 0xfe, 0xcf, 0xfe, 0xb4, 0x01,
  0x09, 0xfe, 0xf3, 0x65, 0x43, 0x03, 0x1b, 0xb6, 0x71, 0x71, 0x01, 0x07,
  0x12, 0x1c, 0x43, 0x19, 0x13, 0x18, 0x45, 0xfe, 0xff, 0x1d, 0x51, 0x8c,
  0x71, 0x27, 0x0d, 0x23, 0x0c, 0x23, 0x67, 0x83, 0x27, 0x6a, 0x88, 0x33,
  0x0b, 0x23, 0x11, 0x28, 0x5b, 0x76, 0x4e, 0x00, 0x00, 0x06, 0x00, 0x2d,
  0xff, 0xb1, 0x03, 0xbf, 0x03, 0x48, 0x00, 0x03, 0x00, 0x13, 0x00, 0x1f,
  0x00, 0x23, 0x00, 0x36, 0x00, 0x40, 0x00, 0x00, 0x53, 0x21, 0x15, 0x21,
  0x25, 0x33, 0x37, 0x17, 0x06, 0x02, 0x06, 0x07, 0x2e, 0x02, 0x27, 0x36,
  0x36, 0x12, 0x37, 0x05, 0x37, 0x1e, 0x03, 0x17, 0x07, 0x2e, 0x03, 0x25,
  0x21, 0x15, 0x21, 0x01, 0x33, 0x11, 0x14, 0x06, 0x07, 0x06, 0x06, 0x23,
  0x2e, 0x02, 0x27, 0x16, 0x32, 0x33, 0x36, 0x36, 0x35, 0x01, 0x37, 0x1e,
  0x02, 0x17, 0x07, 0x2e, 0x02, 0x46, 0x01, 0x54, 0xfe, 0xac, 0x01, 0x3b,
  0x0d, 0x0d, 0x31, 0x15, 0x63, 0x93, 0x5f, 0x06, 0x12, 0x14, 0x09, 0x57,
  0x8c, 0x5f, 0x12, 0xfe, 0xda, 0x35, 0x32, 0x68, 0x60, 0x4d, 0x18, 0x3c,
  0x16, 0x4c, 0x5d, 0x66, 0x01, 0x54, 0x01, 0xdd, 0xfe, 0x23, 0x01, 0x1b,
  0x4a, 0x14, 0x17, 0x16, 0x51, 0x3f, 0x02, 0x08, 0x0a, 0x05, 0x2f, 0x4c,
  0x0d, 0x0d, 0x0b, 0xfe, 0xf9, 0x3d, 0x18, 0x2e, 0x23, 0x08, 0x42, 0x08,
  0x21, 0x2b, 0x02, 0xc2, 0x47, 0x47, 0x03, 0x0e, 0xc2, 0xfe, 0xd6, 0xd5,
  0x44, 0x09, 0x18, 0x15, 0x07, 0x39, 0xc8, 0x01, 0x14, 0xac, 0xeb, 0x2f,
  0x2c, 0x66, 0x6a, 0x65, 0x2b, 0x37, 0x2b, 0x67, 0x6c, 0x69, 0xbf, 0x48,
  0x01, 0x39, 0xfc, 0xce, 0x25, 0x27, 0x0a, 0x0a, 0x05, 0x0b, 0x1c, 0x1d,
  0x0b, 0x02, 0x01, 0x0a, 0x0d, 0x01, 0x74, 0x1c, 0x22, 0x50, 0x4d, 0x1e,
  0x21, 0x1f, 0x4e, 0x52, 0x00, 0x0a, 0x00, 0x27, 0xff, 0xb1, 0x03, 0xb6,
  0x03, 0x48, 0x00, 0x03, 0x00, 0x15, 0x00, 0x1f, 0x00, 0x23, 0x00, 0x2b,
  0x00, 0x35, 0x00, 0x39, 0x00, 0x46, 0x00, 0x4e, 0x00, 0x5f, 0x00, 0x00,
  0x41, 0x21, 0x15, 0x21, 0x25, 0x33, 0x11, 0x14, 0x06, 0x07, 0x06, 0x06,
  0x23, 0x26, 0x26, 0x27, 0x16, 0x16, 0x37, 0x36, 0x36, 0x35, 0x25, 0x37,
  0x1e, 0x02, 0x17, 0x07, 0x2e, 0x02, 0x03, 0x33, 0x11, 0x23, 0x03, 0x36,
  0x36, 0x37, 0x17, 0x06, 0x06, 0x07, 0x03, 0x37, 0x1e, 0x02, 0x17, 0x07,
  0x2e, 0x02, 0x25, 0x21, 0x07, 0x21, 0x37, 0x17, 0x0e, 0x02, 0x07, 0x2e,
  0x02, 0x27, 0x3e, 0x02, 0x07, 0x37, 0x16, 0x16, 0x17, 0x07, 0x26, 0x26,
  0x25, 0x33, 0x37, 0x17, 0x0e, 0x03, 0x07, 0x26, 0x26, 0x27, 0x3e, 0x03,
  0x37, 0x01, 0x5e, 0x02, 0x58, 0xfd, 0xa8, 0x01, 0x95, 0x4a, 0x11, 0x19,
  0x17, 0x51, 0x3b, 0x03, 0x0e, 0x07, 0x2d, 0x4c, 0x0d, 0x0c, 0x09, 0xfe,
  0xb2, 0x3d, 0x1b, 0x34, 0x2c, 0x0c, 0x41, 0x0b, 0x2a, 0x34, 0xd9, 0x49,
  0x49, 0xbf, 0x27, 0x6f, 0x39, 0x1d, 0x30, 0x66, 0x2d, 0x24, 0x34, 0x1a,
  0x36, 0x2d, 0x0d, 0x38, 0x0c, 0x2c, 0x35, 0x02, 0x0c, 0x01, 0x21, 0x10,
  0xfe, 0xc8, 0x49, 0x4c, 0x23, 0x60, 0x70, 0x3b, 0x06, 0x12, 0x12, 0x08,
  0x3a, 0x69, 0x55, 0x5e, 0x37, 0x1e, 0x3e, 0x10, 0x3b, 0x0f, 0x3b, 0x01,
  0x40, 0x0f, 0x0d, 0x31, 0x23, 0x72, 0x8f, 0xa1, 0x53, 0x05, 0x15, 0x0b,
  0x4d, 0x98, 0x85, 0x68, 0x1e, 0x01, 0x5f, 0x46, 0xc2, 0xfe, 0x2e, 0x20,
  0x23, 0x09, 0x08, 0x04, 0x0f, 0x29, 0x0f, 0x01, 0x01, 0x01, 0x01, 0x08,
  0x0a, 0xd1, 0x21, 0x1a, 0x3e, 0x3e, 0x1a, 0x26, 0x1a, 0x40, 0x40, 0x02,
  0x88, 0xfc, 0x69, 0x01, 0x16, 0x20, 0x61, 0x34, 0x3d, 0x2f, 0x61, 0x27,
  0x02, 0x10, 0x29, 0x19, 0x3a, 0x3a, 0x17, 0x2f, 0x18, 0x3c, 0x3c, 0x7a,
  0x3e, 0x8e, 0x16, 0x2e, 0x59, 0x4a, 0x1c, 0x07, 0x12, 0x12, 0x06, 0x18,
  0x44, 0x4e, 0xbe, 0x21, 0x18, 0x3e, 0x1a, 0x24, 0x19, 0x41, 0xaf, 0x03,
  0x1a, 0x4c, 0x77, 0x58, 0x3d, 0x13, 0x0e, 0x23, 0x0b, 0x0f, 0x36, 0x4f,
  0x66, 0x3f, 0x00, 0x07, 0x00, 0x1f, 0xff, 0xa7, 0x03, 0xaf, 0x03, 0x18,
  0x00, 0x10, 0x00, 0x18, 0x00, 0x1c, 0x00, 0x20, 0x00, 0x2a, 0x00, 0x41,
  0x00, 0x4d, 0x00, 0x00, 0x53, 0x33, 0x11, 0x14, 0x0e, 0x02, 0x07, 0x2e,
  0x02, 0x27, 0x3e, 0x03, 0x35, 0x13, 0x21, 0x15, 0x21, 0x35, 0x21, 0x35,
  0x21, 0x13, 0x21, 0x15, 0x21, 0x07, 0x21, 0x15, 0x21, 0x05, 0x37, 0x1e,
  0x02, 0x17, 0x07, 0x2e, 0x02, 0x05, 0x2e, 0x02, 0x27, 0x36, 0x36, 0x37,
  0x3e, 0x03, 0x37, 0x17, 0x0e, 0x02, 0x07, 0x15, 0x30, 0x0e, 0x02, 0x15,
  0x27, 0x37, 0x25, 0x16, 0x16, 0x17, 0x0e, 0x04, 0x85, 0x4c, 0x08, 0x17,
  0x2c, 0x24, 0x08, 0x18, 0x19, 0x0a, 0x23, 0x29, 0x14, 0x06, 0x34, 0x02,
  0xbd, 0xfd, 0x43, 0x02, 0x72, 0xfd, 0x8e, 0x77, 0x02, 0x39, 0xfd, 0xc7,
  0x41, 0x02, 0xc0, 0xfd, 0x40, 0x01, 0xbf, 0x41, 0x1c, 0x3d, 0x36, 0x11,
  0x45, 0x10, 0x34, 0x3c, 0xfe, 0x56, 0x02, 0x0a, 0x0a, 0x05, 0x0d, 0x1d,
  0x11, 0x08, 0x21, 0x2a, 0x29, 0x12, 0x54, 0x1e, 0x46, 0x49, 0x23, 0x10,
  0x13, 0x0f, 0x02, 0x30, 0x01, 0xe1, 0x03, 0x09, 0x03, 0x8a, 0xba, 0x72,
  0x3f, 0x1f, 0x03, 0x18, 0xfe, 0xdb, 0x3e, 0x96, 0x9c, 0x93, 0x3e, 0x06,
  0x0f, 0x0e, 0x03, 0x3a, 0x8b, 0x90, 0x8a, 0x3c, 0x01, 0x25, 0xfa, 0x41,
  0x78, 0xfe, 0xf1, 0x43, 0x69, 0x42, 0x38, 0x1b, 0x26, 0x5a, 0x56, 0x1e,
  0x22, 0x20, 0x56, 0x5d, 0xba, 0x08, 0x19, 0x1c, 0x09, 0x03, 0x18, 0x13,
  0x09, 0x2a, 0x39, 0x44, 0x22, 0x17, 0x31, 0x60, 0x55, 0x21, 0x02, 0x08,
  0x0b, 0x0d, 0x06, 0x37, 0x18, 0x1d, 0x0f, 0x23, 0x0b, 0x09, 0x0d, 0x09,
  0x07, 0x05, 0x00, 0x06, 0x00, 0x1c, 0xff, 0xbe, 0x03, 0xc2, 0x03, 0x39,
  0x00, 0x05, 0x00, 0x0f, 0x00, 0x21, 0x00, 0x33, 0x00, 0x45, 0x00, 0x68,
  0x00, 0x00, 0x53, 0x11, 0x23, 0x11, 0x23, 0x35, 0x13, 0x37, 0x1e, 0x02,
  0x17, 0x07, 0x2e, 0x02, 0x25, 0x17, 0x0e, 0x02, 0x07, 0x1e, 0x02, 0x17,
  0x07, 0x2e, 0x02, 0x27, 0x3e, 0x02, 0x37, 0x17, 0x0e, 0x02, 0x07, 0x1e,
  0x02, 0x17, 0x07, 0x2e, 0x02, 0x27, 0x3e, 0x02, 0x37, 0x17, 0x0e, 0x02,
  0x07, 0x1e, 0x02, 0x17, 0x07, 0x2e, 0x02, 0x27, 0x3e, 0x02, 0x01, 0x32,
  0x16, 0x16, 0x17, 0x16, 0x16, 0x33, 0x32, 0x3e, 0x02, 0x37, 0x0e, 0x02,
  0x07, 0x0e, 0x03, 0x23, 0x22, 0x26, 0x27, 0x26, 0x26, 0x23, 0x22, 0x06,
  0x06, 0x07, 0x27, 0x36, 0x36, 0xf6, 0x4b, 0x7e, 0x0d, 0x3b, 0x1d, 0x3e,
  0x36, 0x10, 0x40, 0x10, 0x33, 0x3c, 0x01, 0x53, 0x4a, 0x11, 0x2b, 0x30,
  0x17, 0x21, 0x3f, 0x33, 0x0e, 0x4a, 0x0c, 0x32, 0x40, 0x24, 0x19, 0x33,
  0x2b, 0xdb, 0x48, 0x11, 0x30, 0x34, 0x19, 0x23, 0x44, 0x37, 0x10, 0x49,
  0x0e, 0x37, 0x45, 0x27, 0x1c, 0x37, 0x30, 0xde, 0x4a, 0x13, 0x34, 0x39,
  0x1b, 0x25, 0x49, 0x3d, 0x11, 0x4a, 0x0f, 0x3c, 0x4b, 0x2a, 0x1f, 0x3d,
  0x34, 0xfd, 0x99, 0x11, 0x1e, 0x27, 0x1c, 0x31, 0x84, 0x57, 0x2e, 0x64,
  0x63, 0x59, 0x25, 0x05, 0x0a, 0x07, 0x01, 0x1a, 0x58, 0x67, 0x61, 0x24,
  0x61, 0x86, 0x35, 0x20, 0x30, 0x11, 0x10, 0x28, 0x2e, 0x19, 0x35, 0x32,
  0x5e, 0x01, 0xde, 0xfe, 0x8f, 0x01, 0x29, 0x48, 0x01, 0x35, 0x26, 0x19,
  0x40, 0x3d, 0x19, 0x2a, 0x18, 0x3f, 0x41, 0x3b, 0x12, 0x33, 0x70, 0x6f,
  0x32, 0x3a, 0x82, 0x78, 0x2b, 0x1f, 0x30, 0x80, 0x8c, 0x42, 0x37, 0x7d,
  0x77, 0x2b, 0x13, 0x33, 0x6f, 0x6d, 0x32, 0x3a, 0x80, 0x76, 0x2c, 0x20,
  0x31, 0x7f, 0x8b, 0x40, 0x37, 0x7d, 0x76, 0x2b, 0x14, 0x33, 0x6f, 0x6d,
  0x32, 0x39, 0x81, 0x76, 0x2c, 0x21, 0x30, 0x80, 0x8c, 0x41, 0x36, 0x7d,
  0x77, 0xfd, 0x82, 0x13, 0x1f, 0x13, 0x21, 0x11, 0x03, 0x05, 0x07, 0x04,
  0x0a, 0x1d, 0x1e, 0x0b, 0x02, 0x04, 0x03, 0x02, 0x17, 0x23, 0x15, 0x2a,
  0x24, 0x3d, 0x25, 0x45, 0x3b, 0x4c, 0x00, 0x03, 0x00, 0x34, 0xff, 0xfd,
  0x03, 0xb7, 0x02, 0xd7, 0x00, 0x03, 0x00, 0x07, 0x00, 0x0b, 0x00, 0x00,
  0x53, 0x21, 0x15, 0x21, 0x03, 0x21, 0x15, 0x21, 0x01, 0x33, 0x11, 0x23,
  0x68, 0x03, 0x1c, 0xfc, 0xe4, 0x34, 0x03, 0x83, 0xfc, 0x7d, 0x01, 0x94,
  0x53, 0x53, 0x02, 0xd7, 0x4d, 0xfd, 0xbe, 0x4b, 0x02, 0xb3, 0xfd, 0x79,
  0x00, 0x03, 0x00, 0x5d, 0xff, 0xcc, 0x03, 0xb8, 0x03, 0x0a, 0x00, 0x25,
  0x00, 0x29, 0x00, 0x2f, 0x00, 0x00, 0x53, 0x33, 0x11, 0x14, 0x16, 0x16,
  0x33, 0x3a, 0x04, 0x33, 0x32, 0x3e, 0x02, 0x37, 0x1e, 0x02, 0x17, 0x0e,
  0x03, 0x23, 0x2a, 0x05, 0x23, 0x22, 0x26, 0x26, 0x35, 0x13, 0x21, 0x15,
  0x21, 0x03, 0x21, 0x11, 0x23, 0x11, 0x21, 0x92, 0x4c, 0x15, 0x39, 0x37,
  0x0f, 0x4a, 0x5f, 0x61, 0x4f, 0x15, 0x29, 0x33, 0x1c, 0x0f, 0x05, 0x0a,
  0x1b, 0x1c, 0x0b, 0x07, 0x18, 0x2d, 0x4f, 0x3e, 0x0a, 0x39, 0x4f, 0x56,
  0x4e, 0x38, 0x0a, 0x51, 0x5e, 0x26, 0x29, 0x02, 0x4e, 0xfd, 0xb2, 0x5e,
  0x02, 0xdc, 0x4e, 0xfd, 0x72, 0x02, 0x5d, 0xfe, 0x08, 0x20, 0x22, 0x0d,
  0x10, 0x2b, 0x4d, 0x3c, 0x07, 0x0c, 0x0a, 0x02, 0x45, 0x5c, 0x36, 0x18,
  0x1a, 0x42, 0x3e, 0x01, 0x52, 0x4a, 0x01, 0x9c, 0xfe, 0x32, 0x01, 0x83,
  0x00, 0x05, 0x00, 0x1f, 0xff, 0xaf, 0x03, 0xad, 0x03, 0x49, 0x00, 0x03,
  0x00, 0x07, 0x00, 0x0d, 0x00, 0x20, 0x00, 0x2e, 0x00, 0x00, 0x53, 0x21,
  0x15, 0x21, 0x05, 0x33, 0x11, 0x23, 0x01, 0x21, 0x15, 0x21, 0x11, 0x23,
  0x01, 0x33, 0x11, 0x14, 0x06, 0x07, 0x06, 0x06, 0x23, 0x26, 0x26, 0x27,
  0x16, 0x32, 0x32, 0x33, 0x36, 0x36, 0x35, 0x01, 0x17, 0x0e, 0x02, 0x07,
  0x2e, 0x02, 0x27, 0x3e, 0x03, 0x3d, 0x03, 0x70, 0xfc, 0x90, 0x01, 0xc0,
  0x4c, 0x4c, 0xfe, 0xe1, 0x02, 0x6e, 0xfd, 0xdd, 0x4b, 0x02, 0x4d, 0x4b,
  0x10, 0x18, 0x17, 0x53, 0x40, 0x02, 0x0f, 0x08, 0x20, 0x39, 0x29, 0x08,
  0x0d, 0x09, 0xfe, 0x64, 0x4d, 0x24, 0x6d, 0x99, 0x66, 0x05, 0x10, 0x11,
  0x07, 0x47, 0x74, 0x5c, 0x43, 0x02, 0xaf, 0x49, 0x30, 0xfd, 0x79, 0x02,
  0x00, 0x47, 0xfe, 0xa5, 0x01, 0xa2, 0xfe, 0xbd, 0x1e, 0x22, 0x09, 0x08,
  0x04, 0x10, 0x25, 0x0f, 0x01, 0x01, 0x08, 0x0a, 0x02, 0xdc, 0x12, 0x74,
  0xe3, 0xc5, 0x48, 0x0a, 0x17, 0x18, 0x07, 0x30, 0x81, 0x96, 0xa0, 0x00,
  0x00, 0x09, 0x00, 0x56, 0xff, 0xb0, 0x03, 0x99, 0x03, 0x49, 0x00, 0x03,
  0x00, 0x07, 0x00, 0x0b, 0x00, 0x11, 0x00, 0x24, 0x00, 0x28, 0x00, 0x30,
  0x00, 0x38, 0x00, 0x41, 0x00, 0x00, 0x41, 0x33, 0x11, 0x23, 0x03, 0x15,
  0x21, 0x35, 0x25, 0x21, 0x15, 0x21, 0x07, 0x21, 0x15, 0x21, 0x15, 0x23,
  0x01, 0x33, 0x15, 0x14, 0x06, 0x07, 0x06, 0x06, 0x23, 0x26, 0x26, 0x27,
  0x16, 0x16, 0x32, 0x33, 0x36, 0x36, 0x35, 0x01, 0x33, 0x15, 0x23, 0x25,
  0x21, 0x15, 0x23, 0x35, 0x21, 0x15, 0x23, 0x13, 0x37, 0x16, 0x16, 0x17,
  0x07, 0x26, 0x26, 0x25, 0x17, 0x06, 0x06, 0x07, 0x27, 0x3e, 0x02, 0x01,
  0xda, 0x4d, 0x4d, 0xa1, 0x01, 0x7b, 0xfe, 0x3d, 0x02, 0x0f, 0xfd, 0xf1,
  0x59, 0x02, 0x9d, 0xfd, 0xae, 0x4b, 0x02, 0x78, 0x4c, 0x0f, 0x18, 0x18,
  0x4e, 0x3a, 0x03, 0x0f, 0x08, 0x1e, 0x35, 0x26, 0x08, 0x0c, 0x08, 0xfe,
  0xc4, 0x4c, 0x4c, 0xfe, 0x82, 0x03, 0x43, 0x4a, 0xfd, 0x4f, 0x48, 0x52,
  0x44, 0x18, 0x2f, 0x0d, 0x47, 0x0b, 0x2f, 0x02, 0x3c, 0x4e, 0x19, 0x36,
  0x16, 0x3e, 0x0f, 0x1f, 0x1d, 0x01, 0x61, 0xfe, 0x4f, 0x02, 0x3b, 0x62,
  0x62, 0x39, 0xd4, 0x53, 0x44, 0xdc, 0x01, 0x20, 0xd2, 0x1d, 0x21, 0x09,
  0x08, 0x03, 0x0f, 0x26, 0x0f, 0x01, 0x01, 0x02, 0x06, 0x09, 0x03, 0x1d,
  0xb7, 0x1b, 0xd7, 0x95, 0x95, 0x01, 0x4d, 0x1c, 0x1b, 0x42, 0x18, 0x22,
  0x1a, 0x46, 0x38, 0x1b, 0x20, 0x41, 0x17, 0x19, 0x10, 0x2c, 0x2d, 0x00,
  0x00, 0x05, 0x00, 0x34, 0xff, 0xb1, 0x03, 0xb5, 0x03, 0x05, 0x00, 0x03,
  0x00, 0x07, 0x00, 0x11, 0x00, 0x1b, 0x00, 0x1f, 0x00, 0x00, 0x53, 0x21,
  0x15, 0x21, 0x03, 0x21, 0x15, 0x21, 0x13, 0x37, 0x1e, 0x02, 0x17, 0x07,
  0x2e, 0x02, 0x25, 0x17, 0x0e, 0x02, 0x07, 0x27, 0x3e, 0x02, 0x25, 0x33,
  0x11, 0x23, 0x69, 0x03, 0x14, 0xfc, 0xec, 0x35, 0x03, 0x81, 0xfc, 0x7f,
  0x7a, 0x44, 0x14, 0x26, 0x1f, 0x06, 0x47, 0x07, 0x1d, 0x24, 0x02, 0x31,
  0x4f, 0x12, 0x2b, 0x2a, 0x14, 0x41, 0x13, 0x29, 0x24, 0xfe, 0xe5, 0x4e,
  0x4e, 0x03, 0x05, 0x4b, 0xfe, 0xa2, 0x4b, 0x01, 0x65, 0x14, 0x24, 0x52,
  0x4f, 0x1d, 0x19, 0x1e, 0x4f, 0x55, 0x3e, 0x16, 0x29, 0x56, 0x50, 0x1e,
  0x15, 0x20, 0x53, 0x57, 0x7d, 0xfc, 0xc9, 0x00, 0x00, 0x07, 0x00, 0x24,
  0xff, 0xa9, 0x03, 0xbb, 0x03, 0x50, 0x00, 0x03, 0x00, 0x14, 0x00, 0x1c,
  0x00, 0x26, 0x00, 0x30, 0x00, 0x3c, 0x00, 0x40, 0x00, 0x00, 0x53, 0x21,
  0x15, 0x21, 0x27, 0x33, 0x11, 0x14, 0x0e, 0x02, 0x07, 0x2e, 0x02, 0x27,
  0x3e, 0x03, 0x35, 0x01, 0x37, 0x16, 0x16, 0x17, 0x07, 0x26, 0x26, 0x03,
  0x37, 0x1e, 0x02, 0x17, 0x07, 0x2e, 0x02, 0x37, 0x37, 0x1e, 0x02, 0x17,
  0x07, 0x2e, 0x02, 0x25, 0x17, 0x0e, 0x02, 0x07, 0x26, 0x26, 0x27, 0x3e,
  0x02, 0x01, 0x21, 0x15, 0x21, 0x9f, 0x03, 0x0f, 0xfc, 0xf1, 0x26, 0x4c,
  0x07, 0x14, 0x26, 0x1e, 0x07, 0x19, 0x19, 0x09, 0x1d, 0x22, 0x11, 0x05,
  0x01, 0x5b, 0x49, 0x13, 0x24, 0x0a, 0x4d, 0x08, 0x24, 0xdd, 0x41, 0x16,
  0x2c, 0x25, 0x0b, 0x47, 0x09, 0x24, 0x2b, 0xc5, 0x44, 0x12, 0x22, 0x1c,
  0x07, 0x48, 0x07, 0x1b, 0x21, 0x01, 0x42, 0x4f, 0x1b, 0x4b, 0x5d, 0x37,
  0x08, 0x1d, 0x0c, 0x33, 0x55, 0x41, 0xfd, 0xb1, 0x02, 0xea, 0xfd, 0x16,
  0x02, 0xc7, 0x47, 0x47, 0xfe, 0xef, 0x39, 0x88, 0x8e, 0x86, 0x38, 0x07,
  0x10, 0x0f, 0x04, 0x35, 0x7c, 0x81, 0x7c, 0x35, 0x01, 0x86, 0x14, 0x21,
  0x4d, 0x1b, 0x17, 0x1c, 0x50, 0xfe, 0xce, 0x1b, 0x37, 0x7b, 0x75, 0x2f,
  0x1d, 0x2f, 0x76, 0x7d, 0x6e, 0x13, 0x37, 0x7a, 0x75, 0x2f, 0x16, 0x2f,
  0x77, 0x7b, 0x50, 0x1d, 0x5d, 0xc4, 0xbd, 0x54, 0x0a, 0x1b, 0x09, 0x4f,
  0xb9, 0xc0, 0xfe, 0x45, 0x48, 0x00, 0x00, 0x08, 0x00, 0x25, 0xff, 0xb0,
  0x03, 0xc2, 0x03, 0x4d, 0x00, 0x03, 0x00, 0x07, 0x00, 0x0f, 0x00, 0x20,
  0x00, 0x2d, 0x00, 0x31, 0x00, 0x42, 0x00, 0x4a, 0x00, 0x00, 0x53, 0x21,
  0x15, 0x21, 0x17, 0x21, 0x15, 0x21, 0x13, 0x33, 0x15, 0x33, 0x35, 0x33,
  0x11, 0x21, 0x05, 0x33, 0x37, 0x17, 0x0e, 0x03, 0x07, 0x26, 0x26, 0x27,
  0x3e, 0x03, 0x37, 0x05, 0x1e, 0x02, 0x17, 0x0e, 0x02, 0x07, 0x2e, 0x02,
  0x27, 0x03, 0x21, 0x15, 0x21, 0x27, 0x33, 0x11, 0x14, 0x0e, 0x02, 0x07,
  0x2e, 0x02, 0x27, 0x3e, 0x03, 0x35, 0x01, 0x37, 0x16, 0x16, 0x17, 0x07,
  0x26, 0x26, 0xe1, 0x02, 0xc8, 0xfd, 0x38, 0x0e, 0x02, 0x3d, 0xfd, 0xc3,
  0x93, 0x48, 0xf3, 0x4a, 0xfe, 0x7b, 0x01, 0x96, 0x0f, 0x0d, 0x2f, 0x29,
  0x87, 0xac, 0xc2, 0x67, 0x03, 0x12, 0x09, 0x5f, 0xb9, 0xa1, 0x7c, 0x23,
  0xfe, 0x77, 0x32, 0xa9, 0xdb, 0x7d, 0x08, 0x11, 0x0e, 0x05, 0x7f, 0xdf,
  0xb0, 0x39, 0xae, 0x03, 0x13, 0xfc, 0xed, 0x23, 0x4b, 0x07, 0x14, 0x26,
  0x20, 0x07, 0x19, 0x1a, 0x09, 0x1f, 0x23, 0x12, 0x05, 0x01, 0x5b, 0x4b,
  0x12, 0x21, 0x07, 0x4e, 0x07, 0x1e, 0x02, 0x2d, 0x3e, 0xe6, 0x3e, 0x01,
  0xb9, 0xff, 0xff, 0xfe, 0xc5, 0x40, 0x03, 0x19, 0x4d, 0x6e, 0x49, 0x2d,
  0x0c, 0x0d, 0x26, 0x0d, 0x08, 0x26, 0x3f, 0x5c, 0x3f, 0x27, 0x42, 0x5f,
  0x3a, 0x0b, 0x08, 0x17, 0x18, 0x0a, 0x0f, 0x43, 0x6e, 0x4d, 0x02, 0x28,
  0x47, 0x47, 0xfe, 0xf0, 0x3c, 0x8d, 0x94, 0x8c, 0x3c, 0x06, 0x0d, 0x0d,
  0x02, 0x39, 0x84, 0x8a, 0x83, 0x38, 0x01, 0x67, 0x12, 0x1e, 0x49, 0x19,
  0x15, 0x1a, 0x4b, 0x00, 0x00, 0x0a, 0x00, 0x25, 0xff, 0xb0, 0x03, 0xc2,
  0x03, 0x48, 0x00, 0x03, 0x00, 0x07, 0x00, 0x0b, 0x00, 0x0f, 0x00, 0x17,
  0x00, 0x1b, 0x00, 0x1f, 0x00, 0x2d, 0x00, 0x44, 0x00, 0x5b, 0x00, 0x00,
  0x41, 0x21, 0x15, 0x21, 0x17, 0x21, 0x15, 0x21, 0x07, 0x21, 0x15, 0x21,
  0x13, 0x33, 0x11, 0x23, 0x03, 0x21, 0x11, 0x21, 0x35, 0x21, 0x35, 0x21,
  0x25, 0x33, 0x15, 0x23, 0x17, 0x33, 0x15, 0x23, 0x37, 0x33, 0x37, 0x17,
  0x06, 0x02, 0x07, 0x2e, 0x02, 0x27, 0x36, 0x36, 0x37, 0x07, 0x1e, 0x03,
  0x33, 0x3a, 0x04, 0x37, 0x0e, 0x02, 0x07, 0x23, 0x23, 0x22, 0x2e, 0x02,
  0x27, 0x37, 0x2e, 0x02, 0x27, 0x36, 0x36, 0x37, 0x3e, 0x02, 0x37, 0x35,
  0x37, 0x17, 0x06, 0x06, 0x07, 0x15, 0x30, 0x0e, 0x02, 0x01, 0x4a, 0x02,
  0x67, 0xfd, 0x99, 0x31, 0x02, 0x08, 0xfd, 0xf8, 0x2a, 0x02, 0x58, 0xfd,
  0xa8, 0xf4, 0x47, 0x47, 0xbb, 0x01, 0xe2, 0xfe, 0x17, 0x01, 0xa6, 0xfe,
  0x61, 0xfe, 0xb6, 0xe4, 0xe4, 0x49, 0x99, 0xa2, 0x88, 0x0e, 0x0e, 0x2a,
  0x17, 0x7d, 0x5e, 0x05, 0x14, 0x16, 0x08, 0x5c, 0x74, 0x13, 0x82, 0x1f,
  0x62, 0x84, 0xa4, 0x5f, 0x0c, 0x3c, 0x4e, 0x4f, 0x40, 0x0f, 0x06, 0x0b,
  0x0a, 0x02, 0x34, 0xe4, 0x6d, 0xb4, 0x90, 0x6b, 0x23, 0x13, 0x02, 0x0c,
  0x0c, 0x05, 0x0e, 0x22, 0x0f, 0x0b, 0x2f, 0x36, 0x15, 0x1c, 0x30, 0x2c,
  0x61, 0x2e, 0x10, 0x16, 0x10, 0x02, 0x6c, 0x3b, 0xd8, 0x39, 0x4f, 0x3c,
  0x02, 0xb3, 0xfc, 0xe9, 0x02, 0xc2, 0xfe, 0xb3, 0x3d, 0xd4, 0x53, 0x43,
  0xdb, 0x43, 0x43, 0x01, 0x0a, 0xd5, 0xfe, 0xea, 0x48, 0x08, 0x13, 0x13,
  0x04, 0x42, 0xfc, 0xbd, 0x86, 0x69, 0x82, 0x46, 0x19, 0x01, 0x08, 0x19,
  0x1a, 0x0a, 0x1e, 0x50, 0x94, 0x77, 0x47, 0x08, 0x16, 0x18, 0x07, 0x03,
  0x22, 0x18, 0x0f, 0x50, 0x6b, 0x36, 0x05, 0x0d, 0x1f, 0x5d, 0xab, 0x3d,
  0x01, 0x08, 0x0c, 0x0d, 0x00, 0x04, 0x00, 0x34, 0xff, 0xac, 0x03, 0xb5,
  0x03, 0x07, 0x00, 0x03, 0x00, 0x07, 0x00, 0x0b, 0x00, 0x1c, 0x00, 0x00,
  0x53, 0x21, 0x15, 0x21, 0x03, 0x21, 0x15, 0x21, 0x01, 0x33, 0x11, 0x23,
  0x01, 0x33, 0x11, 0x14, 0x0e, 0x02, 0x07, 0x2e, 0x02, 0x27, 0x3e, 0x03,
  0x35, 0x59, 0x03, 0x3d, 0xfc, 0xc3, 0x25, 0x03, 0x81, 0xfc, 0x7f, 0x02,
  0x55, 0x4d, 0x4d, 0xfe, 0x9c, 0x4c, 0x10, 0x33, 0x66, 0x56, 0x07, 0x14,
  0x17, 0x0a, 0x51, 0x60, 0x2f, 0x0f, 0x03, 0x07, 0x48, 0xfe, 0xe3, 0x48,
  0x01, 0x87, 0xfc, 0xce, 0x03, 0x33, 0xfe, 0xeb, 0x49, 0x94, 0x8d, 0x81,
  0x36, 0x0a, 0x14, 0x14, 0x06, 0x32, 0x74, 0x7e, 0x84, 0x41, 0x00, 0x05,
  0x00, 0x34, 0xff, 0xad, 0x03, 0xb6, 0x03, 0x19, 0x00, 0x03, 0x00, 0x14,
  0x00, 0x18, 0x00, 0x3c, 0x00, 0x44, 0x00, 0x00, 0x77, 0x21, 0x15, 0x21,
  0x37, 0x33, 0x15, 0x14, 0x0e, 0x02, 0x07, 0x2e, 0x02, 0x27, 0x3e, 0x03,
  0x35, 0x25, 0x33, 0x11, 0x23, 0x01, 0x33, 0x11, 0x14, 0x16, 0x16, 0x33,
  0x3a, 0x05, 0x33, 0x32, 0x36, 0x36, 0x37, 0x16, 0x16, 0x17, 0x0e, 0x02,
  0x23, 0x2a, 0x05, 0x23, 0x22, 0x26, 0x26, 0x35, 0x37, 0x21, 0x35, 0x21,
  0x35, 0x21, 0x15, 0x21, 0x34, 0x03, 0x82, 0xfc, 0x7e, 0xd1, 0x4a, 0x0f,
  0x2e, 0x5d, 0x4d, 0x05, 0x12, 0x13, 0x09, 0x47, 0x53, 0x29, 0x0d, 0x01,
  0x86, 0x4b, 0x4b, 0xfe, 0x01, 0x4b, 0x13, 0x39, 0x39, 0x0e, 0x3b, 0x4e,
  0x57, 0x51, 0x41, 0x12, 0x2a, 0x2a, 0x11, 0x04, 0x0f, 0x29, 0x11, 0x07,
  0x20, 0x47, 0x41, 0x0a, 0x3d, 0x54, 0x5c, 0x54, 0x3b, 0x09, 0x53, 0x5d,
  0x26, 0x1b, 0x02, 0x4c, 0xfd, 0x99, 0x02, 0xb1, 0xfd, 0x6a, 0xe1, 0x46,
  0xb3, 0x51, 0x2a, 0x5a, 0x59, 0x51, 0x22, 0x09, 0x15, 0x14, 0x07, 0x1e,
  0x45, 0x4b, 0x49, 0x22, 0x4f, 0xfe, 0x65, 0x03, 0x43, 0xfe, 0xf1, 0x15,
  0x18, 0x08, 0x0e, 0x2a, 0x29, 0x08, 0x0d, 0x03, 0x38, 0x3d, 0x17, 0x13,
  0x33, 0x31, 0x82, 0x71, 0x40, 0xf2, 0x00, 0x06, 0x00, 0x37, 0xff, 0xae,
  0x03, 0xc7, 0x03, 0x44, 0x00, 0x09, 0x00, 0x0d, 0x00, 0x11, 0x00, 0x15,
  0x00, 0x1f, 0x00, 0x37, 0x00, 0x00, 0x41, 0x37, 0x1e, 0x02, 0x17, 0x07,
  0x2e, 0x02, 0x05, 0x21, 0x15, 0x21, 0x17, 0x21, 0x15, 0x21, 0x37, 0x33,
  0x11, 0x23, 0x07, 0x3e, 0x02, 0x37, 0x17, 0x0e, 0x02, 0x07, 0x01, 0x33,
  0x06, 0x1e, 0x03, 0x33, 0x32, 0x36, 0x37, 0x16, 0x16, 0x17, 0x0e, 0x02,
  0x23, 0x22, 0x2e, 0x04, 0x02, 0xc5, 0x33, 0x19, 0x38, 0x31, 0x0f, 0x34,
  0x0f, 0x2f, 0x37, 0xfd, 0x57, 0x03, 0x7c, 0xfc, 0x84, 0x23, 0x01, 0xba,
  0xfe, 0x46, 0xb4, 0x4b, 0x4b, 0xd3, 0x3c, 0xa3, 0xb9, 0x5c, 0x06, 0x55,
  0xad, 0xa0, 0x40, 0x01, 0xe2, 0x50, 0x01, 0x13, 0x25, 0x35, 0x41, 0x25,
  0x15, 0x14, 0x05, 0x0c, 0x26, 0x10, 0x06, 0x1a, 0x2f, 0x27, 0x32, 0x51,
  0x3e, 0x2e, 0x1d, 0x0f, 0x03, 0x17, 0x2a, 0x11, 0x2b, 0x2b, 0x12, 0x2f,
  0x12, 0x2d, 0x2d, 0x78, 0x49, 0x95, 0x49, 0x22, 0xfe, 0x9b, 0x0b, 0x0c,
  0x21, 0x27, 0x14, 0x44, 0x14, 0x28, 0x24, 0x0e, 0x03, 0x76, 0x8b, 0xfc,
  0xd2, 0x9a, 0x55, 0x5a, 0x64, 0x0c, 0x18, 0x06, 0x57, 0x62, 0x29, 0x44,
  0x7d, 0xa9, 0xcd, 0xe6, 0x00, 0x05, 0x00, 0x5b, 0xff, 0xac, 0x03, 0x8f,
  0x03, 0x47, 0x00, 0x03, 0x00, 0x14, 0x00, 0x18, 0x00, 0x1c, 0x00, 0x22,
  0x00, 0x00, 0x53, 0x33, 0x11, 0x23, 0x13, 0x33, 0x11, 0x14, 0x0e, 0x02,
  0x07, 0x2e, 0x02, 0x27, 0x3e, 0x03, 0x35, 0x17, 0x21, 0x15, 0x21, 0x03,
  0x21, 0x15, 0x21, 0x13, 0x21, 0x11, 0x23, 0x11, 0x21, 0x5b, 0x4a, 0x4a,
  0xcb, 0x4a, 0x0d, 0x28, 0x4f, 0x42, 0x07, 0x14, 0x17, 0x09, 0x3d, 0x49,
  0x24, 0x0d, 0xbb, 0x01, 0x88, 0xfe, 0x78, 0x32, 0x01, 0xc1, 0xfe, 0x3f,
  0x14, 0x01, 0xcc, 0x4c, 0xfe, 0x80, 0x02, 0xce, 0xfe, 0x18, 0x02, 0x61,
  0xfe, 0x73, 0x4c, 0x91, 0x86, 0x78, 0x33, 0x08, 0x15, 0x14, 0x05, 0x2e,
  0x6b, 0x79, 0x82, 0x44, 0x0e, 0x4a, 0xfe, 0xee, 0x4a, 0x02, 0xe8, 0xfc,
  0xd2, 0x02, 0xe6, 0x00, 0x00, 0x09, 0x00, 0x43, 0xff, 0xae, 0x03, 0xb9,
  0x03, 0x14, 0x00, 0x03, 0x00, 0x16, 0x00, 0x23, 0x00, 0x2d, 0x00, 0x37,
  0x00, 0x41, 0x00, 0x45, 0x00, 0x53, 0x00, 0x57, 0x00, 0x00, 0x53, 0x21,
  0x15, 0x21, 0x25, 0x33, 0x11, 0x14, 0x06, 0x07, 0x06, 0x06, 0x23, 0x26,
  0x26, 0x27, 0x16, 0x16, 0x36, 0x33, 0x36, 0x36, 0x35, 0x13, 0x1e, 0x02,
  0x17, 0x0e, 0x02, 0x07, 0x2e, 0x02, 0x27, 0x25, 0x17, 0x0e, 0x02, 0x07,
  0x27, 0x3e, 0x02, 0x05, 0x37, 0x1e, 0x02, 0x17, 0x07, 0x2e, 0x02, 0x07,
  0x3e, 0x02, 0x37, 0x17, 0x0e, 0x02, 0x07, 0x13, 0x21, 0x15, 0x21, 0x25,
  0x33, 0x37, 0x17, 0x14, 0x06, 0x06, 0x07, 0x27, 0x3e, 0x03, 0x35, 0x25,
  0x21, 0x15, 0x21, 0x43, 0x03, 0x69, 0xfc, 0x97, 0x01, 0x8a, 0x4c, 0x12,
  0x18, 0x17, 0x4e, 0x3b, 0x03, 0x0f, 0x08, 0x1e, 0x35, 0x28, 0x08, 0x0c,
  0x09, 0x43, 0x25, 0x7b, 0xa6, 0x63, 0x08, 0x13, 0x11, 0x05, 0x66, 0xa7,
  0x7e, 0x29, 0x01, 0x56, 0x40, 0x22, 0x4e, 0x4d, 0x22, 0x33, 0x21, 0x4d,
  0x49, 0xfd, 0x77, 0x33, 0x20, 0x46, 0x3f, 0x13, 0x35, 0x12, 0x3e, 0x45,
  0x63, 0x33, 0x8a, 0x99, 0x4c, 0x0f, 0x44, 0x8c, 0x82, 0x37, 0x38, 0x02,
  0x57, 0xfd, 0xa9, 0x02, 0x41, 0x09, 0x0d, 0x3b, 0x07, 0x09, 0x05, 0x4e,
  0x04, 0x06, 0x05, 0x03, 0xfd, 0xa1, 0x02, 0x75, 0xfd, 0x8b, 0x01, 0xce,
  0x43, 0x20, 0xfe, 0x56, 0x20, 0x20, 0x08, 0x07, 0x04, 0x0f, 0x25, 0x0e,
  0x01, 0x01, 0x01, 0x01, 0x08, 0x0a, 0x01, 0x7f, 0x56, 0x8f, 0x68, 0x1b,
  0x08, 0x16, 0x19, 0x0a, 0x20, 0x74, 0xa1, 0x61, 0x04, 0x2f, 0x1c, 0x3c,
  0x35, 0x14, 0x2a, 0x15, 0x39, 0x3e, 0x1b, 0x2e, 0x11, 0x2c, 0x2d, 0x13,
  0x35, 0x14, 0x2f, 0x2f, 0xf5, 0x14, 0x36, 0x3e, 0x20, 0x40, 0x1e, 0x3e,
  0x37, 0x18, 0x02, 0x7c, 0x45, 0xe6, 0x04, 0x04, 0x36, 0x7e, 0x7e, 0x37,
  0x03, 0x2a, 0x60, 0x60, 0x55, 0x1d, 0x0a, 0x45, 0x00, 0x09, 0x00, 0x1d,
  0xff, 0xb1, 0x03, 0xc2, 0x03, 0x46, 0x00, 0x03, 0x00, 0x07, 0x00, 0x0b,
  0x00, 0x0f, 0x00, 0x22, 0x00, 0x2c, 0x00, 0x39, 0x00, 0x46, 0x00, 0x4b,
  0x00, 0x00, 0x41, 0x21, 0x15, 0x21, 0x03, 0x21, 0x15, 0x21, 0x27, 0x21,
  0x15, 0x21, 0x01, 0x33, 0x11, 0x23, 0x17, 0x33, 0x11, 0x14, 0x06, 0x07,
  0x06, 0x06, 0x23, 0x26, 0x26, 0x27, 0x16, 0x16, 0x36, 0x33, 0x32, 0x36,
  0x35, 0x25, 0x37, 0x1e, 0x02, 0x17, 0x07, 0x2e, 0x02, 0x03, 0x17, 0x0e,
  0x02, 0x07, 0x2e, 0x02, 0x27, 0x3e, 0x02, 0x13, 0x17, 0x0e, 0x02, 0x07,
  0x2e, 0x02, 0x27, 0x3e, 0x02, 0x03, 0x37, 0x17, 0x11, 0x23, 0x01, 0x82,
  0x02, 0x0c, 0xfd, 0xf4, 0x2f, 0x02, 0x68, 0xfd, 0x98, 0x0c, 0x02, 0x7b,
  0xfd, 0x85, 0x01, 0x17, 0x4b, 0x4b, 0x8d, 0x4a, 0x11, 0x18, 0x18, 0x4e,
  0x3b, 0x02, 0x0f, 0x08, 0x1f, 0x35, 0x28, 0x08, 0x0c, 0x09, 0xfe, 0xb4,
  0x3e, 0x18, 0x2e, 0x28, 0x0b, 0x40, 0x0a, 0x27, 0x2e, 0xa7, 0x42, 0x21,
  0x59, 0x62, 0x31, 0x03, 0x0e, 0x11, 0x06, 0x2d, 0x5b, 0x4f, 0x0b, 0x46,
  0x1d, 0x50, 0x59, 0x2c, 0x04, 0x0e, 0x0f, 0x06, 0x27, 0x51, 0x46, 0x31,
  0x45, 0x03, 0x48, 0x02, 0xc6, 0x44, 0xfe, 0xcc, 0x45, 0xfa, 0x45, 0x01,
  0x85, 0xfe, 0x9b, 0x11, 0xfe, 0x3e, 0x22, 0x22, 0x09, 0x09, 0x03, 0x0f,
  0x29, 0x10, 0x01, 0x01, 0x01, 0x08, 0x0a, 0xc1, 0x20, 0x19, 0x3e, 0x3d,
  0x18, 0x26, 0x19, 0x3e, 0x40, 0x01, 0xb8, 0x1a, 0x3c, 0x75, 0x67, 0x28,
  0x09, 0x1c, 0x1c, 0x09, 0x21, 0x58, 0x63, 0x01, 0x11, 0x1c, 0x2c, 0x58,
  0x4e, 0x1e, 0x09, 0x17, 0x17, 0x07, 0x1a, 0x45, 0x4b, 0xfe, 0x97, 0x46,
  0x02, 0xfd, 0xb4, 0x00, 0x00, 0x07, 0x00, 0x1c, 0xff, 0xac, 0x03, 0xce,
  0x03, 0x48, 0x00, 0x03, 0x00, 0x0d, 0x00, 0x17, 0x00, 0x1d, 0x00, 0x21,
  0x00, 0x2e, 0x00, 0x41, 0x00, 0x00, 0x53, 0x33, 0x11, 0x23, 0x03, 0x17,
  0x0e, 0x02, 0x07, 0x27, 0x3e, 0x02, 0x37, 0x37, 0x1e, 0x02, 0x17, 0x07,
  0x2e, 0x02, 0x37, 0x21, 0x11, 0x23, 0x11, 0x21, 0x07, 0x21, 0x15, 0x21,
  0x25, 0x1e, 0x02, 0x17, 0x0e, 0x02, 0x07, 0x2e, 0x02, 0x27, 0x03, 0x33,
  0x11, 0x14, 0x0e, 0x03, 0x07, 0x2e, 0x02, 0x27, 0x3e, 0x04, 0x35, 0xaa,
  0x4b, 0x4b, 0x5a, 0x39, 0x02, 0x0d, 0x15, 0x0e, 0x3b, 0x0e, 0x15, 0x0e,
  0xaa, 0x35, 0x10, 0x1f, 0x18, 0x06, 0x38, 0x06, 0x18, 0x1d, 0x7a, 0x01,
  0xef, 0x4a, 0xfe, 0x5b, 0x36, 0x02, 0x7b, 0xfd, 0x85, 0x01, 0x50, 0x18,
  0x54, 0x79, 0x4f, 0x09, 0x15, 0x12, 0x06, 0x53, 0x7c, 0x56, 0x1b, 0x14,
  0x4b, 0x0b, 0x21, 0x42, 0x6f, 0x54, 0x05, 0x12, 0x15, 0x09, 0x52, 0x69,
  0x3d, 0x1b, 0x08, 0x03, 0x48, 0xfc, 0x69, 0x02, 0xd6, 0x08, 0x29, 0x61,
  0x5f, 0x25, 0x15, 0x21, 0x5a, 0x5e, 0x31, 0x17, 0x1d, 0x43, 0x3e, 0x18,
  0x1c, 0x18, 0x41, 0x45, 0x36, 0xfe, 0xab, 0x01, 0x0e, 0xe5, 0x49, 0x3a,
  0x57, 0x97, 0x70, 0x1d, 0x08, 0x18, 0x1b, 0x0b, 0x25, 0x7f, 0xaa, 0x64,
  0x01, 0xe9, 0xfe, 0xb3, 0x3b, 0x7e, 0x7f, 0x7a, 0x6f, 0x2e, 0x09, 0x15,
  0x15, 0x07, 0x2a, 0x63, 0x6f, 0x73, 0x72, 0x34, 0x00, 0x08, 0x00, 0x2d,
  0xff, 0xc6, 0x03, 0xbe, 0x03, 0x4c, 0x00, 0x03, 0x00, 0x13, 0x00, 0x1f,
  0x00, 0x29, 0x00, 0x4b, 0x00, 0x55, 0x00, 0x5f, 0x00, 0x69, 0x00, 0x00,
  0x53, 0x21, 0x15, 0x21, 0x25, 0x33, 0x0e, 0x04, 0x07, 0x26, 0x26, 0x27,
  0x3e, 0x04, 0x17, 0x16, 0x16, 0x17, 0x0e, 0x02, 0x07, 0x2e, 0x02, 0x27,
  0x03, 0x37, 0x1e, 0x02, 0x17, 0x07, 0x2e, 0x02, 0x07, 0x33, 0x15, 0x14,
  0x16, 0x33, 0x3a, 0x04, 0x33, 0x32, 0x36, 0x36, 0x37, 0x1e, 0x02, 0x17,
  0x0e, 0x02, 0x23, 0x2a, 0x04, 0x23, 0x22, 0x26, 0x26, 0x35, 0x37, 0x37,
  0x1e, 0x02, 0x17, 0x07, 0x2e, 0x02, 0x05, 0x37, 0x1e, 0x02, 0x17, 0x07,
  0x2e, 0x02, 0x25, 0x17, 0x0e, 0x02, 0x07, 0x27, 0x3e, 0x02, 0x38, 0x03,
  0x7c, 0xfc, 0x84, 0x01, 0x9a, 0x4e, 0x08, 0x1d, 0x39, 0x62, 0x99, 0x6f,
  0x06, 0x19, 0x0c, 0x6a, 0x90, 0x5a, 0x32, 0x18, 0x61, 0x2e, 0xcb, 0x99,
  0x09, 0x13, 0x11, 0x06, 0x6a, 0xa3, 0x74, 0x24, 0x69, 0x3f, 0x1e, 0x3e,
  0x38, 0x12, 0x43, 0x10, 0x36, 0x3e, 0x8d, 0x4a, 0x1c, 0x30, 0x09, 0x2c,
  0x37, 0x3a, 0x2f, 0x0c, 0x1b, 0x1a, 0x0b, 0x03, 0x08, 0x18, 0x1a, 0x0a,
  0x05, 0x18, 0x35, 0x30, 0x08, 0x2f, 0x3f, 0x3e, 0x2f, 0x07, 0x39, 0x40,
  0x19, 0x8c, 0x39, 0x1e, 0x3e, 0x37, 0x10, 0x3e, 0x0f, 0x35, 0x3e, 0x01,
  0x38, 0x42, 0x1a, 0x32, 0x27, 0x09, 0x48, 0x09, 0x24, 0x30, 0xfd, 0x93,
  0x43, 0x0a, 0x1e, 0x25, 0x16, 0x44, 0x17, 0x26, 0x1d, 0x02, 0xbb, 0x46,
  0xd7, 0x4b, 0x8e, 0x81, 0x6f, 0x58, 0x1e, 0x0e, 0x26, 0x0c, 0x1a, 0x4f,
  0x63, 0x73, 0x7f, 0x57, 0x86, 0xb4, 0x23, 0x08, 0x19, 0x19, 0x0b, 0x1e,
  0x6e, 0x9f, 0x66, 0xfe, 0xf6, 0x28, 0x10, 0x2a, 0x2a, 0x14, 0x2b, 0x12,
  0x2d, 0x2b, 0x97, 0xc4, 0x16, 0x0d, 0x10, 0x33, 0x33, 0x07, 0x0b, 0x08,
  0x03, 0x3e, 0x45, 0x1a, 0x11, 0x2d, 0x29, 0xdc, 0x22, 0x19, 0x3d, 0x3a,
  0x18, 0x29, 0x18, 0x3e, 0x3f, 0x04, 0x15, 0x29, 0x61, 0x5b, 0x24, 0x1a,
  0x24, 0x5d, 0x63, 0x30, 0x16, 0x29, 0x5f, 0x59, 0x22, 0x22, 0x21, 0x54,
  0x5a, 0x00, 0x00, 0x09, 0x00, 0x2d, 0xff, 0xc2, 0x03, 0xb1, 0x03, 0x52,
  0x00, 0x03, 0x00, 0x07, 0x00, 0x0b, 0x00, 0x0f, 0x00, 0x17, 0x00, 0x39,
  0x00, 0x43, 0x00, 0x4d, 0x00, 0x57, 0x00, 0x00, 0x41, 0x15, 0x21, 0x35,
  0x05, 0x15, 0x21, 0x35, 0x01, 0x15, 0x21, 0x35, 0x25, 0x21, 0x11, 0x21,
  0x01, 0x17, 0x06, 0x06, 0x07, 0x27, 0x36, 0x36, 0x03, 0x33, 0x15, 0x14,
  0x16, 0x33, 0x3a, 0x04, 0x33, 0x32, 0x36, 0x36, 0x37, 0x1e, 0x02, 0x17,
  0x0e, 0x02, 0x23, 0x2a, 0x04, 0x23, 0x22, 0x26, 0x26, 0x35, 0x37, 0x37,
  0x1e, 0x02, 0x17, 0x07, 0x2e, 0x02, 0x05, 0x37, 0x1e, 0x02, 0x17, 0x07,
  0x2e, 0x02, 0x25, 0x17, 0x0e, 0x02, 0x07, 0x27, 0x3e, 0x02, 0x01, 0x0a,
  0x01, 0xd0, 0xfe, 0x30, 0x01, 0xd0, 0xfe, 0x30, 0x01, 0xd0, 0xfd, 0xe8,
  0x02, 0x63, 0xfd, 0x9d, 0x01, 0x0f, 0x58, 0x10, 0x22, 0x0e, 0x43, 0x0b,
  0x19, 0xc4, 0x4b, 0x1c, 0x30, 0x09, 0x2b, 0x37, 0x38, 0x2e, 0x0c, 0x1c,
  0x1a, 0x0a, 0x03, 0x09, 0x18, 0x1b, 0x0a, 0x05, 0x19, 0x35, 0x31, 0x07,
  0x2f, 0x3d, 0x3e, 0x2e, 0x07, 0x3a, 0x40, 0x19, 0x9d, 0x39, 0x1a, 0x36,
  0x2d, 0x0d, 0x3d, 0x0d, 0x2b, 0x34, 0x01, 0x3e, 0x43, 0x17, 0x2e, 0x25,
  0x09, 0x47, 0x08, 0x24, 0x2c, 0xfd, 0x82, 0x41, 0x0d, 0x20, 0x24, 0x12,
  0x45, 0x14, 0x26, 0x22, 0x02, 0x26, 0x50, 0x50, 0x8a, 0x51, 0x51, 0x01,
  0x13, 0x50, 0x50, 0x3c, 0xfe, 0x24, 0x02, 0x43, 0x0f, 0x20, 0x3d, 0x17,
  0x0f, 0x1a, 0x41, 0xfd, 0x91, 0xa2, 0x15, 0x0c, 0x10, 0x32, 0x32, 0x06,
  0x0b, 0x08, 0x02, 0x40, 0x44, 0x1a, 0x11, 0x2d, 0x27, 0xc9, 0x21, 0x16,
  0x37, 0x36, 0x17, 0x26, 0x17, 0x38, 0x39, 0x19, 0x1c, 0x1e, 0x49, 0x45,
  0x1c, 0x20, 0x1c, 0x47, 0x4a, 0x2b, 0x1c, 0x1f, 0x4c, 0x49, 0x1d, 0x21,
  0x1c, 0x47, 0x4a, 0x00, 0x00, 0x0b, 0x00, 0x1b, 0xff, 0xb1, 0x03, 0xbe,
  0x03, 0x48, 0x00, 0x03, 0x00, 0x07, 0x00, 0x0b, 0x00, 0x0f, 0x00, 0x13,
  0x00, 0x19, 0x00, 0x2a, 0x00, 0x2e, 0x00, 0x32, 0x00, 0x3c, 0x00, 0x44,
  0x00, 0x00, 0x41, 0x21, 0x15, 0x21, 0x03, 0x21, 0x15, 0x21, 0x17, 0x21,
  0x15, 0x21, 0x07, 0x21, 0x15, 0x21, 0x13, 0x21, 0x15, 0x21, 0x03, 0x21,
  0x15, 0x21, 0x11, 0x23, 0x01, 0x33, 0x11, 0x14, 0x06, 0x07, 0x06, 0x06,
  0x23, 0x26, 0x26, 0x27, 0x16, 0x16, 0x37, 0x36, 0x35, 0x03, 0x33, 0x11,
  0x23, 0x01, 0x33, 0x11, 0x23, 0x03, 0x17, 0x0e, 0x02, 0x07, 0x27, 0x3e,
  0x02, 0x37, 0x37, 0x16, 0x16, 0x17, 0x07, 0x26, 0x26, 0x01, 0xab, 0x01,
  0x8f, 0xfe, 0x71, 0x5d, 0x02, 0x52, 0xfd, 0xae, 0x18, 0x02, 0x21, 0xfd,
  0xdf, 0x36, 0x02, 0x8e, 0xfd, 0x72, 0x7c, 0x01, 0x91, 0xfe, 0x6f, 0x34,
  0x01, 0xc1, 0xfe, 0x85, 0x46, 0x01, 0xb0, 0x47, 0x0f, 0x15, 0x15, 0x46,
  0x35, 0x02, 0x0d, 0x07, 0x26, 0x41, 0x0a, 0x12, 0xda, 0x4a, 0x4a, 0xfe,
  0x4a, 0x44, 0x44, 0x4f, 0x38, 0x02, 0x0b, 0x12, 0x0c, 0x3b, 0x0c, 0x12,
  0x0d, 0x9f, 0x32, 0x11, 0x20, 0x07, 0x35, 0x07, 0x1e, 0x01, 0x0b, 0x39,
  0x02, 0x28, 0x3a, 0x40, 0x37, 0x45, 0x3a, 0xfe, 0xbc, 0x39, 0x01, 0x43,
  0x3a, 0xfe, 0x5b, 0x01, 0xdf, 0xfe, 0x74, 0x1c, 0x20, 0x08, 0x09, 0x03,
  0x0e, 0x25, 0x0e, 0x01, 0x01, 0x01, 0x01, 0x10, 0x03, 0x43, 0xfe, 0xaa,
  0x01, 0x56, 0xfc, 0x69, 0x02, 0xd6, 0x07, 0x27, 0x61, 0x60, 0x26, 0x14,
  0x22, 0x5a, 0x5e, 0x42, 0x14, 0x22, 0x51, 0x1b, 0x1a, 0x1d, 0x54, 0x00,
  0x00, 0x07, 0x00, 0x24, 0xff, 0xa9, 0x03, 0xbf, 0x03, 0x47, 0x00, 0x03,
  0x00, 0x20, 0x00, 0x2a, 0x00, 0x35, 0x00, 0x39, 0x00, 0x49, 0x00, 0x61,
  0x00, 0x00, 0x53, 0x33, 0x15, 0x23, 0x37, 0x33, 0x30, 0x14, 0x06, 0x15,
  0x0e, 0x02, 0x07, 0x06, 0x06, 0x07, 0x06, 0x26, 0x27, 0x26, 0x26, 0x27,
  0x16, 0x16, 0x33, 0x32, 0x36, 0x37, 0x3e, 0x02, 0x37, 0x01, 0x37, 0x1e,
  0x02, 0x17, 0x07, 0x2e, 0x02, 0x17, 0x17, 0x06, 0x02, 0x07, 0x2e, 0x02,
  0x27, 0x36, 0x12, 0x01, 0x21, 0x15, 0x21, 0x27, 0x33, 0x11, 0x14, 0x0e,
  0x02, 0x07, 0x2e, 0x02, 0x27, 0x3e, 0x02, 0x35, 0x01, 0x33, 0x06, 0x1e,
  0x03, 0x33, 0x32, 0x36, 0x37, 0x16, 0x16, 0x17, 0x0e, 0x02, 0x23, 0x22,
  0x2e, 0x04, 0xab, 0xf8, 0xf8, 0xdb, 0x49, 0x01, 0x02, 0x07, 0x0b, 0x0b,
  0x0c, 0x1b, 0x15, 0x14, 0x40, 0x25, 0x01, 0x0b, 0x09, 0x22, 0x3c, 0x0c,
  0x0b, 0x0f, 0x06, 0x07, 0x09, 0x05, 0x02, 0x01, 0x19, 0x2d, 0x20, 0x45,
  0x3c, 0x14, 0x2f, 0x13, 0x3c, 0x44, 0x70, 0x4b, 0x40, 0xde, 0x99, 0x06,
  0x14, 0x15, 0x08, 0x98, 0xd2, 0xfd, 0xbb, 0x03, 0x06, 0xfc, 0xfa, 0x31,
  0x4e, 0x08, 0x16, 0x2a, 0x23, 0x06, 0x17, 0x19, 0x09, 0x2a, 0x27, 0x0b,
  0x01, 0xa0, 0x4e, 0x01, 0x16, 0x28, 0x39, 0x45, 0x26, 0x16, 0x15, 0x04,
  0x0d, 0x25, 0x0f, 0x07, 0x19, 0x2f, 0x27, 0x32, 0x54, 0x41, 0x30, 0x21,
  0x10, 0x01, 0xd1, 0x46, 0x46, 0x0b, 0x10, 0x05, 0x70, 0x8b, 0x48, 0x0e,
  0x0e, 0x0c, 0x03, 0x02, 0x01, 0x02, 0x10, 0x27, 0x0f, 0x04, 0x01, 0x04,
  0x07, 0x09, 0x3f, 0x81, 0x6c, 0x01, 0x51, 0x2e, 0x0f, 0x29, 0x29, 0x11,
  0x34, 0x12, 0x2b, 0x2a, 0xfe, 0x13, 0xc4, 0xfe, 0xe0, 0x5b, 0x08, 0x17,
  0x17, 0x08, 0x50, 0x01, 0x0f, 0x01, 0x4c, 0x49, 0x49, 0xfe, 0xe6, 0x35,
  0x7c, 0x80, 0x79, 0x31, 0x08, 0x14, 0x12, 0x04, 0x3e, 0x94, 0x97, 0x41,
  0x01, 0xc2, 0x8b, 0xfa, 0xd1, 0x99, 0x54, 0x55, 0x64, 0x0c, 0x18, 0x05,
  0x56, 0x60, 0x27, 0x44, 0x7c, 0xa9, 0xcc, 0xe3, 0x00, 0x04, 0x00, 0x22,
  0xff, 0xaa, 0x03, 0x4d, 0x03, 0x4d, 0x00, 0x10, 0x00, 0x18, 0x00, 0x1e,
  0x00, 0x22, 0x00, 0x00, 0x53, 0x33, 0x15, 0x14, 0x0e, 0x02, 0x07, 0x2e,
  0x02, 0x27, 0x3e, 0x03, 0x35, 0x01, 0x37, 0x16, 0x16, 0x17, 0x07, 0x26,
  0x26, 0x07, 0x21, 0x11, 0x23, 0x11, 0x21, 0x15, 0x21, 0x15, 0x21, 0xa9,
  0x4e, 0x0b, 0x1f, 0x3b, 0x2f, 0x07, 0x18, 0x19, 0x09, 0x2e, 0x36, 0x1b,
  0x08, 0x01, 0x10, 0x48, 0x12, 0x22, 0x09, 0x4c, 0x08, 0x22, 0xee, 0x02,
  0x73, 0x4c, 0xfd, 0xd9, 0x02, 0x51, 0xfd, 0xaf, 0x02, 0xad, 0xda, 0x3d,
  0x90, 0x95, 0x8c, 0x3b, 0x08, 0x12, 0x10, 0x03, 0x38, 0x81, 0x88, 0x83,
  0x38, 0x01, 0x67, 0x13, 0x23, 0x51, 0x1e, 0x17, 0x1f, 0x54, 0x6a, 0xfe,
  0x69, 0x01, 0x51, 0xc9, 0x46, 0x00, 0x00, 0x04, 0x00, 0x32, 0xff, 0xb3,
  0x03, 0xb9, 0x03, 0x47, 0x00, 0x0d, 0x00, 0x11, 0x00, 0x15, 0x00, 0x29,
  0x00, 0x00, 0x41, 0x17, 0x0e, 0x03, 0x07, 0x26, 0x26, 0x27, 0x3e, 0x03,
  0x01, 0x21, 0x15, 0x21, 0x07, 0x21, 0x15, 0x21, 0x01, 0x33, 0x11, 0x14,
  0x06, 0x07, 0x06, 0x06, 0x27, 0x2e, 0x02, 0x27, 0x16, 0x32, 0x32, 0x33,
  0x36, 0x36, 0x35, 0x03, 0x1e, 0x37, 0x43, 0xad, 0xc1, 0xc3, 0x5b, 0x02,
  0x0b, 0x05, 0x59, 0xc0, 0xb8, 0x9f, 0xfd, 0x91, 0x03, 0x0b, 0xfc, 0xf5,
  0x43, 0x03, 0x87, 0xfc, 0x79, 0x01, 0x9d, 0x4d, 0x19, 0x1c, 0x1d, 0x65,
  0x4f, 0x03, 0x0a, 0x0d, 0x06, 0x2a, 0x4c, 0x38, 0x0c, 0x11, 0x0e, 0x03,
  0x47, 0x3d, 0x14, 0x1f, 0x16, 0x0e, 0x03, 0x0e, 0x27, 0x0c, 0x05, 0x0e,
  0x15, 0x1c, 0xfe, 0xf7, 0x48, 0xa2, 0x4a, 0x01, 0xe4, 0xfd, 0x3d, 0x28,
  0x27, 0x09, 0x09, 0x05, 0x01, 0x0b, 0x1b, 0x1b, 0x09, 0x01, 0x01, 0x0c,
  0x0f, 0x00, 0x00, 0x05, 0x00, 0x27, 0xff, 0xb6, 0x03, 0xc1, 0x03, 0x48,
  0x00, 0x08, 0x00, 0x0c, 0x00, 0x1d, 0x00, 0x21, 0x00, 0x35, 0x00, 0x00,
  0x53, 0x3e, 0x02, 0x37, 0x17, 0x06, 0x06, 0x07, 0x03, 0x21, 0x15, 0x21,
  0x13, 0x33, 0x11, 0x14, 0x06, 0x07, 0x06, 0x06, 0x23, 0x26, 0x26, 0x27,
  0x16, 0x32, 0x37, 0x32, 0x35, 0x13, 0x21, 0x15, 0x21, 0x25, 0x33, 0x11,
  0x14, 0x06, 0x07, 0x06, 0x06, 0x23, 0x2e, 0x02, 0x27, 0x16, 0x16, 0x36,
  0x37, 0x32, 0x36, 0x35, 0x27, 0x30, 0x7a, 0x88, 0x44, 0x0a, 0x5f, 0xbf,
  0x4b, 0x0e, 0x01, 0x6c, 0xfe, 0x94, 0x97, 0x4a, 0x10, 0x14, 0x14, 0x42,
  0x34, 0x02, 0x0e, 0x08, 0x23, 0x3b, 0x0a, 0x14, 0xdb, 0x02, 0x1f, 0xfd,
  0xe1, 0x01, 0x1d, 0x50, 0x16, 0x1b, 0x1c, 0x60, 0x47, 0x02, 0x0a, 0x0c,
  0x07, 0x26, 0x44, 0x33, 0x0b, 0x0f, 0x0c, 0x01, 0x37, 0x0c, 0x21, 0x27,
  0x13, 0x47, 0x1c, 0x3a, 0x15, 0x01, 0x92, 0x48, 0x01, 0x12, 0xfc, 0xcb,
  0x1f, 0x22, 0x0a, 0x09, 0x05, 0x0f, 0x29, 0x0f, 0x01, 0x01, 0x13, 0x02,
  0xe0, 0x4b, 0x30, 0xfd, 0x45, 0x26, 0x2a, 0x0a, 0x0a, 0x04, 0x0b, 0x1d,
  0x1e, 0x0b, 0x01, 0x02, 0x01, 0x01, 0x0b, 0x0e, 0x00, 0x07, 0x00, 0x20,
  0xff, 0xb8, 0x03, 0xc5, 0x03, 0x48, 0x00, 0x1f, 0x00, 0x23, 0x00, 0x33,
  0x00, 0x3d, 0x00, 0x46, 0x00, 0x4a, 0x00, 0x5c, 0x00, 0x00, 0x41, 0x33,
  0x11, 0x14, 0x16, 0x33, 0x3a, 0x03, 0x33, 0x32, 0x36, 0x36, 0x37, 0x1e,
  0x02, 0x17, 0x0e, 0x02, 0x23, 0x2a, 0x03, 0x23, 0x22, 0x26, 0x26, 0x35,
  0x03, 0x21, 0x15, 0x21, 0x13, 0x33, 0x0e, 0x04, 0x07, 0x26, 0x26, 0x27,
  0x3e, 0x04, 0x37, 0x37, 0x1e, 0x02, 0x17, 0x07, 0x2e, 0x02, 0x01, 0x3e,
  0x02, 0x37, 0x17, 0x06, 0x06, 0x07, 0x03, 0x21, 0x15, 0x21, 0x13, 0x33,
  0x11, 0x14, 0x06, 0x07, 0x06, 0x06, 0x23, 0x26, 0x26, 0x27, 0x16, 0x32,
  0x33, 0x36, 0x36, 0x35, 0x02, 0x86, 0x49, 0x0d, 0x17, 0x06, 0x1c, 0x22,
  0x1d, 0x07, 0x10, 0x0f, 0x06, 0x01, 0x09, 0x18, 0x1a, 0x09, 0x03, 0x13,
  0x29, 0x25, 0x06, 0x22, 0x27, 0x22, 0x06, 0x28, 0x2b, 0x11, 0xfc, 0x02,
  0x2c, 0xfd, 0xd4, 0xa4, 0x4b, 0x01, 0x08, 0x1a, 0x37, 0x61, 0x4a, 0x0a,
  0x21, 0x0f, 0x48, 0x5c, 0x33, 0x17, 0x05, 0x9d, 0x34, 0x19, 0x35, 0x2e,
  0x0e, 0x37, 0x0d, 0x2d, 0x34, 0xfd, 0x3d, 0x2d, 0x73, 0x80, 0x40, 0x09,
  0x58, 0xb3, 0x48, 0x0c, 0x01, 0x47, 0xfe, 0xb9, 0x8a, 0x49, 0x11, 0x13,
  0x14, 0x42, 0x33, 0x02, 0x0d, 0x08, 0x23, 0x3b, 0x09, 0x0b, 0x09, 0x01,
  0xc1, 0xfe, 0x72, 0x18, 0x0d, 0x16, 0x42, 0x41, 0x06, 0x0c, 0x0a, 0x02,
  0x4c, 0x54, 0x21, 0x13, 0x2f, 0x29, 0x02, 0x28, 0x48, 0x01, 0x30, 0x5f,
  0xca, 0xc8, 0xbb, 0xa0, 0x3c, 0x0d, 0x1c, 0x09, 0x38, 0x96, 0xb2, 0xbe,
  0xbf, 0x22, 0x25, 0x16, 0x36, 0x34, 0x14, 0x2b, 0x15, 0x36, 0x38, 0xfe,
  0x41, 0x0b, 0x1f, 0x24, 0x12, 0x44, 0x1b, 0x35, 0x15, 0x01, 0x91, 0x47,
  0x01, 0x11, 0xfc, 0xc7, 0x1f, 0x22, 0x09, 0x08, 0x05, 0x0e, 0x28, 0x0f,
  0x01, 0x01, 0x08, 0x0a, 0x00, 0x0b, 0x00, 0x2a, 0xff, 0xb0, 0x03, 0xc2,
  0x03, 0x48, 0x00, 0x08, 0x00, 0x0c, 0x00, 0x1d, 0x00, 0x21, 0x00, 0x25,
  0x00, 0x29, 0x00, 0x2d, 0x00, 0x31, 0x00, 0x35, 0x00, 0x39, 0x00, 0x3d,
  0x00, 0x00, 0x53, 0x3e, 0x02, 0x37, 0x17, 0x06, 0x06, 0x07, 0x03, 0x21,
  0x15, 0x21, 0x13, 0x33, 0x11, 0x14, 0x06, 0x07, 0x06, 0x06, 0x23, 0x26,
  0x26, 0x27, 0x16, 0x32, 0x33, 0x36, 0x35, 0x13, 0x33, 0x15, 0x23, 0x25,
  0x33, 0x15, 0x23, 0x05, 0x33, 0x15, 0x23, 0x25, 0x33, 0x15, 0x23, 0x17,
  0x33, 0x15, 0x23, 0x03, 0x33, 0x11, 0x23, 0x03, 0x33, 0x11, 0x23, 0x03,
  0x33, 0x15, 0x23, 0x2a, 0x2a, 0x69, 0x75, 0x3a, 0x09, 0x52, 0xa6, 0x44,
  0x02, 0x01, 0x33, 0xfe, 0xcd, 0x7f, 0x48, 0x0f, 0x12, 0x13, 0x3b, 0x2f,
  0x02, 0x0d, 0x08, 0x1f, 0x35, 0x07, 0x12, 0xdb, 0xc1, 0xc1, 0x01, 0x5b,
  0xca, 0xca, 0xfe, 0xa8, 0xb3, 0xb3, 0x01, 0x5b, 0xbe, 0xbe, 0x03, 0xd0,
  0xd0, 0x27, 0x48, 0x48, 0xa5, 0x49, 0x49, 0xaa, 0xd0, 0xd0, 0x01, 0x37,
  0x0a, 0x1c, 0x22, 0x10, 0x44, 0x19, 0x31, 0x14, 0x01, 0x91, 0x47, 0x01,
  0x11, 0xfc, 0xc6, 0x1f, 0x20, 0x09, 0x08, 0x06, 0x0f, 0x27, 0x0f, 0x01,
  0x01, 0x11, 0x02, 0x8f, 0x44, 0x44, 0x44, 0x8c, 0x43, 0x43, 0x43, 0x90,
  0x45, 0x02, 0x8c, 0xfc, 0x6f, 0x03, 0x91, 0xfc, 0x70, 0x01, 0x4c, 0x45,
  0x00, 0x0c, 0x00, 0x1c, 0xff, 0xae, 0x03, 0xc3, 0x03, 0x47, 0x00, 0x07,
  0x00, 0x0b, 0x00, 0x1c, 0x00, 0x20, 0x00, 0x24, 0x00, 0x2c, 0x00, 0x35,
  0x00, 0x39, 0x00, 0x46, 0x00, 0x50, 0x00, 0x5c, 0x00, 0x64, 0x00, 0x00,
  0x53, 0x36, 0x36, 0x37, 0x17, 0x06, 0x06, 0x07, 0x03, 0x21, 0x15, 0x21,
  0x13, 0x33, 0x11, 0x14, 0x06, 0x07, 0x06, 0x06, 0x27, 0x26, 0x26, 0x27,
  0x16, 0x32, 0x33, 0x32, 0x35, 0x13, 0x21, 0x15, 0x21, 0x07, 0x21, 0x15,
  0x21, 0x37, 0x37, 0x16, 0x16, 0x17, 0x07, 0x26, 0x26, 0x25, 0x17, 0x06,
  0x06, 0x07, 0x27, 0x3e, 0x02, 0x01, 0x21, 0x15, 0x21, 0x25, 0x17, 0x0e,
  0x03, 0x07, 0x26, 0x26, 0x27, 0x3e, 0x02, 0x05, 0x3e, 0x02, 0x37, 0x17,
  0x0e, 0x02, 0x07, 0x27, 0x37, 0x1e, 0x03, 0x17, 0x07, 0x2e, 0x03, 0x13,
  0x37, 0x16, 0x16, 0x17, 0x07, 0x26, 0x26, 0x1c, 0x37, 0x9b, 0x51, 0x0a,
  0x49, 0x94, 0x3d, 0x06, 0x01, 0x21, 0xfe, 0xdf, 0x77, 0x46, 0x0f, 0x13,
  0x11, 0x39, 0x2c, 0x01, 0x0d, 0x07, 0x1e, 0x30, 0x08, 0x11, 0xdf, 0x02,
  0x1f, 0xfd, 0xe1, 0x23, 0x02, 0x5c, 0xfd, 0xa4, 0x6c, 0x39, 0x17, 0x2a,
  0x0a, 0x3c, 0x0a, 0x28, 0x01, 0x23, 0x47, 0x18, 0x33, 0x17, 0x3d, 0x10,
  0x20, 0x1e, 0xfe, 0x58, 0x02, 0x74, 0xfd, 0x8c, 0x01, 0xb4, 0x48, 0x15,
  0x4b, 0x76, 0xa6, 0x6f, 0x05, 0x11, 0x0a, 0x8a, 0xb6, 0x6b, 0xfe, 0xa5,
  0x1e, 0x42, 0x3c, 0x14, 0x46, 0x16, 0x3c, 0x3f, 0x1b, 0x4a, 0x2d, 0x3f,
  0x88, 0x86, 0x74, 0x29, 0x31, 0x27, 0x71, 0x84, 0x8a, 0x68, 0x45, 0x14,
  0x25, 0x0a, 0x49, 0x09, 0x24, 0x01, 0x35, 0x0e, 0x30, 0x1a, 0x46, 0x18,
  0x30, 0x14, 0x01, 0x93, 0x46, 0x01, 0x0f, 0xfc, 0xc3, 0x1e, 0x22, 0x09,
  0x09, 0x06, 0x01, 0x0e, 0x29, 0x0f, 0x01, 0x11, 0x02, 0xd6, 0x42, 0xa8,
  0x41, 0xc7, 0x18, 0x1e, 0x47, 0x1a, 0x1c, 0x1b, 0x4a, 0x35, 0x15, 0x29,
  0x58, 0x1e, 0x13, 0x16, 0x39, 0x3b, 0xfe, 0xcb, 0x41, 0x15, 0x0d, 0x4e,
  0x75, 0x51, 0x36, 0x11, 0x10, 0x25, 0x0b, 0x0f, 0x45, 0x79, 0x37, 0x26,
  0x65, 0x6c, 0x30, 0x0d, 0x32, 0x6c, 0x61, 0x23, 0x08, 0x32, 0x11, 0x31,
  0x39, 0x3b, 0x1d, 0x39, 0x1c, 0x3c, 0x3b, 0x34, 0x02, 0xc0, 0x0b, 0x1c,
  0x45, 0x1a, 0x0f, 0x1a, 0x48, 0x00, 0x00, 0x0a, 0x00, 0x20, 0xff, 0xb8,
  0x03, 0xc4, 0x03, 0x49, 0x00, 0x07, 0x00, 0x0b, 0x00, 0x1d, 0x00, 0x21,
  0x00, 0x25, 0x00, 0x2d, 0x00, 0x31, 0x00, 0x39, 0x00, 0x43, 0x00, 0x4f,
  0x00, 0x00, 0x53, 0x36, 0x36, 0x37, 0x17, 0x06, 0x06, 0x07, 0x03, 0x21,
  0x15, 0x21, 0x13, 0x33, 0x11, 0x14, 0x06, 0x07, 0x06, 0x06, 0x27, 0x26,
  0x26, 0x27, 0x16, 0x32, 0x37, 0x32, 0x36, 0x35, 0x13, 0x21, 0x15, 0x21,
  0x07, 0x21, 0x15, 0x21, 0x13, 0x21, 0x15, 0x23, 0x35, 0x21, 0x15, 0x23,
  0x17, 0x33, 0x11, 0x23, 0x03, 0x37, 0x16, 0x16, 0x17, 0x07, 0x26, 0x26,
  0x17, 0x37, 0x1e, 0x02, 0x17, 0x07, 0x2e, 0x02, 0x27, 0x17, 0x0e, 0x02,
  0x07, 0x2e, 0x02, 0x27, 0x36, 0x36, 0x20, 0x38, 0xa0, 0x52, 0x0c, 0x4c,
  0x9a, 0x3f, 0x06, 0x01, 0x27, 0xfe, 0xd9, 0x79, 0x46, 0x0f, 0x13, 0x12,
  0x3c, 0x30, 0x01, 0x0d, 0x07, 0x20, 0x35, 0x09, 0x09, 0x08, 0xf9, 0x01,
  0xe0, 0xfe, 0x20, 0x51, 0x02, 0x78, 0xfd, 0x88, 0x23, 0x02, 0x4b, 0x48,
  0xfe, 0x41, 0x44, 0xf6, 0x4c, 0x4c, 0x19, 0x46, 0x10, 0x21, 0x08, 0x4a,
  0x07, 0x20, 0x5d, 0x2e, 0x20, 0x48, 0x42, 0x16, 0x31, 0x15, 0x40, 0x48,
  0xa7, 0x42, 0x1b, 0x46, 0x4c, 0x24, 0x04, 0x12, 0x12, 0x07, 0x35, 0x66,
  0x01, 0x26, 0x10, 0x37, 0x1d, 0x45, 0x1c, 0x37, 0x17, 0x01, 0xab, 0x47,
  0x01, 0x0a, 0xfc, 0xc7, 0x1f, 0x21, 0x0a, 0x08, 0x06, 0x01, 0x0d, 0x29,
  0x0f, 0x01, 0x01, 0x07, 0x0b, 0x01, 0x42, 0x43, 0xfb, 0x43, 0x02, 0xfe,
  0xa5, 0x63, 0x6d, 0xf6, 0xfe, 0xc7, 0x03, 0x46, 0x12, 0x1f, 0x4a, 0x1a,
  0x16, 0x1b, 0x4d, 0xef, 0x29, 0x1b, 0x40, 0x3e, 0x17, 0x31, 0x17, 0x41,
  0x43, 0x45, 0x18, 0x27, 0x4d, 0x44, 0x1b, 0x08, 0x15, 0x16, 0x06, 0x22,
  0x5f, 0x00, 0x00, 0x0b, 0x00, 0x1d, 0xff, 0xb0, 0x03, 0xcb, 0x03, 0x47,
  0x00, 0x03, 0x00, 0x07, 0x00, 0x0b, 0x00, 0x0f, 0x00, 0x13, 0x00, 0x28,
  0x00, 0x2c, 0x00, 0x37, 0x00, 0x3f, 0x00, 0x43, 0x00, 0x55, 0x00, 0x00,
  0x41, 0x15, 0x21, 0x35, 0x25, 0x15, 0x21, 0x35, 0x25, 0x21, 0x11, 0x21,
  0x07, 0x21, 0x15, 0x21, 0x37, 0x33, 0x11, 0x27, 0x27, 0x1e, 0x02, 0x33,
  0x3a, 0x03, 0x37, 0x0e, 0x02, 0x07, 0x23, 0x23, 0x22, 0x2e, 0x02, 0x27,
  0x37, 0x33, 0x15, 0x23, 0x27, 0x17, 0x06, 0x06, 0x07, 0x2e, 0x02, 0x27,
  0x36, 0x36, 0x25, 0x36, 0x36, 0x37, 0x17, 0x06, 0x06, 0x07, 0x03, 0x21,
  0x15, 0x21, 0x13, 0x33, 0x11, 0x14, 0x06, 0x07, 0x06, 0x06, 0x27, 0x26,
  0x26, 0x27, 0x16, 0x32, 0x37, 0x32, 0x36, 0x35, 0x01, 0xde, 0x01, 0x4e,
  0xfe, 0xb2, 0x01, 0x4e, 0xfe, 0x6d, 0x01, 0xdb, 0xfe, 0x25, 0x2d, 0x02,
  0x3f, 0xfd, 0xc1, 0xf5, 0x47, 0x47, 0x86, 0x1b, 0x57, 0x75, 0x46, 0x09,
  0x34, 0x40, 0x38, 0x0e, 0x05, 0x0a, 0x06, 0x02, 0x29, 0x86, 0x3f, 0x6a,
  0x56, 0x42, 0x17, 0xe5, 0xe8, 0xe8, 0xe5, 0x45, 0x0f, 0x50, 0x44, 0x05,
  0x16, 0x15, 0x08, 0x43, 0x47, 0xfe, 0x7c, 0x3a, 0xa4, 0x54, 0x0a, 0x4d,
  0x9c, 0x40, 0x08, 0x01, 0x31, 0xfe, 0xcf, 0x7c, 0x46, 0x0f, 0x13, 0x12,
  0x3c, 0x30, 0x01, 0x0d, 0x07, 0x20, 0x35, 0x09, 0x09, 0x08, 0x02, 0x69,
  0x4f, 0x4f, 0x85, 0x4f, 0x4f, 0x39, 0xfe, 0xb9, 0x48, 0x3f, 0x20, 0xfe,
  0x67, 0x1d, 0xc4, 0x53, 0x52, 0x1a, 0x01, 0x08, 0x18, 0x1a, 0x0a, 0x13,
  0x32, 0x5f, 0x4c, 0x34, 0x3e, 0x84, 0x08, 0x7b, 0xb9, 0x3d, 0x07, 0x11,
  0x11, 0x04, 0x35, 0xa9, 0x7a, 0x0f, 0x33, 0x1a, 0x44, 0x1a, 0x33, 0x15,
  0x01, 0x93, 0x46, 0x01, 0x0f, 0xfc, 0xc7, 0x1f, 0x21, 0x09, 0x09, 0x06,
  0x01, 0x0d, 0x29, 0x0f, 0x01, 0x01, 0x07, 0x0b, 0x00, 0x0d, 0x00, 0x1c,
  0xff, 0xb1, 0x03, 0xb5, 0x03, 0x50, 0x00, 0x07, 0x00, 0x0b, 0x00, 0x1d,
  0x00, 0x25, 0x00, 0x2b, 0x00, 0x3d, 0x00, 0x41, 0x00, 0x49, 0x00, 0x4d,
  0x00, 0x51, 0x00, 0x55, 0x00, 0x5d, 0x00, 0x66, 0x00, 0x00, 0x53, 0x36,
  0x36, 0x37, 0x17, 0x06, 0x06, 0x07, 0x03, 0x21, 0x15, 0x21, 0x13, 0x33,
  0x11, 0x14, 0x06, 0x07, 0x06, 0x06, 0x27, 0x26, 0x26, 0x27, 0x16, 0x16,
  0x37, 0x32, 0x36, 0x35, 0x01, 0x37, 0x16, 0x16, 0x17, 0x07, 0x26, 0x26,
  0x07, 0x21, 0x15, 0x21, 0x11, 0x23, 0x01, 0x33, 0x11, 0x14, 0x06, 0x07,
  0x06, 0x06, 0x23, 0x26, 0x26, 0x27, 0x16, 0x32, 0x33, 0x36, 0x36, 0x35,
  0x01, 0x21, 0x15, 0x21, 0x17, 0x33, 0x15, 0x23, 0x35, 0x33, 0x35, 0x23,
  0x27, 0x33, 0x15, 0x23, 0x13, 0x33, 0x11, 0x23, 0x01, 0x21, 0x15, 0x21,
  0x17, 0x37, 0x16, 0x16, 0x17, 0x07, 0x26, 0x26, 0x25, 0x17, 0x06, 0x06,
  0x07, 0x27, 0x3e, 0x02, 0x1c, 0x38, 0x9e, 0x52, 0x09, 0x4a, 0x97, 0x3d,
  0x03, 0x01, 0x1a, 0xfe, 0xe6, 0x74, 0x48, 0x10, 0x13, 0x12, 0x3c, 0x30,
  0x02, 0x0c, 0x08, 0x20, 0x35, 0x09, 0x0a, 0x07, 0x01, 0xa7, 0x42, 0x0f,
  0x18, 0x03, 0x44, 0x03, 0x16, 0xe8, 0x02, 0x02, 0xfe, 0x45, 0x47, 0x01,
  0xe0, 0x48, 0x0e, 0x14, 0x13, 0x3d, 0x2f, 0x02, 0x0e, 0x07, 0x20, 0x37,
  0x09, 0x09, 0x07, 0xfe, 0x8d, 0x01, 0x52, 0xfe, 0xae, 0x41, 0xef, 0xef,
  0xb6, 0xb6, 0x22, 0x38, 0x38, 0x6c, 0x3d, 0x3d, 0xfe, 0xf8, 0x02, 0x57,
  0xfd, 0xa9, 0x6e, 0x42, 0x0f, 0x18, 0x04, 0x45, 0x04, 0x17, 0x01, 0x21,
  0x46, 0x10, 0x22, 0x0f, 0x3b, 0x0a, 0x14, 0x12, 0x01, 0x35, 0x0e, 0x2e,
  0x1a, 0x46, 0x18, 0x2f, 0x13, 0x01, 0x93, 0x47, 0x01, 0x10, 0xfc, 0xc5,
  0x1f, 0x22, 0x09, 0x09, 0x06, 0x01, 0x0e, 0x29, 0x10, 0x01, 0x01, 0x01,
  0x07, 0x0b, 0x03, 0x30, 0x14, 0x1a, 0x3e, 0x17, 0x17, 0x17, 0x40, 0xe9,
  0x3f, 0xfd, 0xb8, 0x02, 0x87, 0xfd, 0xcc, 0x1c, 0x20, 0x08, 0x09, 0x03,
  0x0d, 0x26, 0x0e, 0x01, 0x01, 0x06, 0x0a, 0x01, 0x99, 0x37, 0x58, 0xce,
  0x33, 0x67, 0x34, 0xf9, 0x01, 0xee, 0xfe, 0xef, 0x02, 0x02, 0x3f, 0x11,
  0x11, 0x19, 0x3f, 0x17, 0x14, 0x17, 0x40, 0x32, 0x12, 0x25, 0x4d, 0x1c,
  0x12, 0x13, 0x33, 0x34, 0x00, 0x09, 0x00, 0x19, 0xff, 0xae, 0x03, 0xcb,
  0x03, 0x4a, 0x00, 0x07, 0x00, 0x0b, 0x00, 0x0f, 0x00, 0x2e, 0x00, 0x32,
  0x00, 0x3f, 0x00, 0x4c, 0x00, 0x59, 0x00, 0x67, 0x00, 0x00, 0x53, 0x37,
  0x16, 0x16, 0x17, 0x07, 0x26, 0x26, 0x07, 0x21, 0x15, 0x21, 0x17, 0x33,
  0x15, 0x23, 0x37, 0x33, 0x30, 0x14, 0x14, 0x07, 0x0e, 0x03, 0x07, 0x06,
  0x06, 0x07, 0x06, 0x22, 0x27, 0x26, 0x26, 0x27, 0x16, 0x16, 0x33, 0x32,
  0x36, 0x37, 0x3e, 0x03, 0x37, 0x37, 0x21, 0x15, 0x21, 0x13, 0x17, 0x0e,
  0x02, 0x07, 0x2e, 0x02, 0x27, 0x3e, 0x02, 0x17, 0x17, 0x06, 0x02, 0x06,
  0x07, 0x2e, 0x02, 0x27, 0x3e, 0x02, 0x27, 0x1e, 0x02, 0x17, 0x0e, 0x02,
  0x07, 0x26, 0x26, 0x02, 0x27, 0x25, 0x33, 0x15, 0x14, 0x06, 0x06, 0x07,
  0x26, 0x26, 0x27, 0x3e, 0x02, 0x35, 0xce, 0x42, 0x10, 0x1e, 0x09, 0x46,
  0x06, 0x1e, 0xb1, 0x01, 0xbc, 0xfe, 0x44, 0xa2, 0xc0, 0xc0, 0xa6, 0x47,
  0x01, 0x02, 0x06, 0x08, 0x0c, 0x0a, 0x0d, 0x1b, 0x14, 0x12, 0x3b, 0x20,
  0x01, 0x0a, 0x08, 0x1f, 0x33, 0x0c, 0x0b, 0x0e, 0x05, 0x07, 0x09, 0x08,
  0x05, 0x03, 0xd9, 0x01, 0x75, 0xfe, 0x8b, 0x17, 0x4d, 0x12, 0x36, 0x46,
  0x2c, 0x06, 0x15, 0x17, 0x08, 0x29, 0x40, 0x2f, 0xdd, 0x4a, 0x1a, 0x62,
  0xa6, 0x7f, 0x03, 0x10, 0x11, 0x08, 0x79, 0x9b, 0x59, 0xb1, 0x18, 0x58,
  0x8b, 0x65, 0x08, 0x14, 0x12, 0x07, 0x69, 0x8f, 0x5a, 0x1a, 0xfe, 0x78,
  0x48, 0x15, 0x41, 0x43, 0x0a, 0x20, 0x0e, 0x3d, 0x3b, 0x11, 0x03, 0x37,
  0x13, 0x20, 0x4b, 0x1a, 0x17, 0x1c, 0x4d, 0x71, 0x46, 0x85, 0x46, 0x46,
  0x0d, 0x10, 0x06, 0x7b, 0xab, 0x6c, 0x3d, 0x0c, 0x11, 0x0e, 0x02, 0x02,
  0x01, 0x10, 0x27, 0x0f, 0x03, 0x01, 0x05, 0x09, 0x09, 0x35, 0x68, 0xa4,
  0x76, 0xc2, 0x46, 0x01, 0x02, 0x0d, 0x5f, 0xb5, 0x9b, 0x3b, 0x08, 0x15,
  0x15, 0x07, 0x35, 0x8e, 0xa4, 0x8a, 0x09, 0xac, 0xfe, 0xfb, 0xbf, 0x41,
  0x09, 0x18, 0x18, 0x08, 0x39, 0xae, 0xf3, 0x84, 0x8b, 0xef, 0xb1, 0x30,
  0x07, 0x17, 0x17, 0x0b, 0x37, 0xbf, 0x01, 0x01, 0x99, 0x42, 0xf5, 0x52,
  0xa7, 0x9e, 0x47, 0x0c, 0x1b, 0x0a, 0x41, 0x91, 0x95, 0x47, 0x00, 0x0f,
  0x00, 0x27, 0xff, 0xcb, 0x03, 0xc2, 0x03, 0x48, 0x00, 0x03, 0x00, 0x07,
  0x00, 0x0b, 0x00, 0x0f, 0x00, 0x13, 0x00, 0x17, 0x00, 0x1b, 0x00, 0x1f,
  0x00, 0x23, 0x00, 0x2e, 0x00, 0x32, 0x00, 0x3d, 0x00, 0x4a, 0x00, 0x56,
  0x00, 0x5e, 0x00, 0x00, 0x53, 0x21, 0x15, 0x21, 0x03, 0x21, 0x15, 0x21,
  0x01, 0x21, 0x15, 0x21, 0x05, 0x21, 0x15, 0x21, 0x01, 0x33, 0x11, 0x23,
  0x03, 0x33, 0x11, 0x23, 0x07, 0x33, 0x15, 0x23, 0x03, 0x15, 0x21, 0x35,
  0x25, 0x21, 0x15, 0x21, 0x01, 0x17, 0x06, 0x06, 0x07, 0x2e, 0x02, 0x27,
  0x36, 0x36, 0x17, 0x21, 0x15, 0x21, 0x37, 0x17, 0x06, 0x06, 0x07, 0x2e,
  0x02, 0x27, 0x36, 0x36, 0x27, 0x1e, 0x02, 0x17, 0x0e, 0x02, 0x07, 0x2e,
  0x02, 0x27, 0x05, 0x17, 0x0e, 0x02, 0x07, 0x26, 0x26, 0x27, 0x3e, 0x02,
  0x17, 0x37, 0x16, 0x16, 0x17, 0x07, 0x26, 0x26, 0x72, 0x03, 0x08, 0xfc,
  0xf8, 0x39, 0x01, 0xc8, 0xfe, 0x38, 0x01, 0xbd, 0x01, 0x42, 0xfe, 0xbe,
  0xfe, 0x39, 0x03, 0x8c, 0xfc, 0x74, 0x01, 0x9f, 0x4a, 0x4a, 0xce, 0x42,
  0x42, 0x2c, 0x48, 0x48, 0x40, 0x01, 0x13, 0xfe, 0xaf, 0x01, 0x91, 0xfe,
  0x6f, 0x02, 0x29, 0x44, 0x19, 0x53, 0x35, 0x05, 0x13, 0x14, 0x07, 0x31,
  0x4a, 0x06, 0x01, 0x48, 0xfe, 0x99, 0xe8, 0x45, 0x25, 0xb4, 0x89, 0x04,
  0x0f, 0x11, 0x08, 0x83, 0xa8, 0xa3, 0x15, 0x54, 0x85, 0x5c, 0x07, 0x11,
  0x0f, 0x04, 0x5d, 0x85, 0x58, 0x16, 0xfe, 0xb1, 0x31, 0x17, 0x47, 0x51,
  0x27, 0x07, 0x1a, 0x0b, 0x27, 0x50, 0x44, 0x5d, 0x20, 0x24, 0x4e, 0x17,
  0x21, 0x17, 0x4d, 0x01, 0x26, 0x40, 0x02, 0x23, 0x39, 0xfd, 0xc8, 0x3a,
  0x53, 0x40, 0x01, 0x44, 0xfe, 0xe0, 0x03, 0x59, 0xfd, 0xf9, 0x8f, 0xc7,
  0x02, 0x80, 0x4a, 0x4a, 0x32, 0xae, 0x01, 0x59, 0x0f, 0x56, 0x99, 0x34,
  0x07, 0x13, 0x13, 0x06, 0x2d, 0x86, 0x24, 0x3f, 0x24, 0x08, 0x96, 0xb5,
  0x34, 0x07, 0x15, 0x15, 0x06, 0x2a, 0xa2, 0x7b, 0x3e, 0x80, 0x6a, 0x1e,
  0x06, 0x16, 0x16, 0x09, 0x23, 0x74, 0x88, 0x40, 0x90, 0x14, 0x23, 0x45,
  0x3b, 0x12, 0x0c, 0x1d, 0x08, 0x0f, 0x30, 0x3b, 0x1f, 0x27, 0x11, 0x30,
  0x14, 0x2c, 0x14, 0x33, 0x00, 0x04, 0x00, 0x24, 0xff, 0xb2, 0x03, 0xc7,
  0x03, 0x4f, 0x00, 0x0c, 0x00, 0x19, 0x00, 0x1d, 0x00, 0x25, 0x00, 0x00,
  0x41, 0x17, 0x06, 0x02, 0x04, 0x07, 0x2e, 0x02, 0x27, 0x36, 0x24, 0x36,
  0x25, 0x16, 0x16, 0x04, 0x17, 0x0e, 0x02, 0x07, 0x26, 0x24, 0x02, 0x27,
  0x27, 0x21, 0x15, 0x21, 0x25, 0x37, 0x16, 0x16, 0x17, 0x07, 0x26, 0x26,
  0x02, 0xd5, 0x4d, 0x3f, 0xc6, 0xfe, 0xec, 0xb6, 0x04, 0x10, 0x13, 0x08,
  0xb3, 0x01, 0x0b, 0xba, 0xfe, 0x72, 0x39, 0xc2, 0x01, 0x10, 0xae, 0x08,
  0x14, 0x11, 0x07, 0xb3, 0xfe, 0xee, 0xc5, 0x40, 0x97, 0x03, 0x88, 0xfc,
  0x78, 0x01, 0x75, 0x4e, 0x17, 0x2d, 0x0b, 0x53, 0x09, 0x2a, 0x02, 0x76,
  0x17, 0xb5, 0xfe, 0xf8, 0xb5, 0x3b, 0x09, 0x1b, 0x1b, 0x08, 0x34, 0xa7,
  0xf7, 0xa7, 0x9b, 0xfc, 0xb3, 0x2c, 0x08, 0x19, 0x19, 0x0b, 0x31, 0xbd,
  0x01, 0x0e, 0xa8, 0x3d, 0x4a, 0xe9, 0x18, 0x24, 0x57, 0x1f, 0x1b, 0x1f,
  0x59, 0x00, 0x00, 0x0d, 0x00, 0x29, 0xff, 0xb5, 0x03, 0xbe, 0x03, 0x4c,
  0x00, 0x03, 0x00, 0x07, 0x00, 0x0b, 0x00, 0x0f, 0x00, 0x13, 0x00, 0x1b,
  0x00, 0x24, 0x00, 0x30, 0x00, 0x38, 0x00, 0x49, 0x00, 0x59, 0x00, 0x61,
  0x00, 0x6b, 0x00, 0x00, 0x41, 0x21, 0x15, 0x21, 0x01, 0x21, 0x15, 0x21,
  0x03, 0x21, 0x15, 0x21, 0x27, 0x21, 0x15, 0x21, 0x25, 0x33, 0x11, 0x23,
  0x01, 0x37, 0x16, 0x16, 0x17, 0x07, 0x26, 0x26, 0x37, 0x17, 0x06, 0x06,
  0x07, 0x27, 0x3e, 0x02, 0x25, 0x17, 0x0e, 0x02, 0x07, 0x26, 0x26, 0x27,
  0x3e, 0x02, 0x25, 0x37, 0x16, 0x16, 0x17, 0x07, 0x26, 0x26, 0x13, 0x33,
  0x11, 0x14, 0x06, 0x07, 0x06, 0x06, 0x23, 0x26, 0x26, 0x27, 0x16, 0x32,
  0x37, 0x32, 0x35, 0x01, 0x33, 0x11, 0x14, 0x0e, 0x02, 0x07, 0x2e, 0x02,
  0x27, 0x3e, 0x02, 0x35, 0x07, 0x37, 0x16, 0x16, 0x17, 0x07, 0x26, 0x26,
  0x27, 0x17, 0x06, 0x06, 0x07, 0x26, 0x26, 0x27, 0x36, 0x36, 0x02, 0x4a,
  0x01, 0x74, 0xfe, 0x8c, 0xfd, 0xf3, 0x01, 0xba, 0xfe, 0x46, 0x0b, 0x01,
  0xc9, 0xfe, 0x37, 0x04, 0x01, 0xd9, 0xfe, 0x27, 0x02, 0xd9, 0x49, 0x49,
  0xfd, 0x77, 0x3d, 0x10, 0x17, 0x04, 0x41, 0x03, 0x15, 0xec, 0x46, 0x10,
  0x24, 0x10, 0x3d, 0x0a, 0x16, 0x15, 0x01, 0xef, 0x3d, 0x30, 0x76, 0x7e,
  0x3a, 0x03, 0x0e, 0x07, 0x38, 0x75, 0x68, 0xfd, 0x98, 0x44, 0x12, 0x23,
  0x08, 0x46, 0x07, 0x22, 0x13, 0x45, 0x0d, 0x11, 0x11, 0x34, 0x25, 0x01,
  0x0d, 0x08, 0x1a, 0x2b, 0x08, 0x0c, 0x01, 0x2e, 0x46, 0x07, 0x16, 0x29,
  0x23, 0x05, 0x16, 0x16, 0x09, 0x2b, 0x27, 0x0b, 0xc1, 0x33, 0x19, 0x30,
  0x0b, 0x35, 0x0c, 0x2f, 0xf8, 0x3d, 0x11, 0x37, 0x1e, 0x09, 0x20, 0x0c,
  0x1e, 0x31, 0x01, 0xf6, 0x46, 0x01, 0x2f, 0x3f, 0xfe, 0xb3, 0x42, 0xea,
  0x40, 0x1e, 0xfd, 0xdc, 0x02, 0xd6, 0x0e, 0x20, 0x50, 0x1c, 0x12, 0x1d,
  0x51, 0x32, 0x0f, 0x2d, 0x5d, 0x21, 0x0e, 0x18, 0x3c, 0x3f, 0xb4, 0x37,
  0x12, 0x1e, 0x18, 0x08, 0x0c, 0x21, 0x0c, 0x09, 0x19, 0x1d, 0x14, 0x11,
  0x1e, 0x4a, 0x1a, 0x15, 0x1b, 0x4c, 0xfe, 0xb8, 0xfe, 0x3d, 0x1a, 0x1d,
  0x09, 0x08, 0x04, 0x0e, 0x24, 0x0e, 0x01, 0x01, 0x0d, 0x02, 0xd6, 0xfe,
  0xa8, 0x36, 0x7c, 0x7e, 0x76, 0x31, 0x08, 0x11, 0x11, 0x04, 0x3c, 0x93,
  0x98, 0x42, 0xbb, 0x1b, 0x25, 0x59, 0x1f, 0x20, 0x21, 0x5c, 0x3b, 0x0f,
  0x34, 0x66, 0x24, 0x08, 0x17, 0x07, 0x21, 0x58, 0x00, 0x04, 0x00, 0x27,
  0xff, 0xb0, 0x03, 0xc0, 0x03, 0x05, 0x00, 0x03, 0x00, 0x07, 0x00, 0x28,
  0x00, 0x3a, 0x00, 0x00, 0x53, 0x21, 0x15, 0x21, 0x13, 0x21, 0x15, 0x21,
  0x01, 0x33, 0x11, 0x14, 0x16, 0x33, 0x3a, 0x03, 0x33, 0x32, 0x36, 0x36,
  0x37, 0x1e, 0x02, 0x17, 0x0e, 0x02, 0x23, 0x2a, 0x04, 0x23, 0x22, 0x26,
  0x26, 0x35, 0x03, 0x33, 0x0e, 0x05, 0x07, 0x26, 0x26, 0x27, 0x3e, 0x05,
  0x34, 0x03, 0x83, 0xfc, 0x7d, 0x3e, 0x03, 0x0c, 0xfc, 0xf4, 0x01, 0x8d,
  0x4e, 0x17, 0x26, 0x09, 0x2f, 0x39, 0x32, 0x0c, 0x19, 0x19, 0x0a, 0x02,
  0x09, 0x1a, 0x1b, 0x0b, 0x05, 0x18, 0x35, 0x30, 0x07, 0x26, 0x31, 0x31,
  0x26, 0x06, 0x34, 0x3a, 0x16, 0x40, 0x4c, 0x02, 0x0a, 0x1b, 0x38, 0x5d,
  0x8f, 0x65, 0x09, 0x1c, 0x0f, 0x64, 0x88, 0x58, 0x33, 0x17, 0x08, 0x01,
  0xdd, 0x49, 0x01, 0x71, 0x4a, 0xfe, 0xe8, 0xfe, 0x99, 0x1b, 0x10, 0x17,
  0x45, 0x44, 0x07, 0x0d, 0x09, 0x03, 0x4f, 0x59, 0x22, 0x15, 0x33, 0x2d,
  0x02, 0xad, 0x4a, 0x9b, 0x9d, 0x97, 0x86, 0x72, 0x28, 0x0e, 0x24, 0x0b,
  0x25, 0x69, 0x7d, 0x8c, 0x92, 0x90, 0x00, 0x03, 0x00, 0xb0, 0xff, 0xbb,
  0x03, 0x40, 0x03, 0x04, 0x00, 0x07, 0x00, 0x0b, 0x00, 0x0f, 0x00, 0x00,
  0x53, 0x21, 0x11, 0x23, 0x11, 0x21, 0x11, 0x23, 0x13, 0x21, 0x15, 0x21,
  0x03, 0x21, 0x15, 0x21, 0xb0, 0x02, 0x90, 0x50, 0xfe, 0x0d, 0x4d, 0x34,
  0x02, 0x2e, 0xfd, 0xd2, 0x02, 0x02, 0x31, 0xfd, 0xcf, 0x03, 0x04, 0xfc,
  0xbc, 0x02, 0xf9, 0xfd, 0x02, 0x01, 0xef, 0x4a, 0xfe, 0xe7, 0x4b, 0x00,
  0x00, 0x06, 0x00, 0x51, 0xff, 0xba, 0x03, 0xc2, 0x03, 0x43, 0x00, 0x07,
  0x00, 0x0b, 0x00, 0x0f, 0x00, 0x13, 0x00, 0x26, 0x00, 0x30, 0x00, 0x00,
  0x53, 0x21, 0x11, 0x21, 0x35, 0x33, 0x11, 0x23, 0x17, 0x33, 0x15, 0x23,
  0x03, 0x33, 0x11, 0x23, 0x01, 0x21, 0x15, 0x21, 0x01, 0x33, 0x11, 0x14,
  0x06, 0x07, 0x06, 0x06, 0x23, 0x26, 0x26, 0x27, 0x16, 0x16, 0x36, 0x37,
  0x32, 0x36, 0x35, 0x01, 0x37, 0x1e, 0x02, 0x17, 0x07, 0x2e, 0x02, 0x76,
  0x01, 0x14, 0xfe, 0xec, 0xce, 0xce, 0x03, 0xe5, 0xe5, 0x28, 0x48, 0x48,
  0x01, 0x67, 0x02, 0x0a, 0xfd, 0xf6, 0x01, 0x44, 0x4c, 0x17, 0x1b, 0x1b,
  0x62, 0x4b, 0x03, 0x10, 0x09, 0x28, 0x47, 0x34, 0x0b, 0x0f, 0x0d, 0xfe,
  0xde, 0x3e, 0x1b, 0x3c, 0x35, 0x11, 0x42, 0x10, 0x33, 0x3b, 0x02, 0xf4,
  0xfd, 0x76, 0x44, 0x02, 0x02, 0xdb, 0x43, 0x01, 0x62, 0xfd, 0x25, 0x02,
  0x67, 0x4b, 0x01, 0x0e, 0xfc, 0xde, 0x29, 0x27, 0x09, 0x0a, 0x04, 0x10,
  0x2d, 0x10, 0x01, 0x02, 0x01, 0x01, 0x0c, 0x0f, 0x01, 0xa3, 0x21, 0x26,
  0x58, 0x52, 0x1f, 0x26, 0x1f, 0x55, 0x5a, 0x00, 0x00, 0x08, 0x00, 0x23,
  0xff, 0xaf, 0x03, 0xc3, 0x03, 0x1f, 0x00, 0x03, 0x00, 0x07, 0x00, 0x0b,
  0x00, 0x21, 0x00, 0x2c, 0x00, 0x30, 0x00, 0x34, 0x00, 0x38, 0x00, 0x00,
  0x53, 0x21, 0x15, 0x21, 0x05, 0x21, 0x15, 0x21, 0x27, 0x33, 0x11, 0x23,
  0x27, 0x1e, 0x02, 0x33, 0x3a, 0x04, 0x37, 0x0e, 0x02, 0x07, 0x23, 0x23,
  0x22, 0x2e, 0x02, 0x27, 0x37, 0x17, 0x06, 0x06, 0x07, 0x2e, 0x02, 0x27,
  0x36, 0x36, 0x13, 0x15, 0x21, 0x35, 0x25, 0x15, 0x21, 0x35, 0x25, 0x21,
  0x11, 0x21, 0x3b, 0x03, 0x74, 0xfc, 0x8c, 0x01, 0xbc, 0x01, 0x77, 0xfe,
  0x89, 0x20, 0x4b, 0x4b, 0xc5, 0x1f, 0x6b, 0x9a, 0x62, 0x0b, 0x3a, 0x4b,
  0x4c, 0x3f, 0x10, 0x06, 0x0b, 0x08, 0x03, 0x3c, 0xd6, 0x58, 0x8c, 0x6e,
  0x51, 0x1e, 0x13, 0x4b, 0x18, 0x6b, 0x53, 0x05, 0x14, 0x17, 0x09, 0x50,
  0x61, 0x18, 0x02, 0x09, 0xfd, 0xf7, 0x02, 0x09, 0xfd, 0xaf, 0x02, 0x9d,
  0xfd, 0x63, 0x01, 0x8f, 0x43, 0x70, 0x42, 0xd7, 0xfe, 0x85, 0xd9, 0x52,
  0x54, 0x1e, 0x01, 0x09, 0x1a, 0x1b, 0x0a, 0x14, 0x34, 0x60, 0x4c, 0x73,
  0x0a, 0x7d, 0xba, 0x3b, 0x07, 0x14, 0x14, 0x05, 0x34, 0xa7, 0x01, 0xa1,
  0x52, 0x52, 0x87, 0x51, 0x51, 0x39, 0xfe, 0xb5, 0x00, 0x08, 0x00, 0x28,
  0xff, 0xdf, 0x03, 0xc0, 0x03, 0x17, 0x00, 0x03, 0x00, 0x07, 0x00, 0x0b,
  0x00, 0x0f, 0x00, 0x13, 0x00, 0x17, 0x00, 0x20, 0x00, 0x2a, 0x00, 0x00,
  0x53, 0x15, 0x21, 0x35, 0x25, 0x15, 0x21, 0x35, 0x25, 0x21, 0x11, 0x21,
  0x03, 0x21, 0x15, 0x21, 0x01, 0x33, 0x11, 0x23, 0x13, 0x33, 0x11, 0x23,
  0x13, 0x17, 0x06, 0x06, 0x07, 0x27, 0x3e, 0x02, 0x05, 0x37, 0x1e, 0x02,
  0x17, 0x07, 0x2e, 0x02, 0xf4, 0x02, 0x01, 0xfd, 0xff, 0x02, 0x01, 0xfd,
  0xb6, 0x02, 0x96, 0xfd, 0x6a, 0x83, 0x03, 0x98, 0xfc, 0x68, 0x01, 0x38,
  0x47, 0x47, 0xdb, 0x48, 0x48, 0xf9, 0x41, 0x20, 0x4f, 0x22, 0x3a, 0x17,
  0x33, 0x30, 0xfd, 0x57, 0x3c, 0x15, 0x2c, 0x27, 0x0a, 0x3d, 0x0b, 0x26,
  0x2a, 0x02, 0x3a, 0x68, 0x68, 0xa1, 0x67, 0x67, 0x3c, 0xfe, 0x7e, 0xfe,
  0x92, 0x48, 0x01, 0x8e, 0xfe, 0x93, 0x01, 0x6d, 0xfe, 0x93, 0x01, 0x4a,
  0x1e, 0x34, 0x6e, 0x29, 0x1d, 0x1b, 0x47, 0x4a, 0x01, 0x1a, 0x20, 0x49,
  0x45, 0x1a, 0x1e, 0x1b, 0x46, 0x4c, 0x00, 0x0b, 0x00, 0x28, 0xff, 0xac,
  0x03, 0xc6, 0x03, 0x1f, 0x00, 0x03, 0x00, 0x07, 0x00, 0x0b, 0x00, 0x0f,
  0x00, 0x13, 0x00, 0x17, 0x00, 0x27, 0x00, 0x33, 0x00, 0x3c, 0x00, 0x47,
  0x00, 0x57, 0x00, 0x00, 0x53, 0x15, 0x21, 0x35, 0x25, 0x15, 0x21, 0x35,
  0x25, 0x21, 0x11, 0x21, 0x07, 0x21, 0x15, 0x21, 0x07, 0x21, 0x15, 0x21,
  0x37, 0x21, 0x15, 0x21, 0x27, 0x33, 0x15, 0x14, 0x0e, 0x02, 0x07, 0x2e,
  0x02, 0x27, 0x3e, 0x02, 0x35, 0x05, 0x1e, 0x02, 0x17, 0x06, 0x06, 0x07,
  0x2e, 0x02, 0x27, 0x05, 0x17, 0x06, 0x06, 0x07, 0x27, 0x3e, 0x02, 0x05,
  0x27, 0x37, 0x25, 0x06, 0x06, 0x17, 0x0e, 0x03, 0x07, 0x2e, 0x02, 0x27,
  0x36, 0x36, 0x35, 0x35, 0x17, 0x15, 0x30, 0x0e, 0x03, 0xee, 0x02, 0x14,
  0xfd, 0xec, 0x02, 0x14, 0xfd, 0xa4, 0x02, 0xa7, 0xfd, 0x59, 0x03, 0x02,
  0xfe, 0xfd, 0x02, 0x01, 0x03, 0x0e, 0xfc, 0xf2, 0x62, 0x02, 0x4a, 0xfd,
  0xb6, 0x88, 0x4c, 0x08, 0x14, 0x25, 0x1d, 0x07, 0x18, 0x19, 0x0a, 0x26,
  0x23, 0x0b, 0x01, 0xac, 0x22, 0x79, 0xa2, 0x61, 0x0c, 0x19, 0x07, 0x64,
  0xa6, 0x7d, 0x27, 0x01, 0x5d, 0x33, 0x29, 0x6b, 0x2c, 0x2d, 0x1d, 0x44,
  0x42, 0xfd, 0xee, 0x03, 0x22, 0x01, 0x09, 0x03, 0x02, 0x01, 0x5a, 0x6f,
  0x3a, 0x1a, 0x07, 0x02, 0x0c, 0x0e, 0x06, 0x0f, 0x25, 0x4a, 0x13, 0x1b,
  0x1b, 0x13, 0x02, 0x78, 0x3f, 0x3f, 0x71, 0x3d, 0x3d, 0x36, 0xfe, 0xe4,
  0x39, 0x39, 0x9d, 0x3a, 0xa2, 0x33, 0xa1, 0x8c, 0x2b, 0x68, 0x6c, 0x67,
  0x2c, 0x07, 0x10, 0x0f, 0x04, 0x36, 0x81, 0x7f, 0x34, 0x5d, 0x3c, 0x5e,
  0x3e, 0x0c, 0x0c, 0x25, 0x0f, 0x12, 0x4b, 0x6f, 0x49, 0x22, 0x25, 0x1d,
  0x33, 0x12, 0x25, 0x0d, 0x22, 0x24, 0xf3, 0x37, 0x19, 0x38, 0x0e, 0x22,
  0x0c, 0x15, 0x1b, 0x0f, 0x09, 0x04, 0x09, 0x18, 0x16, 0x08, 0x07, 0x23,
  0x20, 0xa3, 0x01, 0xde, 0x0b, 0x12, 0x14, 0x14, 0x00, 0x0a, 0x00, 0x2c,
  0xff, 0xb0, 0x03, 0xad, 0x03, 0x24, 0x00, 0x03, 0x00, 0x07, 0x00, 0x0b,
  0x00, 0x0f, 0x00, 0x13, 0x00, 0x17, 0x00, 0x2a, 0x00, 0x34, 0x00, 0x41,
  0x00, 0x49, 0x00, 0x00, 0x53, 0x15, 0x21, 0x35, 0x25, 0x15, 0x21, 0x35,
  0x25, 0x21, 0x11, 0x21, 0x07, 0x21, 0x15, 0x21, 0x17, 0x15, 0x21, 0x35,
  0x25, 0x21, 0x15, 0x21, 0x25, 0x33, 0x15, 0x14, 0x06, 0x07, 0x06, 0x06,
  0x23, 0x26, 0x26, 0x27, 0x16, 0x16, 0x36, 0x33, 0x36, 0x36, 0x35, 0x37,
  0x37, 0x1e, 0x02, 0x17, 0x07, 0x2e, 0x02, 0x25, 0x17, 0x0e, 0x02, 0x07,
  0x2e, 0x02, 0x27, 0x3e, 0x02, 0x13, 0x37, 0x16, 0x16, 0x17, 0x07, 0x26,
  0x26, 0xf2, 0x02, 0x01, 0xfd, 0xff, 0x02, 0x01, 0xfd, 0xb7, 0x02, 0x94,
  0xfd, 0x6c, 0x72, 0x03, 0x75, 0xfc, 0x8b, 0xd1, 0x01, 0xd7, 0xfd, 0xe1,
  0x02, 0x6a, 0xfd, 0x96, 0x01, 0x0d, 0x4c, 0x10, 0x17, 0x15, 0x48, 0x35,
  0x02, 0x0d, 0x08, 0x1a, 0x2f, 0x24, 0x06, 0x0b, 0x06, 0xa1, 0x30, 0x2e,
  0x64, 0x5b, 0x1f, 0x33, 0x1d, 0x59, 0x65, 0xfe, 0x86, 0x44, 0x21, 0x59,
  0x5e, 0x2b, 0x06, 0x15, 0x14, 0x09, 0x2c, 0x5b, 0x52, 0xac, 0x42, 0x11,
  0x1d, 0x07, 0x46, 0x05, 0x1c, 0x02, 0x80, 0x40, 0x40, 0x71, 0x3f, 0x3f,
  0x33, 0xfe, 0xe8, 0x3f, 0x3e, 0x6d, 0x5f, 0x5f, 0x38, 0xce, 0x1f, 0xb3,
  0x1b, 0x1d, 0x06, 0x07, 0x03, 0x0e, 0x21, 0x0d, 0x01, 0x01, 0x01, 0x01,
  0x06, 0x08, 0x48, 0x2c, 0x10, 0x2c, 0x2e, 0x15, 0x31, 0x14, 0x30, 0x2f,
  0x41, 0x1c, 0x1c, 0x37, 0x30, 0x12, 0x07, 0x15, 0x14, 0x06, 0x0f, 0x27,
  0x2d, 0x01, 0xa0, 0x16, 0x13, 0x31, 0x13, 0x1a, 0x13, 0x34, 0x00, 0x0c,
  0x00, 0x35, 0xff, 0xb0, 0x03, 0xb7, 0x03, 0x4b, 0x00, 0x03, 0x00, 0x07,
  0x00, 0x0f, 0x00, 0x13, 0x00, 0x17, 0x00, 0x23, 0x00, 0x32, 0x00, 0x36,
  0x00, 0x3a, 0x00, 0x4f, 0x00, 0x57, 0x00, 0x61, 0x00, 0x00, 0x41, 0x21,
  0x15, 0x21, 0x37, 0x33, 0x11, 0x23, 0x05, 0x21, 0x11, 0x23, 0x11, 0x21,
  0x11, 0x23, 0x37, 0x21, 0x15, 0x21, 0x15, 0x21, 0x15, 0x21, 0x01, 0x17,
  0x0e, 0x02, 0x07, 0x26, 0x26, 0x27, 0x3e, 0x02, 0x05, 0x33, 0x15, 0x14,
  0x06, 0x06, 0x07, 0x2e, 0x02, 0x27, 0x3e, 0x02, 0x35, 0x25, 0x21, 0x15,
  0x21, 0x17, 0x33, 0x11, 0x23, 0x27, 0x2e, 0x02, 0x27, 0x36, 0x36, 0x37,
  0x3e, 0x02, 0x37, 0x17, 0x0e, 0x02, 0x07, 0x15, 0x30, 0x06, 0x06, 0x15,
  0x35, 0x37, 0x21, 0x15, 0x21, 0x22, 0x06, 0x07, 0x3e, 0x02, 0x37, 0x17,
  0x0e, 0x02, 0x07, 0x02, 0x48, 0x01, 0x6f, 0xfe, 0x91, 0xb4, 0x46, 0x46,
  0xfd, 0xb3, 0x02, 0x8e, 0x4a, 0xfe, 0x03, 0x47, 0x31, 0x02, 0x29, 0xfd,
  0xd7, 0x02, 0x2b, 0xfd, 0xd5, 0x02, 0x92, 0x2a, 0x2e, 0x73, 0x7b, 0x39,
  0x01, 0x0b, 0x06, 0x38, 0x76, 0x6a, 0xfe, 0xe8, 0x43, 0x0c, 0x23, 0x22,
  0x06, 0x16, 0x16, 0x08, 0x20, 0x1e, 0x0a, 0xfe, 0x00, 0x01, 0xd0, 0xfe,
  0x30, 0xee, 0x46, 0x46, 0xca, 0x02, 0x08, 0x09, 0x05, 0x0c, 0x1a, 0x0d,
  0x0a, 0x2a, 0x30, 0x12, 0x4b, 0x1a, 0x3c, 0x40, 0x1f, 0x13, 0x14, 0x28,
  0x01, 0x86, 0xfe, 0xa3, 0x1f, 0x2b, 0x29, 0x38, 0x94, 0xa8, 0x56, 0x01,
  0x53, 0xa3, 0x94, 0x3b, 0x02, 0x67, 0x3d, 0x24, 0xfe, 0xee, 0x16, 0xfe,
  0x8c, 0x01, 0x39, 0xfe, 0xc5, 0xe9, 0x37, 0x53, 0x3c, 0x03, 0x67, 0x39,
  0x0d, 0x14, 0x0e, 0x04, 0x0c, 0x1f, 0x0c, 0x05, 0x0f, 0x15, 0x29, 0x97,
  0x2e, 0x6f, 0x6c, 0x2b, 0x06, 0x0f, 0x0e, 0x03, 0x29, 0x5e, 0x60, 0x28,
  0x96, 0x3b, 0x2a, 0xfe, 0x9a, 0xda, 0x08, 0x18, 0x1b, 0x0a, 0x02, 0x17,
  0x12, 0x0c, 0x3d, 0x53, 0x2b, 0x15, 0x2f, 0x5d, 0x51, 0x1f, 0x02, 0x0c,
  0x11, 0x07, 0x37, 0x14, 0x3d, 0x08, 0x60, 0x05, 0x0e, 0x10, 0x09, 0x39,
  0x09, 0x12, 0x11, 0x06, 0x00, 0x06, 0x00, 0x2f, 0xff, 0xaf, 0x03, 0xc9,
  0x03, 0x13, 0x00, 0x03, 0x00, 0x16, 0x00, 0x1a, 0x00, 0x1e, 0x00, 0x22,
  0x00, 0x30, 0x00, 0x00, 0x53, 0x21, 0x15, 0x21, 0x25, 0x33, 0x11, 0x14,
  0x0e, 0x03, 0x07, 0x2e, 0x02, 0x27, 0x3e, 0x04, 0x35, 0x27, 0x15, 0x21,
  0x35, 0x25, 0x15, 0x21, 0x35, 0x25, 0x21, 0x11, 0x21, 0x17, 0x1e, 0x03,
  0x17, 0x06, 0x06, 0x07, 0x2e, 0x03, 0x27, 0x41, 0x03, 0x66, 0xfc, 0x9a,
  0x01, 0x92, 0x4e, 0x12, 0x34, 0x64, 0xa3, 0x78, 0x04, 0x10, 0x11, 0x08,
  0x75, 0x9a, 0x5b, 0x2c, 0x0e, 0xef, 0x02, 0x3a, 0xfd, 0xc6, 0x02, 0x3a,
  0xfd, 0x7e, 0x02, 0xcd, 0xfd, 0x33, 0x60, 0x30, 0x86, 0xb1, 0xde, 0x88,
  0x0a, 0x13, 0x03, 0x8b, 0xe6, 0xba, 0x90, 0x32, 0x03, 0x13, 0x44, 0x27,
  0xfe, 0x7c, 0x3a, 0x6d, 0x64, 0x58, 0x46, 0x1a, 0x09, 0x18, 0x19, 0x08,
  0x16, 0x3c, 0x4b, 0x55, 0x5e, 0x32, 0x28, 0x66, 0x66, 0xa0, 0x64, 0x64,
  0x3f, 0xfe, 0x7d, 0x09, 0x4a, 0x5c, 0x32, 0x15, 0x04, 0x0d, 0x2a, 0x13,
  0x06, 0x1d, 0x3d, 0x6c, 0x55, 0x00, 0x00, 0x0a, 0x00, 0x22, 0xff, 0xaf,
  0x03, 0xca, 0x03, 0x23, 0x00, 0x03, 0x00, 0x07, 0x00, 0x0b, 0x00, 0x0f,
  0x00, 0x20, 0x00, 0x33, 0x00, 0x46, 0x00, 0x55, 0x00, 0x61, 0x00, 0x67,
  0x00, 0x00, 0x53, 0x33, 0x15, 0x23, 0x15, 0x33, 0x15, 0x23, 0x05, 0x21,
  0x15, 0x21, 0x05, 0x33, 0x15, 0x23, 0x03, 0x33, 0x11, 0x14, 0x0e, 0x02,
  0x07, 0x2e, 0x02, 0x27, 0x3e, 0x03, 0x35, 0x13, 0x33, 0x11, 0x14, 0x06,
  0x07, 0x06, 0x06, 0x23, 0x2e, 0x02, 0x27, 0x16, 0x32, 0x37, 0x32, 0x36,
  0x35, 0x01, 0x33, 0x15, 0x14, 0x06, 0x07, 0x06, 0x06, 0x23, 0x26, 0x26,
  0x27, 0x32, 0x16, 0x36, 0x33, 0x36, 0x36, 0x35, 0x17, 0x33, 0x37, 0x17,
  0x0e, 0x02, 0x07, 0x26, 0x26, 0x27, 0x3e, 0x02, 0x37, 0x07, 0x1e, 0x02,
  0x17, 0x06, 0x06, 0x07, 0x2e, 0x02, 0x27, 0x03, 0x21, 0x15, 0x21, 0x11,
  0x23, 0x8a, 0xe9, 0xe9, 0xeb, 0xeb, 0x01, 0x86, 0x01, 0x6c, 0xfe, 0x94,
  0xfe, 0x78, 0xeb, 0xeb, 0x1c, 0x44, 0x06, 0x10, 0x20, 0x1b, 0x06, 0x16,
  0x18, 0x09, 0x1a, 0x1d, 0x0e, 0x05, 0xdd, 0x46, 0x10, 0x13, 0x13, 0x40,
  0x33, 0x01, 0x06, 0x09, 0x05, 0x23, 0x38, 0x0a, 0x0a, 0x09, 0x01, 0xfe,
  0x49, 0x10, 0x18, 0x17, 0x4e, 0x39, 0x02, 0x0f, 0x07, 0x1f, 0x35, 0x26,
  0x08, 0x0c, 0x07, 0x20, 0x0d, 0x0d, 0x2c, 0x19, 0x63, 0x85, 0x4e, 0x06,
  0x1a, 0x0c, 0x48, 0x7c, 0x5c, 0x15, 0xe7, 0x1d, 0x5f, 0x80, 0x4e, 0x0c,
  0x1c, 0x09, 0x50, 0x83, 0x62, 0x20, 0x5d, 0x01, 0x75, 0xfe, 0xd2, 0x47,
  0x03, 0x23, 0x46, 0xa4, 0x46, 0x27, 0x45, 0x3d, 0x47, 0x02, 0x20, 0xfe,
  0x99, 0x3b, 0x88, 0x8d, 0x86, 0x37, 0x06, 0x0e, 0x0c, 0x03, 0x35, 0x7c,
  0x83, 0x7f, 0x37, 0x01, 0x67, 0xfc, 0xe7, 0x1e, 0x25, 0x09, 0x0a, 0x04,
  0x09, 0x1b, 0x1a, 0x0a, 0x01, 0x01, 0x08, 0x0b, 0x03, 0x15, 0xc2, 0x1b,
  0x20, 0x09, 0x07, 0x03, 0x10, 0x23, 0x0d, 0x02, 0x01, 0x01, 0x06, 0x09,
  0x93, 0x03, 0x10, 0x80, 0xc9, 0x92, 0x2e, 0x0c, 0x22, 0x09, 0x26, 0x87,
  0xb7, 0x6d, 0x1d, 0x61, 0xac, 0x85, 0x26, 0x0a, 0x23, 0x0d, 0x2c, 0x91,
  0xbb, 0x6a, 0x01, 0x8f, 0x46, 0xfc, 0xd6, 0x00, 0x00, 0x05, 0x00, 0x25,
  0xff, 0xb0, 0x03, 0xc5, 0x03, 0x47, 0x00, 0x03, 0x00, 0x07, 0x00, 0x0b,
  0x00, 0x18, 0x00, 0x25, 0x00, 0x00, 0x53, 0x21, 0x15, 0x21, 0x13, 0x21,
  0x15, 0x21, 0x13, 0x33, 0x11, 0x23, 0x03, 0x17, 0x0e, 0x02, 0x07, 0x2e,
  0x02, 0x27, 0x3e, 0x02, 0x25, 0x1e, 0x02, 0x17, 0x0e, 0x02, 0x07, 0x2e,
  0x02, 0x27, 0x41, 0x03, 0x68, 0xfc, 0x98, 0xa1, 0x02, 0x22, 0xfd, 0xde,
  0xea, 0x4f, 0x4f, 0x49, 0x44, 0x25, 0x71, 0x88, 0x4c, 0x06, 0x14, 0x15,
  0x09, 0x4a, 0x86, 0x6c, 0x01, 0x00, 0x22, 0x6d, 0x89, 0x4c, 0x09, 0x17,
  0x14, 0x07, 0x4d, 0x8a, 0x70, 0x25, 0x02, 0x75, 0x4c, 0xfe, 0x8e, 0x4c,
  0x02, 0xdc, 0xfc, 0x69, 0x02, 0xac, 0x15, 0x68, 0xbf, 0x9d, 0x34, 0x09,
  0x17, 0x15, 0x08, 0x2d, 0x92, 0xb3, 0x5b, 0x5d, 0xb0, 0x8e, 0x2c, 0x07,
  0x17, 0x18, 0x0b, 0x33, 0x9b, 0xbf, 0x67, 0x00, 0x00, 0x07, 0x00, 0x1c,
  0xff, 0xb0, 0x03, 0xd3, 0x03, 0x48, 0x00, 0x03, 0x00, 0x14, 0x00, 0x3d,
  0x00, 0x41, 0x00, 0x45, 0x00, 0x53, 0x00, 0x5f, 0x00, 0x00, 0x41, 0x33,
  0x15, 0x23, 0x27, 0x33, 0x11, 0x14, 0x0e, 0x02, 0x07, 0x2e, 0x02, 0x27,
  0x3e, 0x03, 0x35, 0x01, 0x33, 0x11, 0x14, 0x16, 0x17, 0x16, 0x33, 0x32,
  0x32, 0x33, 0x32, 0x37, 0x36, 0x36, 0x37, 0x36, 0x36, 0x35, 0x16, 0x16,
  0x17, 0x14, 0x06, 0x06, 0x07, 0x06, 0x07, 0x06, 0x06, 0x23, 0x22, 0x22,
  0x23, 0x22, 0x26, 0x27, 0x2e, 0x02, 0x35, 0x01, 0x21, 0x15, 0x21, 0x13,
  0x33, 0x11, 0x23, 0x03, 0x17, 0x0e, 0x03, 0x07, 0x26, 0x26, 0x27, 0x3e,
  0x03, 0x17, 0x1e, 0x03, 0x17, 0x07, 0x2e, 0x03, 0x27, 0x02, 0x1e, 0xfa,
  0xfa, 0x2c, 0x49, 0x0c, 0x21, 0x42, 0x36, 0x05, 0x15, 0x17, 0x08, 0x32,
  0x3c, 0x1e, 0x09, 0x01, 0x05, 0x4a, 0x03, 0x04, 0x08, 0x0a, 0x05, 0x11,
  0x07, 0x0e, 0x06, 0x04, 0x05, 0x01, 0x02, 0x02, 0x0c, 0x20, 0x0e, 0x03,
  0x03, 0x02, 0x07, 0x15, 0x0b, 0x1b, 0x0f, 0x0b, 0x1e, 0x0a, 0x0e, 0x20,
  0x0b, 0x09, 0x0a, 0x04, 0xfd, 0x3d, 0x01, 0x83, 0xfe, 0x7d, 0xa6, 0x49,
  0x49, 0x03, 0x31, 0x0e, 0x2a, 0x34, 0x3a, 0x1f, 0x06, 0x18, 0x09, 0x1c,
  0x39, 0x31, 0x28, 0x52, 0x0b, 0x2d, 0x34, 0x2b, 0x09, 0x2f, 0x0b, 0x27,
  0x2e, 0x2a, 0x0d, 0x03, 0x0f, 0x47, 0x47, 0xfe, 0xbf, 0x3e, 0x8f, 0x92,
  0x87, 0x38, 0x07, 0x13, 0x12, 0x04, 0x35, 0x7b, 0x83, 0x81, 0x3a, 0x01,
  0x41, 0xfd, 0x2f, 0x18, 0x1d, 0x03, 0x06, 0x07, 0x05, 0x0f, 0x12, 0x11,
  0x4c, 0x32, 0x0b, 0x11, 0x04, 0x1c, 0x3f, 0x34, 0x0d, 0x29, 0x0f, 0x07,
  0x07, 0x09, 0x0a, 0x08, 0x16, 0x2f, 0x2a, 0x02, 0x2e, 0x48, 0x01, 0x1e,
  0xfc, 0x69, 0x02, 0x94, 0x10, 0x3d, 0x82, 0x7c, 0x6a, 0x25, 0x0f, 0x27,
  0x0e, 0x22, 0x5d, 0x6e, 0x72, 0x37, 0x0a, 0x30, 0x3a, 0x31, 0x0a, 0x3e,
  0x12, 0x37, 0x3d, 0x34, 0x0f, 0x00, 0x00, 0x07, 0x00, 0x2f, 0xff, 0xb2,
  0x03, 0xb8, 0x03, 0x48, 0x00, 0x03, 0x00, 0x23, 0x00, 0x31, 0x00, 0x3d,
  0x00, 0x47, 0x00, 0x5a, 0x00, 0x5e, 0x00, 0x00, 0x53, 0x21, 0x15, 0x21,
  0x25, 0x33, 0x15, 0x14, 0x16, 0x33, 0x3a, 0x03, 0x33, 0x32, 0x36, 0x36,
  0x37, 0x1e, 0x02, 0x17, 0x0e, 0x02, 0x23, 0x2a, 0x03, 0x23, 0x22, 0x26,
  0x26, 0x35, 0x01, 0x33, 0x0e, 0x03, 0x07, 0x26, 0x26, 0x27, 0x3e, 0x03,
  0x03, 0x17, 0x0e, 0x02, 0x07, 0x2e, 0x02, 0x27, 0x36, 0x36, 0x25, 0x37,
  0x1e, 0x02, 0x17, 0x07, 0x2e, 0x02, 0x03, 0x33, 0x11, 0x14, 0x06, 0x07,
  0x06, 0x06, 0x23, 0x26, 0x26, 0x27, 0x16, 0x16, 0x36, 0x33, 0x36, 0x36,
  0x35, 0x01, 0x21, 0x15, 0x21, 0x66, 0x02, 0x4a, 0xfd, 0xb6, 0x02, 0x21,
  0x4b, 0x0c, 0x15, 0x05, 0x1a, 0x1f, 0x1b, 0x06, 0x0e, 0x0e, 0x06, 0x01,
  0x08, 0x17, 0x1b, 0x09, 0x03, 0x14, 0x26, 0x21, 0x06, 0x1f, 0x26, 0x1f,
  0x06, 0x26, 0x2c, 0x11, 0xfe, 0xfb, 0x4c, 0x09, 0x27, 0x4f, 0x8a, 0x6c,
  0x05, 0x19, 0x0c, 0x66, 0x7e, 0x46, 0x21, 0x73, 0x4b, 0x1a, 0x46, 0x4f,
  0x26, 0x06, 0x17, 0x17, 0x09, 0x3a, 0x6c, 0x01, 0x97, 0x3f, 0x22, 0x4b,
  0x43, 0x14, 0x42, 0x13, 0x40, 0x4b, 0xd8, 0x4f, 0x12, 0x18, 0x17, 0x4e,
  0x3b, 0x03, 0x0f, 0x08, 0x1d, 0x35, 0x27, 0x07, 0x0c, 0x09, 0xfe, 0x7e,
  0x03, 0x58, 0xfc, 0xa8, 0x02, 0xd2, 0x48, 0x48, 0xd5, 0x12, 0x0a, 0x0f,
  0x31, 0x33, 0x05, 0x0c, 0x09, 0x03, 0x3f, 0x43, 0x1a, 0x11, 0x2a, 0x26,
  0x01, 0x4c, 0x52, 0x8f, 0x75, 0x59, 0x1e, 0x0e, 0x25, 0x0b, 0x19, 0x4e,
  0x65, 0x7d, 0xfd, 0xd1, 0x17, 0x29, 0x4f, 0x44, 0x1a, 0x07, 0x15, 0x14,
  0x06, 0x20, 0x61, 0x16, 0x22, 0x1c, 0x44, 0x44, 0x1c, 0x26, 0x1b, 0x46,
  0x46, 0x01, 0x18, 0xfe, 0x5c, 0x20, 0x23, 0x09, 0x09, 0x03, 0x10, 0x29,
  0x0f, 0x01, 0x01, 0x01, 0x01, 0x07, 0x0a, 0x01, 0x46, 0x47, 0x00, 0x08,
  0x00, 0x23, 0xff, 0xb4, 0x03, 0xc4, 0x03, 0x4a, 0x00, 0x03, 0x00, 0x14,
  0x00, 0x20, 0x00, 0x2d, 0x00, 0x31, 0x00, 0x3e, 0x00, 0x50, 0x00, 0x5a,
  0x00, 0x00, 0x41, 0x21, 0x15, 0x21, 0x25, 0x33, 0x37, 0x17, 0x0e, 0x03,
  0x07, 0x26, 0x26, 0x27, 0x3e, 0x03, 0x37, 0x25, 0x17, 0x06, 0x06, 0x07,
  0x2e, 0x02, 0x27, 0x3e, 0x02, 0x07, 0x1e, 0x02, 0x17, 0x0e, 0x02, 0x07,
  0x2e, 0x02, 0x27, 0x03, 0x21, 0x15, 0x21, 0x17, 0x17, 0x0e, 0x02, 0x07,
  0x2e, 0x02, 0x27, 0x3e, 0x02, 0x37, 0x33, 0x11, 0x14, 0x06, 0x07, 0x06,
  0x06, 0x23, 0x26, 0x26, 0x27, 0x16, 0x16, 0x37, 0x32, 0x36, 0x35, 0x37,
  0x37, 0x1e, 0x02, 0x17, 0x07, 0x2e, 0x02, 0x01, 0x3f, 0x01, 0x8f, 0xfe,
  0x71, 0x01, 0x80, 0x10, 0x0d, 0x32, 0x30, 0x9a, 0xc0, 0xd4, 0x6a, 0x04,
  0x14, 0x0b, 0x65, 0xcb, 0xb5, 0x8e, 0x29, 0xfe, 0xbb, 0x52, 0x33, 0xa3,
  0x76, 0x07, 0x12, 0x14, 0x09, 0x4a, 0x76, 0x56, 0x1d, 0x39, 0xc0, 0xfa,
  0x8e, 0x07, 0x12, 0x0f, 0x05, 0x8f, 0xfc, 0xc8, 0x41, 0x70, 0x02, 0xc1,
  0xfd, 0x3f, 0x99, 0x3c, 0x1a, 0x4b, 0x4f, 0x22, 0x06, 0x11, 0x13, 0x08,
  0x21, 0x4c, 0x47, 0xb9, 0x4c, 0x0e, 0x14, 0x13, 0x3c, 0x2c, 0x02, 0x0d,
  0x08, 0x1d, 0x34, 0x08, 0x09, 0x06, 0xa8, 0x36, 0x23, 0x49, 0x41, 0x13,
  0x39, 0x13, 0x3e, 0x49, 0x02, 0xec, 0x41, 0x41, 0x04, 0x1f, 0x55, 0x83,
  0x5e, 0x3e, 0x11, 0x0f, 0x27, 0x0d, 0x0e, 0x37, 0x53, 0x71, 0x48, 0x6a,
  0x10, 0x53, 0x9f, 0x40, 0x0a, 0x14, 0x14, 0x05, 0x24, 0x5a, 0x60, 0x5a,
  0x53, 0x7a, 0x4f, 0x11, 0x08, 0x17, 0x1a, 0x0a, 0x15, 0x57, 0x89, 0x5e,
  0xfe, 0x79, 0x43, 0x26, 0x1b, 0x23, 0x4b, 0x42, 0x16, 0x08, 0x14, 0x13,
  0x06, 0x13, 0x39, 0x42, 0xf1, 0xfe, 0x7a, 0x1d, 0x1e, 0x09, 0x08, 0x03,
  0x0f, 0x25, 0x0e, 0x01, 0x01, 0x01, 0x06, 0x08, 0x8e, 0x27, 0x1c, 0x42,
  0x43, 0x1b, 0x2b, 0x1b, 0x43, 0x46, 0x00, 0x09, 0x00, 0x20, 0xff, 0xae,
  0x03, 0xc7, 0x03, 0x48, 0x00, 0x03, 0x00, 0x07, 0x00, 0x16, 0x00, 0x22,
  0x00, 0x33, 0x00, 0x37, 0x00, 0x47, 0x00, 0x54, 0x00, 0x62, 0x00, 0x00,
  0x53, 0x21, 0x15, 0x21, 0x13, 0x33, 0x11, 0x23, 0x11, 0x17, 0x0e, 0x03,
  0x07, 0x2e, 0x02, 0x27, 0x3e, 0x03, 0x37, 0x1e, 0x03, 0x17, 0x07, 0x2e,
  0x03, 0x27, 0x37, 0x33, 0x15, 0x14, 0x0e, 0x02, 0x07, 0x2e, 0x02, 0x27,
  0x3e, 0x03, 0x35, 0x37, 0x21, 0x15, 0x21, 0x25, 0x33, 0x37, 0x17, 0x0e,
  0x02, 0x07, 0x2e, 0x02, 0x27, 0x3e, 0x02, 0x37, 0x07, 0x1e, 0x02, 0x17,
  0x0e, 0x02, 0x07, 0x2e, 0x02, 0x27, 0x01, 0x17, 0x0e, 0x03, 0x07, 0x26,
  0x26, 0x27, 0x3e, 0x03, 0x3a, 0x01, 0x49, 0xfe, 0xb7, 0x8b, 0x46, 0x46,
  0x27, 0x0b, 0x23, 0x2c, 0x32, 0x19, 0x04, 0x0d, 0x0f, 0x07, 0x1a, 0x31,
  0x2c, 0x23, 0x4d, 0x08, 0x23, 0x27, 0x22, 0x06, 0x2e, 0x07, 0x1d, 0x21,
  0x1e, 0x0a, 0xc6, 0x49, 0x0a, 0x1b, 0x35, 0x2b, 0x07, 0x17, 0x17, 0x09,
  0x2a, 0x31, 0x18, 0x07, 0x23, 0x01, 0x91, 0xfe, 0x6f, 0x01, 0x77, 0x0d,
  0x0d, 0x2f, 0x1c, 0x79, 0xab, 0x69, 0x05, 0x10, 0x11, 0x08, 0x60, 0xa2,
  0x73, 0x19, 0xf6, 0x1c, 0x63, 0x94, 0x64, 0x09, 0x13, 0x12, 0x06, 0x67,
  0x97, 0x65, 0x20, 0x01, 0x5f, 0x32, 0x2c, 0x74, 0x81, 0x83, 0x3c, 0x02,
  0x0c, 0x07, 0x3b, 0x7e, 0x7b, 0x69, 0x02, 0x87, 0x46, 0x01, 0x07, 0xfc,
  0x69, 0x02, 0xa9, 0x11, 0x3d, 0x82, 0x7d, 0x6b, 0x25, 0x0a, 0x1b, 0x1a,
  0x09, 0x20, 0x5e, 0x6e, 0x73, 0x03, 0x0a, 0x33, 0x3d, 0x33, 0x0c, 0x39,
  0x12, 0x3c, 0x40, 0x37, 0x10, 0xe0, 0xf5, 0x3f, 0x97, 0x9e, 0x95, 0x3e,
  0x06, 0x11, 0x0f, 0x04, 0x3b, 0x8b, 0x91, 0x8c, 0x3b, 0x2a, 0x44, 0x44,
  0x03, 0x0e, 0xa3, 0xf0, 0xa2, 0x30, 0x09, 0x17, 0x16, 0x07, 0x28, 0x96,
  0xda, 0x8d, 0x1d, 0x77, 0xcf, 0x99, 0x28, 0x07, 0x17, 0x17, 0x0b, 0x2f,
  0xa7, 0xdf, 0x85, 0x01, 0x4d, 0x3c, 0x12, 0x1b, 0x13, 0x0c, 0x03, 0x0d,
  0x26, 0x0d, 0x03, 0x0d, 0x13, 0x18, 0x00, 0x08, 0x00, 0x24, 0xff, 0xd0,
  0x03, 0xc4, 0x03, 0x48, 0x00, 0x03, 0x00, 0x07, 0x00, 0x0b, 0x00, 0x0f,
  0x00, 0x13, 0x00, 0x22, 0x00, 0x31, 0x00, 0x35, 0x00, 0x00, 0x65, 0x15,
  0x21, 0x35, 0x25, 0x15, 0x21, 0x35, 0x25, 0x21, 0x11, 0x21, 0x03, 0x21,
  0x15, 0x21, 0x25, 0x33, 0x11, 0x23, 0x03, 0x17, 0x0e, 0x03, 0x07, 0x2e,
  0x02, 0x27, 0x3e, 0x03, 0x37, 0x1e, 0x03, 0x17, 0x0e, 0x02, 0x07, 0x2e,
  0x03, 0x27, 0x01, 0x21, 0x15, 0x21, 0x01, 0x27, 0x01, 0x95, 0xfe, 0x6b,
  0x01, 0x95, 0xfe, 0x21, 0x02, 0x2d, 0xfd, 0xd3, 0xa4, 0x03, 0x77, 0xfc,
  0x89, 0x01, 0x93, 0x4a, 0x4a, 0x2b, 0x3e, 0x21, 0x5a, 0x69, 0x6f, 0x37,
  0x05, 0x12, 0x12, 0x08, 0x35, 0x6e, 0x66, 0x56, 0xbd, 0x1e, 0x57, 0x68,
  0x70, 0x37, 0x08, 0x13, 0x11, 0x06, 0x38, 0x70, 0x6a, 0x5b, 0x22, 0xfe,
  0x47, 0x03, 0x58, 0xfc, 0xa8, 0xda, 0x54, 0x54, 0x86, 0x52, 0x52, 0x36,
  0xfe, 0xba, 0x02, 0x79, 0x42, 0xc1, 0xfe, 0x6d, 0x01, 0x00, 0x19, 0x30,
  0x5b, 0x4f, 0x40, 0x16, 0x0a, 0x15, 0x16, 0x07, 0x13, 0x39, 0x47, 0x50,
  0x2a, 0x29, 0x4e, 0x44, 0x37, 0x11, 0x07, 0x16, 0x17, 0x0a, 0x15, 0x3e,
  0x4d, 0x59, 0x2f, 0xfd, 0x78, 0x44, 0x00, 0x09, 0x00, 0x18, 0xff, 0xb1,
  0x03, 0xbd, 0x03, 0x48, 0x00, 0x03, 0x00, 0x07, 0x00, 0x19, 0x00, 0x23,
  0x00, 0x2f, 0x00, 0x33, 0x00, 0x37, 0x00, 0x45, 0x00, 0x51, 0x00, 0x00,
  0x41, 0x21, 0x15, 0x21, 0x07, 0x21, 0x15, 0x21, 0x37, 0x33, 0x11, 0x14,
  0x06, 0x07, 0x06, 0x06, 0x23, 0x26, 0x26, 0x27, 0x16, 0x32, 0x33, 0x36,
  0x36, 0x35, 0x13, 0x37, 0x1e, 0x02, 0x17, 0x07, 0x2e, 0x02, 0x25, 0x17,
  0x0e, 0x02, 0x07, 0x2e, 0x02, 0x27, 0x36, 0x36, 0x01, 0x21, 0x15, 0x21,
  0x13, 0x33, 0x11, 0x23, 0x03, 0x17, 0x0e, 0x03, 0x07, 0x2e, 0x02, 0x27,
  0x3e, 0x02, 0x37, 0x1e, 0x03, 0x17, 0x07, 0x2e, 0x03, 0x27, 0x01, 0xd2,
  0x01, 0xb4, 0xfe, 0x4c, 0x2c, 0x02, 0x16, 0xfd, 0xea, 0xd6, 0x4c, 0x10,
  0x16, 0x16, 0x47, 0x34, 0x02, 0x0e, 0x08, 0x27, 0x3f, 0x0a, 0x0b, 0x08,
  0x8f, 0x40, 0x19, 0x2d, 0x24, 0x08, 0x45, 0x08, 0x21, 0x2c, 0xfe, 0xc8,
  0x45, 0x0f, 0x2b, 0x32, 0x1b, 0x07, 0x16, 0x17, 0x09, 0x2a, 0x42, 0xfe,
  0x59, 0x01, 0x67, 0xfe, 0x99, 0x99, 0x4b, 0x4b, 0x09, 0x33, 0x0d, 0x25,
  0x2f, 0x35, 0x1c, 0x04, 0x0f, 0x10, 0x07, 0x22, 0x43, 0x35, 0x5e, 0x09,
  0x27, 0x2e, 0x26, 0x08, 0x2c, 0x0a, 0x23, 0x29, 0x25, 0x0b, 0x02, 0xfc,
  0x47, 0xa8, 0x47, 0x24, 0xfe, 0x27, 0x20, 0x25, 0x0a, 0x09, 0x05, 0x11,
  0x2b, 0x11, 0x01, 0x01, 0x07, 0x0a, 0x01, 0x33, 0x14, 0x31, 0x6f, 0x68,
  0x28, 0x19, 0x28, 0x6a, 0x71, 0x43, 0x0f, 0x3a, 0x71, 0x64, 0x26, 0x05,
  0x0f, 0x0f, 0x04, 0x36, 0x98, 0x01, 0x6d, 0x46, 0x01, 0x1a, 0xfc, 0x69,
  0x02, 0x99, 0x10, 0x37, 0x78, 0x73, 0x64, 0x23, 0x0a, 0x1a, 0x19, 0x09,
  0x29, 0x7c, 0x8e, 0x0f, 0x0a, 0x31, 0x3a, 0x31, 0x0b, 0x3b, 0x11, 0x39,
  0x3e, 0x34, 0x0e, 0x00, 0x00, 0x0a, 0x00, 0x1f, 0xff, 0xb1, 0x03, 0xb3,
  0x03, 0x4b, 0x00, 0x03, 0x00, 0x07, 0x00, 0x0b, 0x00, 0x0f, 0x00, 0x17,
  0x00, 0x20, 0x00, 0x24, 0x00, 0x28, 0x00, 0x37, 0x00, 0x43, 0x00, 0x00,
  0x41, 0x21, 0x15, 0x21, 0x17, 0x21, 0x15, 0x21, 0x07, 0x21, 0x15, 0x21,
  0x01, 0x33, 0x11, 0x23, 0x03, 0x37, 0x16, 0x16, 0x17, 0x07, 0x26, 0x26,
  0x25, 0x17, 0x06, 0x06, 0x07, 0x27, 0x3e, 0x02, 0x05, 0x21, 0x15, 0x21,
  0x13, 0x33, 0x11, 0x23, 0x13, 0x17, 0x0e, 0x03, 0x07, 0x2e, 0x02, 0x27,
  0x3e, 0x03, 0x17, 0x1e, 0x03, 0x17, 0x07, 0x2e, 0x03, 0x27, 0x01, 0x8f,
  0x02, 0x11, 0xfd, 0xef, 0x1f, 0x01, 0xd1, 0xfe, 0x2f, 0x45, 0x02, 0x4a,
  0xfd, 0xb6, 0x01, 0x07, 0x4b, 0x4b, 0xb7, 0x42, 0x1a, 0x33, 0x0b, 0x46,
  0x0a, 0x30, 0x01, 0x63, 0x4c, 0x1b, 0x3f, 0x1b, 0x40, 0x13, 0x27, 0x23,
  0xfd, 0x0d, 0x01, 0x32, 0xfe, 0xce, 0x80, 0x48, 0x48, 0x05, 0x2d, 0x0b,
  0x22, 0x2a, 0x31, 0x1a, 0x03, 0x0f, 0x0f, 0x07, 0x19, 0x2f, 0x2a, 0x20,
  0x49, 0x09, 0x22, 0x28, 0x21, 0x07, 0x2f, 0x08, 0x1d, 0x23, 0x1f, 0x0a,
  0x02, 0x88, 0x45, 0x8a, 0x45, 0x8d, 0x47, 0x01, 0xce, 0xfd, 0x43, 0x03,
  0x7a, 0x19, 0x25, 0x58, 0x21, 0x1d, 0x20, 0x5c, 0x46, 0x1a, 0x37, 0x73,
  0x28, 0x17, 0x1d, 0x49, 0x4e, 0xa3, 0x46, 0x01, 0x07, 0xfc, 0x69, 0x02,
  0xa9, 0x10, 0x3c, 0x83, 0x7d, 0x6c, 0x26, 0x0b, 0x1b, 0x1a, 0x09, 0x21,
  0x5f, 0x6e, 0x72, 0x08, 0x0a, 0x34, 0x3d, 0x34, 0x0b, 0x38, 0x14, 0x3a,
  0x40, 0x37, 0x10, 0x00, 0x00, 0x0b, 0x00, 0x21, 0xff, 0xaf, 0x03, 0xc3,
  0x03, 0x4c, 0x00, 0x09, 0x00, 0x16, 0x00, 0x23, 0x00, 0x27, 0x00, 0x3f,
  0x00, 0x4a, 0x00, 0x52, 0x00, 0x56, 0x00, 0x5a, 0x00, 0x69, 0x00, 0x75,
  0x00, 0x00, 0x65, 0x37, 0x1e, 0x02, 0x17, 0x07, 0x2e, 0x02, 0x13, 0x17,
  0x0e, 0x02, 0x07, 0x2e, 0x02, 0x27, 0x3e, 0x02, 0x17, 0x17, 0x0e, 0x02,
  0x07, 0x2e, 0x02, 0x27, 0x3e, 0x02, 0x01, 0x21, 0x15, 0x21, 0x13, 0x2e,
  0x02, 0x27, 0x36, 0x36, 0x37, 0x3e, 0x03, 0x37, 0x33, 0x0e, 0x03, 0x07,
  0x30, 0x0e, 0x03, 0x15, 0x27, 0x37, 0x25, 0x06, 0x06, 0x07, 0x0e, 0x03,
  0x13, 0x37, 0x16, 0x16, 0x17, 0x07, 0x26, 0x26, 0x05, 0x21, 0x15, 0x21,
  0x13, 0x33, 0x11, 0x23, 0x13, 0x17, 0x0e, 0x03, 0x07, 0x2e, 0x02, 0x27,
  0x3e, 0x03, 0x17, 0x1e, 0x03, 0x17, 0x07, 0x2e, 0x03, 0x27, 0x02, 0xb7,
  0x36, 0x25, 0x51, 0x49, 0x17, 0x39, 0x16, 0x47, 0x51, 0x35, 0x47, 0x2b,
  0x7f, 0x9d, 0x58, 0x05, 0x0e, 0x10, 0x08, 0x54, 0x97, 0x75, 0x6c, 0x4e,
  0x36, 0xa2, 0xcf, 0x79, 0x04, 0x10, 0x11, 0x07, 0x75, 0xc7, 0x97, 0xfe,
  0x62, 0x02, 0x2c, 0xfd, 0xd4, 0x26, 0x02, 0x07, 0x09, 0x04, 0x0f, 0x26,
  0x0c, 0x09, 0x23, 0x28, 0x24, 0x09, 0x52, 0x0f, 0x2a, 0x2e, 0x2b, 0x10,
  0x13, 0x1b, 0x1b, 0x13, 0x01, 0x29, 0x01, 0x19, 0x06, 0x0e, 0x03, 0x5b,
  0x6f, 0x3c, 0x1c, 0xa6, 0x46, 0x13, 0x23, 0x05, 0x4a, 0x06, 0x1e, 0xfd,
  0xc2, 0x01, 0x3f, 0xfe, 0xc1, 0x86, 0x48, 0x48, 0x01, 0x2e, 0x0c, 0x23,
  0x2b, 0x32, 0x1a, 0x04, 0x0e, 0x0f, 0x07, 0x19, 0x30, 0x2b, 0x22, 0x4c,
  0x09, 0x22, 0x27, 0x22, 0x07, 0x2e, 0x08, 0x1d, 0x22, 0x1f, 0x0a, 0x7b,
  0x2c, 0x1c, 0x43, 0x41, 0x1a, 0x33, 0x1b, 0x43, 0x47, 0x01, 0xc6, 0x18,
  0x4d, 0x8f, 0x78, 0x2a, 0x08, 0x16, 0x14, 0x07, 0x27, 0x6f, 0x83, 0x6f,
  0x1c, 0x5d, 0xa1, 0x7f, 0x2a, 0x09, 0x17, 0x17, 0x07, 0x26, 0x75, 0x96,
  0x01, 0xa1, 0x45, 0xfe, 0xf2, 0x0a, 0x1a, 0x1b, 0x09, 0x03, 0x0c, 0x0d,
  0x0a, 0x33, 0x40, 0x3c, 0x11, 0x19, 0x44, 0x49, 0x42, 0x17, 0x05, 0x0a,
  0x0d, 0x0c, 0x07, 0x38, 0x16, 0x0f, 0x0e, 0x26, 0x0b, 0x06, 0x09, 0x06,
  0x06, 0x01, 0xc7, 0x16, 0x1f, 0x4d, 0x1c, 0x1a, 0x1c, 0x4f, 0x8e, 0x46,
  0x01, 0x07, 0xfc, 0x69, 0x02, 0xa9, 0x10, 0x3d, 0x82, 0x7d, 0x6c, 0x26,
  0x0b, 0x1b, 0x1a, 0x09, 0x21, 0x5f, 0x6e, 0x72, 0x06, 0x0a, 0x33, 0x3d,
  0x33, 0x0c, 0x35, 0x13, 0x3a, 0x40, 0x35, 0x10, 0x00, 0x0a, 0x00, 0x22,
  0xff, 0xb1, 0x03, 0xcc, 0x03, 0x4e, 0x00, 0x03, 0x00, 0x0b, 0x00, 0x0f,
  0x00, 0x13, 0x00, 0x20, 0x00, 0x2d, 0x00, 0x3a, 0x00, 0x45, 0x00, 0x4d,
  0x00, 0x57, 0x00, 0x00, 0x41, 0x33, 0x11, 0x23, 0x01, 0x21, 0x15, 0x23,
  0x35, 0x21, 0x15, 0x23, 0x07, 0x21, 0x15, 0x21, 0x03, 0x21, 0x15, 0x21,
  0x25, 0x17, 0x0e, 0x02, 0x07, 0x2e, 0x02, 0x27, 0x3e, 0x02, 0x37, 0x1e,
  0x02, 0x17, 0x0e, 0x02, 0x07, 0x2e, 0x02, 0x27, 0x13, 0x17, 0x0e, 0x03,
  0x07, 0x26, 0x26, 0x27, 0x3e, 0x02, 0x05, 0x37, 0x1e, 0x03, 0x17, 0x07,
  0x2e, 0x02, 0x13, 0x37, 0x16, 0x16, 0x17, 0x07, 0x26, 0x26, 0x01, 0x3e,
  0x02, 0x37, 0x17, 0x0e, 0x02, 0x07, 0x01, 0xcc, 0x4b, 0x4b, 0xfe, 0x84,
  0x03, 0x4d, 0x49, 0xfd, 0x43, 0x47, 0x10, 0x03, 0x6c, 0xfc, 0x94, 0x0c,
  0x03, 0x81, 0xfc, 0x7f, 0x01, 0x7d, 0x37, 0x2c, 0x85, 0x9a, 0x4c, 0x05,
  0x11, 0x11, 0x08, 0x4c, 0x98, 0x82, 0xad, 0x2b, 0x85, 0x9b, 0x4c, 0x07,
  0x13, 0x11, 0x05, 0x4c, 0x9c, 0x88, 0x2e, 0xb1, 0x45, 0x24, 0x77, 0xa6,
  0xd7, 0x83, 0x04, 0x10, 0x08, 0xa8, 0xf9, 0xa7, 0xfe, 0x39, 0x35, 0x5f,
  0xbd, 0xb1, 0x99, 0x3c, 0x3f, 0x4a, 0xd0, 0xf8, 0x6b, 0x3f, 0x10, 0x22,
  0x0a, 0x42, 0x08, 0x22, 0xff, 0x00, 0x26, 0x55, 0x4f, 0x1c, 0x43, 0x1d,
  0x4f, 0x50, 0x22, 0x01, 0x39, 0xfe, 0x78, 0x03, 0x4c, 0x90, 0x50, 0x50,
  0x19, 0x3d, 0xfe, 0xcf, 0x40, 0x1f, 0x1a, 0x34, 0x5e, 0x47, 0x14, 0x09,
  0x16, 0x16, 0x08, 0x10, 0x3d, 0x51, 0x2d, 0x2d, 0x50, 0x3d, 0x11, 0x07,
  0x17, 0x17, 0x0a, 0x15, 0x48, 0x5e, 0x36, 0x01, 0x90, 0x15, 0x44, 0x60,
  0x3f, 0x25, 0x0a, 0x0f, 0x22, 0x0c, 0x09, 0x31, 0x62, 0x44, 0x30, 0x0e,
  0x23, 0x27, 0x29, 0x13, 0x35, 0x1c, 0x37, 0x32, 0x01, 0xa0, 0x17, 0x16,
  0x38, 0x13, 0x1b, 0x15, 0x39, 0xfe, 0x8b, 0x23, 0x58, 0x60, 0x2b, 0x16,
  0x2a, 0x5a, 0x4f, 0x1d, 0x00, 0x0b, 0x00, 0x21, 0xff, 0xb1, 0x03, 0xc6,
  0x03, 0x4f, 0x00, 0x03, 0x00, 0x07, 0x00, 0x16, 0x00, 0x22, 0x00, 0x30,
  0x00, 0x3d, 0x00, 0x41, 0x00, 0x4b, 0x00, 0x55, 0x00, 0x60, 0x00, 0x64,
  0x00, 0x00, 0x53, 0x21, 0x15, 0x21, 0x13, 0x33, 0x11, 0x23, 0x03, 0x17,
  0x0e, 0x03, 0x07, 0x2e, 0x02, 0x27, 0x3e, 0x03, 0x17, 0x1e, 0x03, 0x17,
  0x07, 0x2e, 0x03, 0x27, 0x01, 0x1e, 0x03, 0x17, 0x0e, 0x02, 0x07, 0x2e,
  0x02, 0x27, 0x37, 0x17, 0x0e, 0x02, 0x07, 0x2e, 0x02, 0x27, 0x3e, 0x02,
  0x07, 0x21, 0x15, 0x21, 0x07, 0x37, 0x1e, 0x02, 0x17, 0x07, 0x2e, 0x02,
  0x37, 0x37, 0x1e, 0x02, 0x17, 0x07, 0x2e, 0x02, 0x37, 0x17, 0x0e, 0x02,
  0x07, 0x27, 0x3e, 0x03, 0x01, 0x21, 0x15, 0x21, 0x31, 0x01, 0x2f, 0xfe,
  0xd1, 0x82, 0x45, 0x45, 0x02, 0x2d, 0x0a, 0x1f, 0x28, 0x2d, 0x19, 0x04,
  0x0d, 0x0f, 0x06, 0x16, 0x2c, 0x26, 0x1f, 0x4d, 0x07, 0x21, 0x27, 0x1f,
  0x06, 0x2d, 0x08, 0x1d, 0x20, 0x1e, 0x09, 0x01, 0xc0, 0x18, 0x48, 0x54,
  0x59, 0x29, 0x07, 0x0f, 0x0c, 0x05, 0x3a, 0x7b, 0x6c, 0x25, 0x17, 0x42,
  0x26, 0x6b, 0x7c, 0x41, 0x04, 0x11, 0x11, 0x07, 0x3f, 0x76, 0x62, 0x7a,
  0x01, 0x53, 0xfe, 0xad, 0x47, 0x3b, 0x0f, 0x1b, 0x15, 0x04, 0x3e, 0x03,
  0x15, 0x1a, 0xb4, 0x3b, 0x0a, 0x12, 0x0d, 0x03, 0x3f, 0x02, 0x0c, 0x11,
  0xf2, 0x43, 0x18, 0x3b, 0x3c, 0x1c, 0x37, 0x15, 0x2c, 0x2b, 0x26, 0xfe,
  0x1a, 0x02, 0x53, 0xfd, 0xad, 0x02, 0x8a, 0x46, 0x01, 0x04, 0xfc, 0x69,
  0x02, 0xac, 0x0f, 0x3b, 0x80, 0x7a, 0x69, 0x26, 0x0b, 0x1b, 0x1a, 0x09,
  0x21, 0x5c, 0x6b, 0x6f, 0x0b, 0x0b, 0x33, 0x3d, 0x33, 0x0c, 0x35, 0x13,
  0x3a, 0x40, 0x37, 0x0e, 0x01, 0x25, 0x26, 0x51, 0x4e, 0x43, 0x18, 0x08,
  0x19, 0x19, 0x0a, 0x27, 0x6a, 0x78, 0x37, 0x4c, 0x18, 0x4d, 0x8d, 0x78,
  0x2d, 0x08, 0x17, 0x17, 0x08, 0x27, 0x6b, 0x81, 0xf7, 0x41, 0x6e, 0x0f,
  0x25, 0x57, 0x53, 0x20, 0x12, 0x21, 0x54, 0x57, 0x42, 0x08, 0x26, 0x56,
  0x52, 0x20, 0x0b, 0x21, 0x53, 0x57, 0x2e, 0x12, 0x3c, 0x86, 0x7e, 0x2f,
  0x11, 0x24, 0x5b, 0x65, 0x62, 0xfe, 0xc6, 0x43, 0x00, 0x0d, 0x00, 0x20,
  0xff, 0xb0, 0x03, 0xc6, 0x03, 0x48, 0x00, 0x03, 0x00, 0x07, 0x00, 0x0b,
  0x00, 0x0f, 0x00, 0x13, 0x00, 0x17, 0x00, 0x1b, 0x00, 0x29, 0x00, 0x34,
  0x00, 0x38, 0x00, 0x3c, 0x00, 0x4b, 0x00, 0x57, 0x00, 0x00, 0x41, 0x21,
  0x15, 0x21, 0x03, 0x21, 0x15, 0x21, 0x13, 0x33, 0x15, 0x23, 0x37, 0x33,
  0x15, 0x23, 0x05, 0x15, 0x21, 0x35, 0x25, 0x15, 0x21, 0x35, 0x25, 0x21,
  0x11, 0x21, 0x37, 0x33, 0x0e, 0x03, 0x07, 0x26, 0x26, 0x27, 0x3e, 0x03,
  0x17, 0x16, 0x16, 0x17, 0x0e, 0x02, 0x07, 0x26, 0x26, 0x27, 0x01, 0x21,
  0x15, 0x21, 0x13, 0x33, 0x11, 0x23, 0x13, 0x17, 0x0e, 0x03, 0x07, 0x2e,
  0x02, 0x27, 0x3e, 0x03, 0x17, 0x1e, 0x03, 0x17, 0x07, 0x2e, 0x03, 0x27,
  0x01, 0x68, 0x02, 0x49, 0xfd, 0xb7, 0x14, 0x02, 0x5b, 0xfd, 0xa5, 0xa7,
  0x47, 0x47, 0xe1, 0x49, 0x49, 0xfe, 0xfc, 0x01, 0x5c, 0xfe, 0xa4, 0x01,
  0x5c, 0xfe, 0x5e, 0x01, 0xeb, 0xfe, 0x15, 0xcd, 0x49, 0x08, 0x23, 0x46,
  0x79, 0x5e, 0x05, 0x18, 0x0b, 0x57, 0x6d, 0x3e, 0x1e, 0x61, 0x20, 0x8a,
  0x63, 0x07, 0x13, 0x0f, 0x05, 0x6b, 0x90, 0x23, 0xfd, 0xb8, 0x01, 0x2c,
  0xfe, 0xd4, 0x7d, 0x48, 0x48, 0x05, 0x2e, 0x0a, 0x21, 0x28, 0x2e, 0x19,
  0x04, 0x0e, 0x0f, 0x07, 0x17, 0x2d, 0x28, 0x1e, 0x49, 0x09, 0x23, 0x27,
  0x21, 0x07, 0x30, 0x07, 0x1e, 0x22, 0x20, 0x09, 0x02, 0xf5, 0x40, 0xfe,
  0x19, 0x40, 0x02, 0xba, 0xde, 0xde, 0xde, 0xc9, 0x48, 0x48, 0x7d, 0x46,
  0x46, 0x39, 0xfe, 0xca, 0x09, 0x49, 0x78, 0x5e, 0x45, 0x16, 0x0d, 0x24,
  0x0b, 0x12, 0x3a, 0x4f, 0x65, 0x33, 0x4e, 0x68, 0x15, 0x07, 0x16, 0x17,
  0x0a, 0x1d, 0x7f, 0x5f, 0x01, 0xdc, 0x46, 0x01, 0x07, 0xfc, 0x69, 0x02,
  0xa9, 0x10, 0x3c, 0x82, 0x7d, 0x6c, 0x27, 0x0b, 0x1b, 0x1a, 0x09, 0x21,
  0x5f, 0x6e, 0x72, 0x08, 0x0c, 0x37, 0x41, 0x38, 0x0d, 0x36, 0x14, 0x3f,
  0x44, 0x3a, 0x11, 0x00, 0x00, 0x07, 0x00, 0x2a, 0xff, 0xac, 0x03, 0xc1,
  0x03, 0x48, 0x00, 0x0c, 0x00, 0x10, 0x00, 0x20, 0x00, 0x2a, 0x00, 0x34,
  0x00, 0x41, 0x00, 0x54, 0x00, 0x00, 0x41, 0x17, 0x0e, 0x02, 0x07, 0x2e,
  0x02, 0x27, 0x3e, 0x02, 0x17, 0x21, 0x15, 0x21, 0x25, 0x33, 0x37, 0x17,
  0x0e, 0x02, 0x07, 0x2e, 0x02, 0x27, 0x3e, 0x02, 0x37, 0x25, 0x37, 0x1e,
  0x02, 0x17, 0x07, 0x2e, 0x02, 0x03, 0x3e, 0x02, 0x37, 0x17, 0x0e, 0x02,
  0x07, 0x01, 0x1e, 0x02, 0x17, 0x0e, 0x02, 0x07, 0x2e, 0x02, 0x27, 0x27,
  0x33, 0x15, 0x14, 0x0e, 0x03, 0x07, 0x2e, 0x02, 0x27, 0x3e, 0x04, 0x35,
  0x01, 0xc6, 0x50, 0x13, 0x34, 0x40, 0x26, 0x07, 0x1c, 0x1b, 0x0a, 0x27,
  0x3e, 0x31, 0x05, 0x01, 0xad, 0xfe, 0x32, 0x01, 0xb8, 0x0b, 0x0f, 0x37,
  0x0d, 0x24, 0x27, 0x11, 0x08, 0x18, 0x16, 0x0a, 0x10, 0x22, 0x1e, 0x08,
  0xfc, 0xe6, 0x2d, 0x22, 0x4b, 0x42, 0x15, 0x30, 0x14, 0x41, 0x49, 0x32,
  0x1d, 0x48, 0x4b, 0x20, 0x3a, 0x1e, 0x43, 0x45, 0x1f, 0x02, 0x10, 0x15,
  0x51, 0x80, 0x5c, 0x08, 0x14, 0x11, 0x05, 0x61, 0x84, 0x53, 0x19, 0x05,
  0x50, 0x0c, 0x26, 0x4d, 0x80, 0x61, 0x05, 0x15, 0x15, 0x0a, 0x5c, 0x79,
  0x47, 0x23, 0x0a, 0x03, 0x48, 0x0f, 0x55, 0xa2, 0x8d, 0x35, 0x06, 0x11,
  0x0f, 0x04, 0x32, 0x84, 0x98, 0x5a, 0x4a, 0x4a, 0x04, 0x1e, 0x31, 0x64,
  0x59, 0x23, 0x05, 0x0b, 0x0c, 0x04, 0x1f, 0x56, 0x5c, 0x27, 0x42, 0x36,
  0x12, 0x2e, 0x2f, 0x15, 0x3d, 0x15, 0x32, 0x32, 0xfd, 0x8e, 0x25, 0x65,
  0x71, 0x37, 0x32, 0x33, 0x6c, 0x68, 0x2d, 0x01, 0xab, 0x6d, 0xb6, 0x83,
  0x21, 0x07, 0x18, 0x19, 0x0a, 0x29, 0x91, 0xc9, 0x7b, 0x6e, 0x3f, 0x31,
  0x72, 0x79, 0x79, 0x72, 0x31, 0x09, 0x16, 0x15, 0x06, 0x2d, 0x68, 0x6d,
  0x6d, 0x65, 0x2b, 0x00, 0x00, 0x08, 0x00, 0x19, 0xff, 0xae, 0x03, 0xcb,
  0x03, 0x47, 0x00, 0x03, 0x00, 0x13, 0x00, 0x1f, 0x00, 0x23, 0x00, 0x2f,
  0x00, 0x3b, 0x00, 0x48, 0x00, 0x59, 0x00, 0x00, 0x53, 0x21, 0x15, 0x21,
  0x25, 0x33, 0x37, 0x17, 0x06, 0x02, 0x06, 0x07, 0x26, 0x26, 0x27, 0x3e,
  0x03, 0x37, 0x05, 0x37, 0x1e, 0x03, 0x17, 0x07, 0x2e, 0x03, 0x25, 0x21,
  0x15, 0x21, 0x27, 0x17, 0x06, 0x06, 0x07, 0x2e, 0x02, 0x27, 0x3e, 0x02,
  0x05, 0x33, 0x37, 0x17, 0x06, 0x06, 0x07, 0x27, 0x3e, 0x02, 0x37, 0x07,
  0x1e, 0x02, 0x17, 0x0e, 0x02, 0x07, 0x2e, 0x02, 0x27, 0x35, 0x33, 0x15,
  0x14, 0x0e, 0x02, 0x07, 0x2e, 0x02, 0x27, 0x3e, 0x03, 0x35, 0x32, 0x01,
  0x49, 0xfe, 0xb7, 0x01, 0x34, 0x0c, 0x0d, 0x2e, 0x17, 0x64, 0x8f, 0x57,
  0x08, 0x1f, 0x0c, 0x3d, 0x6b, 0x57, 0x3f, 0x0f, 0xfe, 0xcf, 0x35, 0x2b,
  0x5a, 0x54, 0x43, 0x14, 0x3c, 0x14, 0x42, 0x50, 0x59, 0x01, 0xc6, 0x01,
  0x54, 0xfe, 0xac, 0x02, 0x48, 0x12, 0x40, 0x31, 0x06, 0x16, 0x18, 0x09,
  0x20, 0x2f, 0x1f, 0x01, 0x50, 0x0c, 0x0c, 0x32, 0x0d, 0x25, 0x12, 0x3c,
  0x0a, 0x14, 0x12, 0x06, 0xb2, 0x12, 0x43, 0x6e, 0x51, 0x09, 0x13, 0x11,
  0x06, 0x55, 0x72, 0x45, 0x14, 0x47, 0x11, 0x39, 0x76, 0x65, 0x05, 0x13,
  0x14, 0x09, 0x60, 0x6f, 0x35, 0x0f, 0x02, 0xd5, 0x44, 0x44, 0x03, 0x0f,
  0xb0, 0xfe, 0xe7, 0xce, 0x3f, 0x0d, 0x23, 0x09, 0x28, 0x82, 0xac, 0xce,
  0x74, 0x9e, 0x29, 0x37, 0x7d, 0x7e, 0x74, 0x2e, 0x32, 0x30, 0x76, 0x81,
  0x7e, 0xc3, 0x45, 0xdb, 0x0a, 0x79, 0xd5, 0x4a, 0x06, 0x11, 0x0f, 0x05,
  0x2d, 0x77, 0x8a, 0x4d, 0x02, 0x0e, 0x39, 0x7b, 0x29, 0x13, 0x1a, 0x44,
  0x4a, 0x21, 0xd9, 0x6e, 0xbd, 0x8c, 0x25, 0x07, 0x16, 0x19, 0x09, 0x2d,
  0x99, 0xcf, 0x7d, 0x6e, 0x47, 0x3f, 0x91, 0x98, 0x94, 0x3f, 0x08, 0x14,
  0x12, 0x06, 0x3b, 0x87, 0x8b, 0x83, 0x38, 0x00, 0x00, 0x05, 0x00, 0x34,
  0xff, 0xdd, 0x03, 0xb6, 0x02, 0xff, 0x00, 0x03, 0x00, 0x07, 0x00, 0x0b,
  0x00, 0x0f, 0x00, 0x13, 0x00, 0x00, 0x53, 0x21, 0x15, 0x21, 0x01, 0x21,
  0x15, 0x21, 0x01, 0x21, 0x15, 0x21, 0x01, 0x33, 0x11, 0x23, 0x01, 0x33,
  0x11, 0x23, 0x5a, 0x03, 0x3b, 0xfc, 0xc5, 0x01, 0xb1, 0x01, 0x63, 0xfe,
  0x9d, 0xfe, 0x29, 0x03, 0x82, 0xfc, 0x7e, 0x01, 0xb2, 0x4f, 0x4f, 0xfe,
  0xd6, 0x4d, 0x4d, 0x02, 0xff, 0x4a, 0xfe, 0xf5, 0x49, 0xfe, 0xc5, 0x49,
  0x03, 0x06, 0xfd, 0x1f, 0x01, 0xfc, 0xfe, 0x01, 0x00, 0x07, 0x00, 0x33,
  0xff, 0xb5, 0x03, 0xa9, 0x03, 0x48, 0x00, 0x0b, 0x00, 0x18, 0x00, 0x1c,
  0x00, 0x20, 0x00, 0x24, 0x00, 0x28, 0x00, 0x2c, 0x00, 0x00, 0x41, 0x17,
  0x0e, 0x02, 0x07, 0x2e, 0x02, 0x27, 0x36, 0x36, 0x25, 0x17, 0x0e, 0x03,
  0x07, 0x26, 0x26, 0x27, 0x36, 0x24, 0x36, 0x25, 0x21, 0x15, 0x21, 0x01,
  0x21, 0x15, 0x21, 0x27, 0x33, 0x11, 0x23, 0x01, 0x33, 0x11, 0x23, 0x17,
  0x33, 0x11, 0x23, 0x01, 0x23, 0x48, 0x1b, 0x48, 0x50, 0x27, 0x06, 0x14,
  0x15, 0x09, 0x38, 0x6f, 0x02, 0x14, 0x47, 0x31, 0x91, 0xc0, 0xef, 0x90,
  0x06, 0x15, 0x0c, 0xba, 0x01, 0x20, 0xcb, 0xfd, 0x64, 0x03, 0x6d, 0xfc,
  0x93, 0x01, 0xce, 0x01, 0x44, 0xfe, 0xbc, 0x32, 0x4f, 0x4f, 0xfe, 0xfa,
  0x4c, 0x4c, 0xff, 0x4f, 0x4f, 0x01, 0xa4, 0x18, 0x2f, 0x5a, 0x51, 0x1f,
  0x07, 0x16, 0x16, 0x06, 0x28, 0x73, 0x34, 0x22, 0x61, 0x96, 0x6d, 0x4a,
  0x16, 0x11, 0x28, 0x0f, 0x19, 0x67, 0xa6, 0xf4, 0x48, 0x01, 0x0e, 0x46,
  0xb1, 0xfe, 0xa7, 0x01, 0x0b, 0xfe, 0xf9, 0x11, 0xfe, 0xb0, 0x00, 0x0b,
  0x00, 0x21, 0xff, 0xac, 0x03, 0xc1, 0x03, 0x4e, 0x00, 0x03, 0x00, 0x07,
  0x00, 0x0b, 0x00, 0x0f, 0x00, 0x1b, 0x00, 0x24, 0x00, 0x30, 0x00, 0x3f,
  0x00, 0x4f, 0x00, 0x53, 0x00, 0x6e, 0x00, 0x00, 0x41, 0x33, 0x15, 0x23,
  0x03, 0x21, 0x15, 0x21, 0x01, 0x21, 0x15, 0x21, 0x15, 0x21, 0x15, 0x21,
  0x25, 0x1e, 0x02, 0x17, 0x0e, 0x02, 0x07, 0x26, 0x26, 0x27, 0x05, 0x3e,
  0x02, 0x37, 0x17, 0x06, 0x06, 0x07, 0x01, 0x17, 0x0e, 0x02, 0x07, 0x26,
  0x26, 0x27, 0x3e, 0x02, 0x17, 0x33, 0x15, 0x14, 0x06, 0x06, 0x07, 0x2e,
  0x02, 0x27, 0x3e, 0x02, 0x35, 0x01, 0x33, 0x37, 0x17, 0x0e, 0x02, 0x07,
  0x2e, 0x02, 0x27, 0x3e, 0x02, 0x37, 0x01, 0x17, 0x11, 0x23, 0x01, 0x33,
  0x15, 0x14, 0x16, 0x33, 0x3a, 0x02, 0x33, 0x32, 0x36, 0x37, 0x16, 0x16,
  0x17, 0x06, 0x06, 0x23, 0x2a, 0x02, 0x23, 0x22, 0x26, 0x26, 0x35, 0x02,
  0x46, 0xbc, 0xbc, 0x73, 0x01, 0x69, 0xfe, 0x97, 0xfe, 0xc0, 0x01, 0x0d,
  0xfe, 0xf3, 0x01, 0x0c, 0xfe, 0xf4, 0x01, 0x9e, 0x21, 0x71, 0x9d, 0x61,
  0x08, 0x13, 0x0f, 0x06, 0x96, 0xd0, 0x36, 0xfe, 0x2c, 0x32, 0x81, 0x92,
  0x49, 0x04, 0x68, 0xce, 0x4f, 0x01, 0x51, 0x3e, 0x2a, 0x66, 0x6a, 0x32,
  0x03, 0x10, 0x06, 0x2f, 0x62, 0x58, 0xb9, 0x46, 0x15, 0x38, 0x37, 0x05,
  0x13, 0x15, 0x08, 0x32, 0x31, 0x10, 0x01, 0x12, 0x0f, 0x0d, 0x2f, 0x20,
  0x83, 0xb6, 0x6d, 0x04, 0x0d, 0x0f, 0x08, 0x66, 0xaa, 0x79, 0x1a, 0xfd,
  0x4a, 0x49, 0x49, 0x02, 0x76, 0x45, 0x07, 0x0a, 0x07, 0x1b, 0x1d, 0x05,
  0x0a, 0x1c, 0x09, 0x01, 0x02, 0x02, 0x08, 0x1c, 0x0f, 0x06, 0x20, 0x1f,
  0x06, 0x21, 0x23, 0x0c, 0x03, 0x23, 0x41, 0xfe, 0xa0, 0x41, 0x01, 0x13,
  0x43, 0x89, 0x44, 0x03, 0x54, 0x88, 0x61, 0x17, 0x08, 0x17, 0x18, 0x09,
  0x2b, 0xc8, 0x90, 0x99, 0x06, 0x13, 0x16, 0x0b, 0x41, 0x12, 0x21, 0x0e,
  0x02, 0xf9, 0x39, 0x12, 0x23, 0x1e, 0x0d, 0x0c, 0x22, 0x0c, 0x0d, 0x1f,
  0x23, 0x1b, 0x7b, 0x2c, 0x64, 0x5d, 0x25, 0x07, 0x13, 0x11, 0x05, 0x22,
  0x4d, 0x51, 0x24, 0xfe, 0xd8, 0x03, 0x11, 0x84, 0xb4, 0x70, 0x20, 0x0a,
  0x18, 0x17, 0x07, 0x19, 0x63, 0x9e, 0x70, 0x01, 0x79, 0x19, 0xfc, 0xe8,
  0x03, 0x65, 0xfe, 0x14, 0x0e, 0x02, 0x02, 0x0d, 0x22, 0x0b, 0x03, 0x02,
  0x13, 0x29, 0x22, 0x00, 0x00, 0x05, 0x00, 0x27, 0xff, 0xaf, 0x03, 0xcf,
  0x03, 0x46, 0x00, 0x03, 0x00, 0x16, 0x00, 0x26, 0x00, 0x35, 0x00, 0x3f,
  0x00, 0x00, 0x53, 0x21, 0x15, 0x21, 0x01, 0x33, 0x11, 0x14, 0x06, 0x07,
  0x06, 0x06, 0x23, 0x2e, 0x02, 0x27, 0x16, 0x16, 0x37, 0x36, 0x36, 0x35,
  0x03, 0x33, 0x37, 0x17, 0x0e, 0x02, 0x07, 0x2e, 0x02, 0x27, 0x3e, 0x02,
  0x37, 0x37, 0x1e, 0x03, 0x17, 0x0e, 0x02, 0x07, 0x2e, 0x03, 0x27, 0x25,
  0x17, 0x0e, 0x02, 0x07, 0x27, 0x3e, 0x02, 0x47, 0x01, 0x1a, 0xfe, 0xe6,
  0x01, 0x87, 0x50, 0x13, 0x17, 0x17, 0x4c, 0x3a, 0x02, 0x09, 0x0b, 0x07,
  0x2b, 0x47, 0x0c, 0x0c, 0x0a, 0x85, 0x0f, 0x0e, 0x31, 0x18, 0x5b, 0x79,
  0x47, 0x06, 0x16, 0x18, 0x09, 0x46, 0x74, 0x53, 0x15, 0xcf, 0x1f, 0x5b,
  0x71, 0x84, 0x48, 0x08, 0x16, 0x13, 0x07, 0x49, 0x84, 0x71, 0x5a, 0x21,
  0x01, 0x53, 0x44, 0x23, 0x53, 0x53, 0x24, 0x34, 0x23, 0x51, 0x4d, 0x02,
  0x48, 0x4c, 0x01, 0x4a, 0xfc, 0xd1, 0x26, 0x28, 0x0a, 0x0a, 0x06, 0x0b,
  0x1e, 0x1e, 0x0b, 0x01, 0x01, 0x01, 0x01, 0x08, 0x0d, 0x02, 0x32, 0x03,
  0x13, 0x83, 0xd4, 0x9d, 0x32, 0x09, 0x17, 0x15, 0x05, 0x2e, 0x8e, 0xbd,
  0x71, 0x2d, 0x51, 0x9d, 0x8a, 0x6d, 0x21, 0x08, 0x18, 0x1a, 0x0b, 0x27,
  0x78, 0x96, 0xab, 0x5b, 0x39, 0x30, 0x28, 0x58, 0x4f, 0x1e, 0x29, 0x1f,
  0x54, 0x5a, 0x00, 0x08, 0x00, 0x2a, 0xff, 0xbb, 0x03, 0xc2, 0x03, 0x4c,
  0x00, 0x03, 0x00, 0x07, 0x00, 0x0b, 0x00, 0x0f, 0x00, 0x19, 0x00, 0x23,
  0x00, 0x2d, 0x00, 0x35, 0x00, 0x00, 0x41, 0x21, 0x15, 0x21, 0x03, 0x21,
  0x15, 0x21, 0x13, 0x21, 0x15, 0x21, 0x25, 0x33, 0x11, 0x23, 0x01, 0x37,
  0x1e, 0x02, 0x17, 0x07, 0x2e, 0x02, 0x03, 0x37, 0x1e, 0x02, 0x17, 0x07,
  0x2e, 0x02, 0x03, 0x3e, 0x02, 0x37, 0x17, 0x0e, 0x02, 0x07, 0x01, 0x37,
  0x16, 0x16, 0x17, 0x07, 0x26, 0x26, 0x01, 0x74, 0x02, 0x12, 0xfd, 0xee,
  0x46, 0x02, 0x94, 0xfd, 0x6c, 0x20, 0x02, 0x5c, 0xfd, 0xa4, 0x01, 0x07,
  0x4e, 0x4e, 0xfe, 0x09, 0x2a, 0x21, 0x47, 0x42, 0x15, 0x2b, 0x15, 0x40,
  0x48, 0x55, 0x29, 0x1f, 0x46, 0x40, 0x15, 0x2a, 0x14, 0x3f, 0x46, 0x03,
  0x1b, 0x43, 0x44, 0x1d, 0x36, 0x1a, 0x3e, 0x40, 0x1e, 0x01, 0x9e, 0x44,
  0x1a, 0x32, 0x0c, 0x49, 0x0a, 0x2f, 0x01, 0x61, 0x48, 0xfe, 0xfe, 0x48,
  0x02, 0xba, 0x47, 0x1f, 0xfd, 0x93, 0x03, 0x12, 0x36, 0x0e, 0x25, 0x26,
  0x0f, 0x3e, 0x10, 0x29, 0x28, 0xfe, 0xfa, 0x38, 0x0d, 0x25, 0x24, 0x10,
  0x3f, 0x10, 0x27, 0x27, 0xfe, 0x0c, 0x26, 0x6b, 0x79, 0x39, 0x32, 0x35,
  0x72, 0x6e, 0x2f, 0x03, 0x78, 0x19, 0x26, 0x5b, 0x21, 0x1d, 0x21, 0x5e,
  0x00, 0x09, 0x00, 0x2b, 0xff, 0xb2, 0x03, 0xc0, 0x03, 0x1b, 0x00, 0x03,
  0x00, 0x10, 0x00, 0x14, 0x00, 0x21, 0x00, 0x2b, 0x00, 0x3e, 0x00, 0x4e,
  0x00, 0x52, 0x00, 0x56, 0x00, 0x00, 0x53, 0x21, 0x15, 0x21, 0x25, 0x17,
  0x0e, 0x02, 0x07, 0x2e, 0x02, 0x27, 0x3e, 0x02, 0x01, 0x21, 0x15, 0x21,
  0x25, 0x1e, 0x02, 0x17, 0x0e, 0x02, 0x07, 0x2e, 0x02, 0x27, 0x25, 0x17,
  0x0e, 0x02, 0x07, 0x27, 0x3e, 0x02, 0x25, 0x33, 0x11, 0x14, 0x06, 0x07,
  0x06, 0x06, 0x23, 0x26, 0x26, 0x27, 0x16, 0x16, 0x36, 0x33, 0x32, 0x36,
  0x35, 0x03, 0x33, 0x37, 0x17, 0x0e, 0x02, 0x07, 0x2e, 0x02, 0x27, 0x3e,
  0x02, 0x37, 0x03, 0x15, 0x21, 0x35, 0x25, 0x21, 0x15, 0x21, 0x5c, 0x03,
  0x30, 0xfc, 0xd0, 0x01, 0x2d, 0x45, 0x2c, 0x79, 0x87, 0x44, 0x05, 0x12,
  0x15, 0x07, 0x44, 0x84, 0x70, 0xfe, 0xf6, 0x01, 0x10, 0xfe, 0xf0, 0x01,
  0xc2, 0x29, 0x81, 0xa2, 0x59, 0x08, 0x14, 0x12, 0x06, 0x59, 0xa4, 0x84,
  0x2d, 0x01, 0x54, 0x40, 0x23, 0x50, 0x51, 0x23, 0x31, 0x23, 0x50, 0x4b,
  0xfe, 0xbe, 0x4b, 0x10, 0x16, 0x16, 0x45, 0x32, 0x02, 0x0e, 0x07, 0x18,
  0x2d, 0x21, 0x07, 0x0b, 0x07, 0x7c, 0x10, 0x0e, 0x2e, 0x1c, 0x63, 0x7f,
  0x48, 0x04, 0x0f, 0x11, 0x07, 0x43, 0x75, 0x57, 0x16, 0x0c, 0x01, 0xa0,
  0xfe, 0x16, 0x02, 0x37, 0xfd, 0xc9, 0x03, 0x1b, 0x40, 0x36, 0x19, 0x3b,
  0x68, 0x55, 0x1f, 0x07, 0x16, 0x15, 0x07, 0x1a, 0x4c, 0x5d, 0xfe, 0x58,
  0x44, 0x62, 0x47, 0x7c, 0x5d, 0x19, 0x07, 0x19, 0x1a, 0x0a, 0x1e, 0x6a,
  0x8e, 0x52, 0x19, 0x2f, 0x1b, 0x38, 0x32, 0x12, 0x29, 0x14, 0x36, 0x3a,
  0x52, 0xfe, 0x74, 0x1f, 0x1f, 0x09, 0x08, 0x03, 0x0f, 0x26, 0x0f, 0x01,
  0x01, 0x01, 0x07, 0x09, 0x01, 0x31, 0x02, 0x15, 0x57, 0x85, 0x5c, 0x1d,
  0x09, 0x18, 0x18, 0x07, 0x18, 0x4e, 0x6f, 0x46, 0x01, 0x1f, 0x6b, 0x6b,
  0x3d, 0xe5, 0x00, 0x08, 0x00, 0x2a, 0xff, 0xb1, 0x03, 0xbd, 0x03, 0x44,
  0x00, 0x07, 0x00, 0x14, 0x00, 0x18, 0x00, 0x1c, 0x00, 0x20, 0x00, 0x2a,
  0x00, 0x34, 0x00, 0x3e, 0x00, 0x00, 0x41, 0x21, 0x11, 0x23, 0x11, 0x21,
  0x11, 0x23, 0x01, 0x17, 0x0e, 0x02, 0x07, 0x26, 0x26, 0x27, 0x3e, 0x03,
  0x07, 0x33, 0x11, 0x23, 0x01, 0x21, 0x15, 0x21, 0x13, 0x21, 0x15, 0x21,
  0x01, 0x37, 0x1e, 0x02, 0x17, 0x07, 0x2e, 0x02, 0x03, 0x37, 0x1e, 0x02,
  0x17, 0x07, 0x2e, 0x02, 0x03, 0x3e, 0x02, 0x37, 0x17, 0x0e, 0x02, 0x07,
  0x01, 0x88, 0x01, 0xf3, 0x48, 0xfe, 0x9b, 0x46, 0x01, 0xce, 0x3c, 0x45,
  0xb1, 0xbe, 0x59, 0x03, 0x0d, 0x06, 0x40, 0x8a, 0x82, 0x71, 0xcb, 0x47,
  0x47, 0xfe, 0xdf, 0x02, 0x7d, 0xfd, 0x83, 0x78, 0x01, 0x9c, 0xfe, 0x64,
  0xfe, 0xa3, 0x2a, 0x1f, 0x47, 0x42, 0x15, 0x2c, 0x15, 0x41, 0x46, 0x50,
  0x29, 0x1e, 0x46, 0x41, 0x15, 0x2a, 0x14, 0x40, 0x46, 0x08, 0x1b, 0x43,
  0x44, 0x1d, 0x37, 0x1a, 0x3f, 0x40, 0x1d, 0x01, 0x35, 0xfe, 0x81, 0x01,
  0x3a, 0xfe, 0xc1, 0x03, 0x93, 0x3a, 0x18, 0x24, 0x1a, 0x09, 0x0d, 0x26,
  0x0d, 0x07, 0x12, 0x17, 0x1a, 0x47, 0xfe, 0x1f, 0x01, 0x16, 0x48, 0xfe,
  0x45, 0x44, 0x03, 0x2a, 0x35, 0x0e, 0x26, 0x25, 0x0e, 0x3e, 0x10, 0x27,
  0x29, 0xfe, 0xfd, 0x37, 0x0e, 0x26, 0x24, 0x0e, 0x3e, 0x0e, 0x26, 0x29,
  0xfe, 0x0d, 0x26, 0x6b, 0x79, 0x38, 0x31, 0x35, 0x72, 0x6e, 0x2f, 0x00,
  0x00, 0x0b, 0x00, 0x28, 0xff, 0xb3, 0x03, 0xc4, 0x03, 0x48, 0x00, 0x03,
  0x00, 0x07, 0x00, 0x17, 0x00, 0x21, 0x00, 0x49, 0x00, 0x61, 0x00, 0x6d,
  0x00, 0x75, 0x00, 0x7f, 0x00, 0x89, 0x00, 0x93, 0x00, 0x00, 0x41, 0x21,
  0x15, 0x21, 0x01, 0x33, 0x11, 0x23, 0x03, 0x33, 0x15, 0x14, 0x0e, 0x02,
  0x07, 0x2e, 0x02, 0x27, 0x3e, 0x02, 0x35, 0x01, 0x37, 0x1e, 0x02, 0x17,
  0x07, 0x2e, 0x02, 0x17, 0x33, 0x11, 0x14, 0x16, 0x17, 0x16, 0x16, 0x33,
  0x32, 0x32, 0x33, 0x32, 0x36, 0x37, 0x36, 0x37, 0x36, 0x36, 0x37, 0x16,
  0x16, 0x17, 0x06, 0x06, 0x07, 0x06, 0x07, 0x06, 0x06, 0x23, 0x22, 0x22,
  0x23, 0x22, 0x26, 0x27, 0x26, 0x26, 0x35, 0x01, 0x2e, 0x02, 0x27, 0x36,
  0x36, 0x37, 0x3e, 0x03, 0x37, 0x33, 0x0e, 0x03, 0x07, 0x30, 0x0e, 0x03,
  0x15, 0x27, 0x37, 0x25, 0x16, 0x16, 0x17, 0x0e, 0x04, 0x13, 0x37, 0x16,
  0x16, 0x17, 0x07, 0x26, 0x26, 0x05, 0x37, 0x1e, 0x02, 0x17, 0x07, 0x2e,
  0x02, 0x03, 0x37, 0x1e, 0x02, 0x17, 0x07, 0x2e, 0x02, 0x03, 0x3e, 0x02,
  0x37, 0x17, 0x0e, 0x02, 0x07, 0x01, 0x3e, 0x02, 0x73, 0xfd, 0x8d, 0x01,
  0x03, 0x43, 0x43, 0xb1, 0x44, 0x09, 0x1f, 0x3c, 0x33, 0x05, 0x12, 0x15,
  0x09, 0x3e, 0x39, 0x11, 0x01, 0x3a, 0x38, 0x20, 0x43, 0x3c, 0x12, 0x3d,
  0x11, 0x39, 0x43, 0x0a, 0x46, 0x02, 0x04, 0x02, 0x09, 0x05, 0x05, 0x11,
  0x06, 0x07, 0x0c, 0x03, 0x07, 0x03, 0x02, 0x01, 0x01, 0x09, 0x1e, 0x0e,
  0x01, 0x05, 0x04, 0x07, 0x14, 0x08, 0x1b, 0x0d, 0x09, 0x21, 0x07, 0x0e,
  0x1f, 0x0a, 0x0b, 0x09, 0xfe, 0x6b, 0x02, 0x07, 0x08, 0x03, 0x0e, 0x27,
  0x0e, 0x09, 0x29, 0x30, 0x2c, 0x0c, 0x55, 0x12, 0x32, 0x37, 0x33, 0x13,
  0x13, 0x1c, 0x1b, 0x13, 0x02, 0x2f, 0x01, 0xc6, 0x02, 0x09, 0x04, 0x83,
  0xaf, 0x6d, 0x3d, 0x1d, 0xc8, 0x44, 0x12, 0x21, 0x07, 0x48, 0x06, 0x20,
  0xfe, 0x16, 0x2c, 0x1e, 0x41, 0x3a, 0x12, 0x2d, 0x12, 0x39, 0x41, 0x4b,
  0x28, 0x20, 0x46, 0x3e, 0x14, 0x2a, 0x13, 0x3e, 0x45, 0x07, 0x1b, 0x43,
  0x44, 0x1d, 0x36, 0x1a, 0x3e, 0x40, 0x1e, 0x02, 0xc6, 0x45, 0xfe, 0xe8,
  0xfe, 0x72, 0x01, 0x8f, 0x69, 0x29, 0x58, 0x57, 0x52, 0x24, 0x08, 0x12,
  0x12, 0x05, 0x2a, 0x62, 0x65, 0x2e, 0x01, 0x4e, 0x22, 0x21, 0x50, 0x4b,
  0x1e, 0x28, 0x1e, 0x4d, 0x52, 0xc4, 0xfe, 0xbb, 0x0f, 0x10, 0x04, 0x02,
  0x02, 0x02, 0x02, 0x05, 0x16, 0x0d, 0x35, 0x23, 0x08, 0x10, 0x04, 0x21,
  0x44, 0x0e, 0x1b, 0x0c, 0x05, 0x06, 0x09, 0x08, 0x0b, 0x22, 0x2d, 0x01,
  0x63, 0x09, 0x1c, 0x1a, 0x09, 0x03, 0x0c, 0x0d, 0x09, 0x31, 0x3c, 0x38,
  0x11, 0x18, 0x43, 0x46, 0x3e, 0x15, 0x06, 0x09, 0x0d, 0x0d, 0x06, 0x37,
  0x1a, 0x1a, 0x0f, 0x24, 0x0b, 0x09, 0x0d, 0x08, 0x06, 0x06, 0x01, 0xa5,
  0x11, 0x23, 0x52, 0x1d, 0x15, 0x1d, 0x55, 0x0d, 0x35, 0x11, 0x2a, 0x2d,
  0x13, 0x3b, 0x13, 0x2f, 0x2e, 0xfe, 0xfe, 0x37, 0x0c, 0x24, 0x27, 0x11,
  0x3e, 0x12, 0x28, 0x26, 0xfe, 0x0c, 0x26, 0x6b, 0x79, 0x38, 0x31, 0x35,
  0x72, 0x6e, 0x2f, 0x00, 0x00, 0x08, 0x00, 0x26, 0xff, 0xb2, 0x03, 0xa1,
  0x03, 0x3d, 0x00, 0x09, 0x00, 0x11, 0x00, 0x22, 0x00, 0x26, 0x00, 0x37,
  0x00, 0x41, 0x00, 0x4b, 0x00, 0x55, 0x00, 0x00, 0x65, 0x37, 0x1e, 0x02,
  0x17, 0x07, 0x2e, 0x02, 0x03, 0x21, 0x11, 0x23, 0x11, 0x23, 0x11, 0x23,
  0x01, 0x33, 0x11, 0x14, 0x06, 0x07, 0x06, 0x06, 0x27, 0x26, 0x26, 0x27,
  0x16, 0x32, 0x37, 0x32, 0x35, 0x03, 0x33, 0x11, 0x23, 0x01, 0x33, 0x11,
  0x14, 0x0e, 0x02, 0x07, 0x2e, 0x02, 0x27, 0x3e, 0x03, 0x35, 0x01, 0x37,
  0x1e, 0x02, 0x17, 0x07, 0x2e, 0x02, 0x07, 0x37, 0x1e, 0x02, 0x17, 0x07,
  0x2e, 0x02, 0x03, 0x3e, 0x02, 0x37, 0x17, 0x0e, 0x02, 0x07, 0x01, 0xe6,
  0x2f, 0x1a, 0x35, 0x2f, 0x0e, 0x31, 0x0e, 0x2d, 0x35, 0xc8, 0x01, 0x51,
  0x3d, 0xd9, 0x3b, 0x02, 0x2b, 0x3e, 0x11, 0x12, 0x14, 0x42, 0x35, 0x02,
  0x0d, 0x07, 0x28, 0x3f, 0x0b, 0x14, 0x89, 0x3c, 0x3c, 0xfe, 0xe4, 0x3a,
  0x0f, 0x2b, 0x53, 0x43, 0x03, 0x0e, 0x0e, 0x06, 0x3e, 0x4b, 0x26, 0x0c,
  0xfe, 0x93, 0x2d, 0x1b, 0x3e, 0x38, 0x12, 0x2e, 0x11, 0x37, 0x3e, 0x47,
  0x2b, 0x1c, 0x3d, 0x3a, 0x13, 0x2d, 0x11, 0x39, 0x3e, 0x08, 0x15, 0x2f,
  0x30, 0x14, 0x3c, 0x12, 0x2b, 0x2e, 0x15, 0x5c, 0x1d, 0x18, 0x3a, 0x38,
  0x16, 0x22, 0x16, 0x3a, 0x3c, 0x02, 0xcb, 0xfd, 0x8f, 0x02, 0x37, 0xfd,
  0xc6, 0x02, 0xa1, 0xfc, 0xcc, 0x1f, 0x20, 0x08, 0x08, 0x05, 0x01, 0x0c,
  0x25, 0x0e, 0x01, 0x01, 0x14, 0x02, 0xe7, 0xfd, 0xa9, 0x01, 0xf6, 0xfe,
  0x9d, 0x32, 0x68, 0x64, 0x58, 0x22, 0x06, 0x12, 0x12, 0x04, 0x20, 0x4d,
  0x56, 0x5b, 0x2d, 0x01, 0xdd, 0x35, 0x0e, 0x25, 0x25, 0x0f, 0x3d, 0x10,
  0x28, 0x27, 0xfe, 0x36, 0x0e, 0x24, 0x23, 0x0f, 0x3c, 0x0f, 0x26, 0x26,
  0xfd, 0xfa, 0x27, 0x6a, 0x77, 0x37, 0x27, 0x34, 0x71, 0x6d, 0x2e, 0x00,
  0x00, 0x0a, 0x00, 0x26, 0xff, 0xb5, 0x03, 0xb8, 0x03, 0x3d, 0x00, 0x03,
  0x00, 0x0b, 0x00, 0x0f, 0x00, 0x1c, 0x00, 0x28, 0x00, 0x34, 0x00, 0x3e,
  0x00, 0x48, 0x00, 0x52, 0x00, 0x5c, 0x00, 0x00, 0x41, 0x21, 0x15, 0x21,
  0x13, 0x21, 0x15, 0x23, 0x35, 0x21, 0x15, 0x23, 0x17, 0x33, 0x11, 0x23,
  0x13, 0x1e, 0x02, 0x17, 0x0e, 0x02, 0x07, 0x2e, 0x02, 0x27, 0x27, 0x17,
  0x0e, 0x02, 0x07, 0x26, 0x26, 0x27, 0x3e, 0x02, 0x03, 0x17, 0x0e, 0x02,
  0x07, 0x2e, 0x02, 0x27, 0x36, 0x36, 0x37, 0x37, 0x1e, 0x02, 0x17, 0x07,
  0x2e, 0x02, 0x25, 0x37, 0x1e, 0x02, 0x17, 0x07, 0x2e, 0x02, 0x03, 0x37,
  0x1e, 0x02, 0x17, 0x07, 0x2e, 0x02, 0x03, 0x3e, 0x02, 0x37, 0x17, 0x0e,
  0x02, 0x07, 0x01, 0x42, 0x02, 0x57, 0xfd, 0xa9, 0x06, 0x02, 0x4f, 0x46,
  0xfe, 0x3b, 0x44, 0xfd, 0x4b, 0x4b, 0x69, 0x1b, 0x54, 0x66, 0x35, 0x09,
  0x14, 0x12, 0x06, 0x36, 0x67, 0x56, 0x1e, 0x46, 0x3b, 0x1e, 0x5b, 0x72,
  0x3e, 0x09, 0x1d, 0x0c, 0x3d, 0x6f, 0x59, 0x16, 0x44, 0x18, 0x43, 0x4a,
  0x26, 0x05, 0x14, 0x15, 0x08, 0x37, 0x66, 0xbb, 0x36, 0x23, 0x4b, 0x40,
  0x13, 0x3a, 0x12, 0x3e, 0x49, 0xfd, 0x9a, 0x27, 0x1c, 0x3e, 0x3a, 0x12,
  0x28, 0x11, 0x39, 0x3f, 0x4a, 0x26, 0x1e, 0x44, 0x3d, 0x14, 0x27, 0x13,
  0x3d, 0x44, 0x07, 0x17, 0x38, 0x3b, 0x18, 0x32, 0x17, 0x35, 0x36, 0x1a,
  0x01, 0x65, 0x44, 0x01, 0xf0, 0xb1, 0x6f, 0x72, 0x8b, 0xfd, 0xe3, 0x01,
  0x90, 0x3b, 0x6f, 0x5b, 0x1b, 0x07, 0x15, 0x16, 0x0a, 0x22, 0x67, 0x7d,
  0x41, 0x1c, 0x14, 0x48, 0x81, 0x67, 0x21, 0x0e, 0x22, 0x0a, 0x1c, 0x5c,
  0x74, 0x01, 0x80, 0x15, 0x2b, 0x52, 0x46, 0x1b, 0x07, 0x14, 0x13, 0x06,
  0x23, 0x65, 0x1a, 0x25, 0x1e, 0x4a, 0x48, 0x1d, 0x2a, 0x1d, 0x4a, 0x4c,
  0xb3, 0x39, 0x0d, 0x23, 0x23, 0x0f, 0x40, 0x10, 0x25, 0x26, 0xfe, 0xff,
  0x37, 0x0c, 0x23, 0x25, 0x10, 0x3e, 0x10, 0x26, 0x27, 0xfe, 0x0f, 0x27,
  0x69, 0x77, 0x38, 0x33, 0x34, 0x71, 0x6d, 0x2e, 0x00, 0x0b, 0x00, 0x23,
  0xff, 0xb1, 0x03, 0xb6, 0x03, 0x48, 0x00, 0x03, 0x00, 0x07, 0x00, 0x0b,
  0x00, 0x0f, 0x00, 0x13, 0x00, 0x19, 0x00, 0x2b, 0x00, 0x2f, 0x00, 0x39,
  0x00, 0x43, 0x00, 0x4d, 0x00, 0x00, 0x41, 0x21, 0x15, 0x21, 0x03, 0x21,
  0x15, 0x21, 0x17, 0x21, 0x15, 0x21, 0x07, 0x21, 0x15, 0x21, 0x13, 0x21,
  0x15, 0x21, 0x03, 0x21, 0x15, 0x21, 0x11, 0x23, 0x01, 0x33, 0x11, 0x14,
  0x06, 0x07, 0x06, 0x06, 0x23, 0x26, 0x26, 0x27, 0x16, 0x16, 0x37, 0x36,
  0x36, 0x35, 0x03, 0x33, 0x11, 0x23, 0x01, 0x37, 0x1e, 0x02, 0x17, 0x07,
  0x2e, 0x02, 0x07, 0x37, 0x1e, 0x02, 0x17, 0x07, 0x2e, 0x02, 0x13, 0x3e,
  0x02, 0x37, 0x17, 0x0e, 0x02, 0x07, 0x01, 0x9c, 0x01, 0x8e, 0xfe, 0x72,
  0x5d, 0x02, 0x52, 0xfd, 0xae, 0x18, 0x02, 0x21, 0xfd, 0xdf, 0x3e, 0x02,
  0x9d, 0xfd, 0x63, 0x82, 0x01, 0x91, 0xfe, 0x6f, 0x32, 0x01, 0xc1, 0xfe,
  0x85, 0x46, 0x01, 0xb0, 0x47, 0x0f, 0x15, 0x15, 0x46, 0x35, 0x03, 0x0c,
  0x07, 0x26, 0x40, 0x0a, 0x0b, 0x08, 0xda, 0x4a, 0x4a, 0xfe, 0x13, 0x2c,
  0x1c, 0x3d, 0x36, 0x12, 0x2e, 0x11, 0x36, 0x3c, 0x4b, 0x2b, 0x1d, 0x40,
  0x39, 0x12, 0x2d, 0x11, 0x38, 0x40, 0x02, 0x17, 0x36, 0x38, 0x17, 0x3d,
  0x16, 0x33, 0x34, 0x18, 0x01, 0x0c, 0x38, 0x02, 0x26, 0x3a, 0x40, 0x37,
  0x45, 0x3a, 0xfe, 0xbc, 0x39, 0x01, 0x43, 0x3a, 0xfe, 0x5b, 0x01, 0xdf,
  0xfe, 0x74, 0x1c, 0x20, 0x08, 0x09, 0x03, 0x0e, 0x25, 0x0e, 0x01, 0x01,
  0x01, 0x01, 0x07, 0x09, 0x03, 0x43, 0xfe, 0xaa, 0x01, 0x12, 0x33, 0x0d,
  0x24, 0x25, 0x10, 0x3b, 0x11, 0x27, 0x27, 0xfb, 0x35, 0x0e, 0x25, 0x26,
  0x11, 0x3b, 0x10, 0x29, 0x27, 0xfe, 0x01, 0x27, 0x6d, 0x79, 0x39, 0x2c,
  0x36, 0x73, 0x6f, 0x2f, 0x00, 0x0c, 0x00, 0x26, 0xff, 0xb0, 0x03, 0xc7,
  0x03, 0x3d, 0x00, 0x03, 0x00, 0x14, 0x00, 0x18, 0x00, 0x1c, 0x00, 0x20,
  0x00, 0x2c, 0x00, 0x36, 0x00, 0x3e, 0x00, 0x4f, 0x00, 0x59, 0x00, 0x63,
  0x00, 0x6d, 0x00, 0x00, 0x41, 0x21, 0x15, 0x21, 0x27, 0x33, 0x11, 0x14,
  0x0e, 0x02, 0x07, 0x2e, 0x02, 0x27, 0x3e, 0x03, 0x35, 0x17, 0x15, 0x21,
  0x35, 0x25, 0x15, 0x21, 0x35, 0x25, 0x21, 0x11, 0x21, 0x17, 0x17, 0x0e,
  0x02, 0x07, 0x2e, 0x02, 0x27, 0x36, 0x36, 0x25, 0x37, 0x1e, 0x02, 0x17,
  0x07, 0x2e, 0x02, 0x03, 0x17, 0x06, 0x06, 0x07, 0x27, 0x36, 0x36, 0x13,
  0x33, 0x11, 0x14, 0x06, 0x07, 0x06, 0x06, 0x27, 0x26, 0x26, 0x27, 0x16,
  0x32, 0x33, 0x36, 0x35, 0x01, 0x37, 0x1e, 0x02, 0x17, 0x07, 0x2e, 0x02,
  0x07, 0x37, 0x1e, 0x02, 0x17, 0x07, 0x2e, 0x02, 0x03, 0x3e, 0x02, 0x37,
  0x17, 0x0e, 0x02, 0x07, 0x01, 0x6b, 0x02, 0x4c, 0xfd, 0xb4, 0x19, 0x49,
  0x09, 0x1c, 0x35, 0x2d, 0x06, 0x17, 0x18, 0x09, 0x2a, 0x32, 0x19, 0x07,
  0xc7, 0x01, 0x32, 0xfe, 0xce, 0x01, 0x32, 0xfe, 0x8a, 0x01, 0xbc, 0xfe,
  0x44, 0x24, 0x43, 0x10, 0x2b, 0x2e, 0x16, 0x06, 0x16, 0x17, 0x09, 0x22,
  0x40, 0x01, 0x31, 0x41, 0x14, 0x2c, 0x26, 0x0c, 0x45, 0x0b, 0x25, 0x2a,
  0x9e, 0x53, 0x0f, 0x1f, 0x0e, 0x3b, 0x0a, 0x15, 0x04, 0x48, 0x0e, 0x14,
  0x14, 0x43, 0x32, 0x02, 0x0c, 0x07, 0x24, 0x3a, 0x0a, 0x10, 0xfd, 0xce,
  0x2c, 0x1b, 0x40, 0x3a, 0x13, 0x2d, 0x13, 0x3a, 0x3f, 0x4c, 0x2b, 0x1c,
  0x40, 0x3b, 0x13, 0x2c, 0x13, 0x3a, 0x40, 0x07, 0x16, 0x35, 0x37, 0x16,
  0x3c, 0x14, 0x31, 0x34, 0x18, 0x03, 0x17, 0x44, 0x44, 0xfe, 0xee, 0x42,
  0x9a, 0x9f, 0x97, 0x3f, 0x06, 0x10, 0x0e, 0x04, 0x3c, 0x8d, 0x93, 0x8f,
  0x3e, 0x6e, 0x58, 0x58, 0x8e, 0x56, 0x56, 0x3a, 0xfe, 0xa6, 0x38, 0x13,
  0x24, 0x4c, 0x44, 0x1a, 0x06, 0x0e, 0x0e, 0x05, 0x24, 0x64, 0x21, 0x19,
  0x1f, 0x46, 0x43, 0x18, 0x1f, 0x19, 0x44, 0x49, 0x02, 0x29, 0x11, 0x21,
  0x43, 0x17, 0x12, 0x1a, 0x46, 0xfe, 0x77, 0xfe, 0xdc, 0x1b, 0x20, 0x08,
  0x07, 0x04, 0x01, 0x0e, 0x24, 0x0e, 0x01, 0x01, 0x0f, 0x03, 0x09, 0x34,
  0x10, 0x27, 0x26, 0x0e, 0x3c, 0x10, 0x28, 0x2a, 0xfd, 0x35, 0x0e, 0x25,
  0x22, 0x0e, 0x3d, 0x0f, 0x25, 0x28, 0xfd, 0xfc, 0x28, 0x6b, 0x78, 0x39,
  0x2a, 0x35, 0x72, 0x6e, 0x2f, 0x00, 0x00, 0x08, 0x00, 0x2a, 0xff, 0xb1,
  0x03, 0xb7, 0x03, 0x48, 0x00, 0x03, 0x00, 0x07, 0x00, 0x0b, 0x00, 0x0f,
  0x00, 0x19, 0x00, 0x23, 0x00, 0x2d, 0x00, 0x35, 0x00, 0x00, 0x41, 0x33,
  0x11, 0x23, 0x07, 0x15, 0x21, 0x35, 0x25, 0x21, 0x11, 0x21, 0x01, 0x21,
  0x15, 0x21, 0x03, 0x37, 0x1e, 0x02, 0x15, 0x07, 0x34, 0x26, 0x26, 0x37,
  0x37, 0x1e, 0x02, 0x17, 0x07, 0x2e, 0x02, 0x37, 0x37, 0x1e, 0x02, 0x17,
  0x07, 0x2e, 0x02, 0x25, 0x17, 0x06, 0x06, 0x07, 0x27, 0x36, 0x36, 0x01,
  0xc7, 0x4b, 0x4b, 0xda, 0x02, 0x0b, 0xfd, 0xae, 0x02, 0x9d, 0xfd, 0x63,
  0x01, 0x44, 0x01, 0xa4, 0xfe, 0x5c, 0x96, 0x47, 0x08, 0x0b, 0x07, 0x4c,
  0x05, 0x0a, 0xc9, 0x44, 0x10, 0x1d, 0x19, 0x05, 0x49, 0x05, 0x16, 0x1c,
  0xbd, 0x43, 0x1a, 0x33, 0x2c, 0x0c, 0x47, 0x0b, 0x2a, 0x33, 0xfd, 0xa9,
  0x47, 0x18, 0x49, 0x29, 0x44, 0x28, 0x48, 0x03, 0x48, 0xfe, 0xab, 0x22,
  0xb3, 0xb3, 0x47, 0xfe, 0xc0, 0x02, 0x06, 0x47, 0xfd, 0xe9, 0x06, 0x1f,
  0x49, 0x43, 0x18, 0x0a, 0x19, 0x44, 0x4a, 0x1f, 0x0f, 0x1e, 0x47, 0x42,
  0x19, 0x13, 0x19, 0x44, 0x48, 0x27, 0x1a, 0x20, 0x48, 0x47, 0x1c, 0x1e,
  0x1c, 0x48, 0x4b, 0x34, 0x13, 0x3a, 0x76, 0x27, 0x21, 0x22, 0x6f, 0x00,
  0x00, 0x09, 0x00, 0x1e, 0xff, 0xab, 0x03, 0xc3, 0x03, 0x4a, 0x00, 0x03,
  0x00, 0x07, 0x00, 0x0b, 0x00, 0x11, 0x00, 0x22, 0x00, 0x32, 0x00, 0x3f,
  0x00, 0x4b, 0x00, 0x5c, 0x00, 0x00, 0x53, 0x21, 0x15, 0x21, 0x25, 0x21,
  0x15, 0x21, 0x03, 0x33, 0x11, 0x23, 0x07, 0x33, 0x11, 0x23, 0x11, 0x23,
  0x03, 0x33, 0x11, 0x14, 0x0e, 0x02, 0x07, 0x2e, 0x02, 0x27, 0x3e, 0x03,
  0x35, 0x25, 0x33, 0x37, 0x17, 0x0e, 0x02, 0x07, 0x2e, 0x02, 0x27, 0x3e,
  0x02, 0x37, 0x07, 0x1e, 0x02, 0x17, 0x0e, 0x02, 0x07, 0x2e, 0x02, 0x27,
  0x01, 0x17, 0x0e, 0x02, 0x07, 0x26, 0x26, 0x27, 0x3e, 0x02, 0x05, 0x33,
  0x11, 0x14, 0x0e, 0x02, 0x07, 0x2e, 0x02, 0x27, 0x3e, 0x03, 0x35, 0x86,
  0x01, 0x31, 0xfe, 0xcf, 0x01, 0x86, 0x01, 0x66, 0xfe, 0x9a, 0xf2, 0x45,
  0x45, 0x91, 0xf1, 0x45, 0xac, 0x20, 0x45, 0x06, 0x12, 0x24, 0x1e, 0x06,
  0x13, 0x14, 0x09, 0x19, 0x1e, 0x0f, 0x05, 0x02, 0xf4, 0x0e, 0x0c, 0x2d,
  0x16, 0x68, 0x98, 0x5f, 0x04, 0x10, 0x11, 0x08, 0x57, 0x8e, 0x62, 0x14,
  0xe6, 0x17, 0x56, 0x84, 0x5b, 0x08, 0x14, 0x11, 0x06, 0x5d, 0x85, 0x57,
  0x1a, 0x01, 0x48, 0x2f, 0x3c, 0x96, 0x9f, 0x4b, 0x02, 0x0d, 0x06, 0x4a,
  0x9b, 0x8b, 0xfe, 0x90, 0x48, 0x07, 0x13, 0x27, 0x21, 0x07, 0x15, 0x17,
  0x09, 0x1d, 0x22, 0x12, 0x05, 0x02, 0x33, 0x43, 0x34, 0x45, 0x01, 0x6b,
  0xfe, 0xc1, 0xac, 0xfe, 0x52, 0x01, 0x6a, 0x02, 0x19, 0xfe, 0x73, 0x42,
  0x87, 0x84, 0x79, 0x34, 0x08, 0x10, 0x11, 0x05, 0x30, 0x70, 0x79, 0x79,
  0x39, 0x7e, 0x03, 0x0c, 0xa4, 0xf2, 0xa6, 0x31, 0x09, 0x17, 0x16, 0x07,
  0x27, 0x99, 0xdd, 0x8e, 0x1e, 0x79, 0xd0, 0x9a, 0x2b, 0x07, 0x15, 0x16,
  0x0a, 0x32, 0xa8, 0xdf, 0x85, 0x01, 0x54, 0x40, 0x0e, 0x18, 0x10, 0x05,
  0x0d, 0x25, 0x0d, 0x06, 0x12, 0x17, 0x2f, 0xfe, 0xa7, 0x3f, 0x87, 0x87,
  0x7d, 0x36, 0x07, 0x0f, 0x10, 0x04, 0x32, 0x75, 0x7c, 0x7b, 0x38, 0x00,
  0x00, 0x07, 0x00, 0x20, 0xff, 0xb2, 0x03, 0xcd, 0x03, 0x49, 0x00, 0x03,
  0x00, 0x10, 0x00, 0x1a, 0x00, 0x2a, 0x00, 0x2e, 0x00, 0x38, 0x00, 0x40,
  0x00, 0x00, 0x41, 0x21, 0x15, 0x21, 0x25, 0x1e, 0x02, 0x17, 0x0e, 0x02,
  0x07, 0x2e, 0x02, 0x27, 0x13, 0x37, 0x1e, 0x02, 0x17, 0x07, 0x2e, 0x02,
  0x27, 0x33, 0x15, 0x14, 0x0e, 0x02, 0x07, 0x26, 0x26, 0x27, 0x3e, 0x03,
  0x35, 0x25, 0x33, 0x11, 0x23, 0x03, 0x37, 0x1e, 0x02, 0x17, 0x07, 0x2e,
  0x02, 0x03, 0x36, 0x36, 0x37, 0x17, 0x06, 0x06, 0x07, 0x01, 0x64, 0x02,
  0x53, 0xfd, 0xad, 0x01, 0x36, 0x16, 0x51, 0x79, 0x53, 0x09, 0x15, 0x13,
  0x06, 0x55, 0x7b, 0x52, 0x19, 0x8a, 0x39, 0x16, 0x30, 0x29, 0x0c, 0x3d,
  0x0c, 0x27, 0x2e, 0xae, 0x4a, 0x12, 0x38, 0x6e, 0x5b, 0x0b, 0x23, 0x0f,
  0x59, 0x69, 0x34, 0x10, 0xfe, 0xaa, 0x4a, 0x4a, 0xc6, 0x39, 0x19, 0x32,
  0x2c, 0x0c, 0x3e, 0x0b, 0x2a, 0x31, 0x29, 0x2b, 0x7b, 0x3e, 0x1f, 0x36,
  0x71, 0x30, 0x02, 0x21, 0x4a, 0x2a, 0x77, 0xce, 0x9e, 0x2e, 0x07, 0x16,
  0x17, 0x0a, 0x35, 0xab, 0xdf, 0x82, 0x01, 0x13, 0x20, 0x1a, 0x3f, 0x3c,
  0x17, 0x26, 0x17, 0x3e, 0x42, 0x5b, 0xe9, 0x51, 0xb0, 0xb3, 0xab, 0x4c,
  0x0b, 0x1b, 0x0a, 0x49, 0xa2, 0xa7, 0xa2, 0x47, 0xec, 0xfc, 0x69, 0x02,
  0xf0, 0x23, 0x1c, 0x41, 0x3f, 0x19, 0x2a, 0x1a, 0x41, 0x44, 0xfe, 0x3d,
  0x22, 0x6c, 0x3a, 0x3d, 0x34, 0x6b, 0x2c, 0x00, 0x00, 0x07, 0x00, 0x2b,
  0xff, 0xad, 0x03, 0xbb, 0x03, 0x17, 0x00, 0x03, 0x00, 0x07, 0x00, 0x10,
  0x00, 0x14, 0x00, 0x1c, 0x00, 0x32, 0x00, 0x43, 0x00, 0x00, 0x53, 0x21,
  0x15, 0x21, 0x17, 0x21, 0x15, 0x21, 0x03, 0x3e, 0x02, 0x37, 0x17, 0x06,
  0x06, 0x07, 0x13, 0x33, 0x11, 0x07, 0x13, 0x21, 0x11, 0x23, 0x11, 0x21,
  0x11, 0x23, 0x37, 0x33, 0x15, 0x14, 0x16, 0x33, 0x33, 0x32, 0x36, 0x36,
  0x37, 0x16, 0x16, 0x17, 0x0e, 0x02, 0x23, 0x23, 0x22, 0x26, 0x35, 0x03,
  0x33, 0x15, 0x14, 0x0e, 0x02, 0x07, 0x2e, 0x02, 0x27, 0x3e, 0x03, 0x35,
  0x37, 0x01, 0x4b, 0xfe, 0xb5, 0x0f, 0x01, 0x28, 0xfe, 0xd8, 0x1b, 0x2d,
  0x71, 0x7f, 0x40, 0x09, 0x59, 0xb5, 0x47, 0x81, 0x48, 0x48, 0xf3, 0x01,
  0xc1, 0x4a, 0xfe, 0xd1, 0x48, 0xe4, 0x46, 0x0f, 0x15, 0x52, 0x12, 0x11,
  0x09, 0x02, 0x0d, 0x22, 0x0e, 0x05, 0x10, 0x2b, 0x2b, 0x5c, 0x34, 0x2c,
  0x2b, 0x46, 0x17, 0x40, 0x7a, 0x63, 0x03, 0x11, 0x13, 0x08, 0x5f, 0x72,
  0x39, 0x13, 0x03, 0x05, 0x47, 0xdb, 0x46, 0xfe, 0xc7, 0x0b, 0x1f, 0x26,
  0x13, 0x46, 0x1b, 0x35, 0x16, 0x02, 0xca, 0xfd, 0x99, 0x0e, 0x02, 0xa7,
  0xfd, 0xec, 0x01, 0xd2, 0xfe, 0x2e, 0x11, 0xed, 0x15, 0x0f, 0x1a, 0x49,
  0x48, 0x0c, 0x0e, 0x04, 0x4f, 0x56, 0x21, 0x23, 0x33, 0x02, 0x60, 0xc3,
  0x40, 0x8e, 0x8e, 0x81, 0x33, 0x08, 0x14, 0x15, 0x05, 0x31, 0x75, 0x7d,
  0x7e, 0x3b, 0x00, 0x05, 0x00, 0x36, 0xff, 0xd0, 0x03, 0xb5, 0x03, 0x48,
  0x00, 0x03, 0x00, 0x07, 0x00, 0x0b, 0x00, 0x0f, 0x00, 0x1c, 0x00, 0x00,
  0x53, 0x21, 0x15, 0x21, 0x07, 0x21, 0x15, 0x21, 0x07, 0x21, 0x15, 0x21,
  0x01, 0x33, 0x11, 0x23, 0x03, 0x17, 0x0e, 0x02, 0x07, 0x2e, 0x02, 0x27,
  0x3e, 0x02, 0xd1, 0x02, 0xb4, 0xfd, 0x4c, 0x2c, 0x02, 0xbc, 0xfd, 0x44,
  0x6e, 0x03, 0x7e, 0xfc, 0x82, 0x01, 0x98, 0x4e, 0x4e, 0xe0, 0x4c, 0x15,
  0x3c, 0x48, 0x29, 0x07, 0x19, 0x19, 0x0a, 0x29, 0x45, 0x38, 0x02, 0x86,
  0x49, 0xdd, 0x48, 0xff, 0x49, 0x03, 0x78, 0xfc, 0xad, 0x03, 0x43, 0x11,
  0x4d, 0x93, 0x7f, 0x30, 0x07, 0x10, 0x11, 0x05, 0x2c, 0x77, 0x88, 0x00,
  0x00, 0x06, 0x00, 0x20, 0xff, 0xab, 0x03, 0x77, 0x03, 0x02, 0x00, 0x03,
  0x00, 0x07, 0x00, 0x0b, 0x00, 0x1c, 0x00, 0x2f, 0x00, 0x33, 0x00, 0x00,
  0x53, 0x21, 0x15, 0x21, 0x15, 0x21, 0x15, 0x21, 0x07, 0x21, 0x15, 0x21,
  0x03, 0x33, 0x11, 0x14, 0x0e, 0x02, 0x07, 0x2e, 0x02, 0x27, 0x3e, 0x03,
  0x35, 0x01, 0x33, 0x11, 0x14, 0x06, 0x07, 0x06, 0x06, 0x27, 0x26, 0x26,
  0x27, 0x16, 0x16, 0x36, 0x33, 0x36, 0x36, 0x35, 0x01, 0x33, 0x11, 0x23,
  0xc4, 0x02, 0x87, 0xfd, 0x79, 0x02, 0x85, 0xfd, 0x7b, 0x06, 0x02, 0x8d,
  0xfd, 0x73, 0x25, 0x4a, 0x0a, 0x1b, 0x37, 0x2d, 0x05, 0x16, 0x16, 0x09,
  0x2a, 0x30, 0x18, 0x07, 0x02, 0x94, 0x4a, 0x15, 0x19, 0x19, 0x5a, 0x47,
  0x03, 0x0f, 0x08, 0x23, 0x41, 0x30, 0x09, 0x0f, 0x0c, 0xfe, 0xa6, 0x4c,
  0x4c, 0x03, 0x02, 0x48, 0xa1, 0x47, 0xa8, 0x47, 0x02, 0x1f, 0xfe, 0x95,
  0x39, 0x82, 0x85, 0x7a, 0x32, 0x08, 0x13, 0x12, 0x04, 0x2f, 0x6e, 0x75,
  0x74, 0x35, 0x01, 0x6b, 0xfd, 0x14, 0x24, 0x26, 0x0a, 0x09, 0x04, 0x01,
  0x0e, 0x2b, 0x0f, 0x01, 0x01, 0x01, 0x01, 0x0a, 0x0e, 0x02, 0xd1, 0xfc,
  0xd2, 0x00, 0x00, 0x04, 0x00, 0x72, 0xff, 0xb0, 0x03, 0x78, 0x03, 0x48,
  0x00, 0x03, 0x00, 0x07, 0x00, 0x0f, 0x00, 0x13, 0x00, 0x00, 0x53, 0x21,
  0x15, 0x21, 0x15, 0x21, 0x15, 0x21, 0x03, 0x21, 0x11, 0x23, 0x11, 0x21,
  0x11, 0x23, 0x01, 0x33, 0x11, 0x23, 0x96, 0x02, 0xb9, 0xfd, 0x47, 0x02,
  0xb7, 0xfd, 0x49, 0x24, 0x03, 0x06, 0x4e, 0xfd, 0x93, 0x4b, 0x01, 0x59,
  0x4c, 0x4c, 0x01, 0x61, 0x4a, 0xde, 0x4b, 0x02, 0x98, 0xfd, 0x2e, 0x02,
  0x87, 0xfd, 0x75, 0x03, 0x98, 0xfc, 0xc9, 0x00, 0x00, 0x0b, 0x00, 0x3e,
  0xff, 0xb2, 0x03, 0xb3, 0x03, 0x46, 0x00, 0x03, 0x00, 0x07, 0x00, 0x0f,
  0x00, 0x13, 0x00, 0x1b, 0x00, 0x1f, 0x00, 0x3d, 0x00, 0x56, 0x00, 0x5e,
  0x00, 0x69, 0x00, 0x74, 0x00, 0x00, 0x53, 0x33, 0x11, 0x23, 0x03, 0x21,
  0x15, 0x21, 0x03, 0x21, 0x11, 0x21, 0x35, 0x21, 0x11, 0x21, 0x27, 0x33,
  0x11, 0x23, 0x13, 0x33, 0x15, 0x23, 0x11, 0x23, 0x11, 0x23, 0x37, 0x21,
  0x15, 0x21, 0x05, 0x33, 0x30, 0x06, 0x06, 0x07, 0x0e, 0x03, 0x07, 0x06,
  0x06, 0x07, 0x06, 0x22, 0x27, 0x26, 0x26, 0x27, 0x16, 0x16, 0x33, 0x16,
  0x36, 0x37, 0x3e, 0x02, 0x37, 0x05, 0x2e, 0x02, 0x27, 0x36, 0x36, 0x37,
  0x3e, 0x03, 0x37, 0x35, 0x37, 0x17, 0x0e, 0x02, 0x07, 0x15, 0x30, 0x0e,
  0x02, 0x15, 0x35, 0x37, 0x21, 0x15, 0x21, 0x22, 0x06, 0x25, 0x17, 0x06,
  0x02, 0x07, 0x2e, 0x02, 0x27, 0x36, 0x12, 0x27, 0x17, 0x06, 0x06, 0x07,
  0x2e, 0x02, 0x27, 0x36, 0x36, 0xc8, 0x45, 0x45, 0x6d, 0x01, 0x23, 0xfe,
  0xdd, 0x04, 0x01, 0x45, 0xfe, 0xbb, 0x01, 0x08, 0xfe, 0xf8, 0x19, 0x3a,
  0x3a, 0x8a, 0x45, 0x05, 0x3b, 0x05, 0xf1, 0x01, 0x8d, 0xfe, 0x73, 0x01,
  0xae, 0x4c, 0x01, 0x01, 0x01, 0x07, 0x10, 0x12, 0x16, 0x0d, 0x0e, 0x1e,
  0x15, 0x12, 0x36, 0x1e, 0x01, 0x0a, 0x09, 0x1d, 0x2f, 0x0d, 0x0b, 0x0f,
  0x07, 0x0e, 0x18, 0x15, 0x09, 0xfe, 0x6b, 0x03, 0x0b, 0x0d, 0x05, 0x13,
  0x37, 0x1c, 0x0f, 0x3c, 0x4c, 0x50, 0x24, 0x23, 0x38, 0x40, 0x7e, 0x7a,
  0x3d, 0x10, 0x17, 0x10, 0x2a, 0x01, 0x89, 0xfe, 0x9f, 0x20, 0x2b, 0x01,
  0x1f, 0x42, 0x2f, 0xa9, 0x7a, 0x06, 0x15, 0x17, 0x08, 0x7d, 0xa3, 0x7a,
  0x42, 0x1f, 0x6e, 0x44, 0x06, 0x14, 0x15, 0x09, 0x45, 0x66, 0x01, 0x16,
  0xfe, 0x9c, 0x02, 0x49, 0x3d, 0x01, 0x02, 0xfe, 0x31, 0x42, 0x01, 0x4b,
  0x42, 0xfd, 0xff, 0x02, 0x87, 0xb5, 0xfe, 0x7d, 0x01, 0x83, 0x88, 0x46,
  0xcd, 0x0d, 0x12, 0x06, 0x83, 0xb8, 0x76, 0x43, 0x10, 0x12, 0x0f, 0x02,
  0x02, 0x02, 0x10, 0x28, 0x0f, 0x03, 0x01, 0x01, 0x06, 0x09, 0x0f, 0x67,
  0xcd, 0xa8, 0x43, 0x09, 0x1a, 0x1b, 0x09, 0x03, 0x1d, 0x13, 0x0a, 0x2b,
  0x3d, 0x48, 0x26, 0x05, 0x0f, 0x2a, 0x3b, 0x6a, 0x58, 0x22, 0x01, 0x07,
  0x0b, 0x0c, 0x06, 0x40, 0x13, 0x46, 0x07, 0x29, 0x0c, 0xb7, 0xfe, 0xec,
  0x59, 0x06, 0x10, 0x10, 0x05, 0x51, 0x01, 0x09, 0xa2, 0x0e, 0x64, 0xa4,
  0x37, 0x06, 0x0f, 0x10, 0x05, 0x32, 0x96, 0x00, 0x00, 0x0b, 0x00, 0x4e,
  0xff, 0xb0, 0x03, 0x96, 0x03, 0x47, 0x00, 0x07, 0x00, 0x0b, 0x00, 0x0f,
  0x00, 0x13, 0x00, 0x17, 0x00, 0x34, 0x00, 0x40, 0x00, 0x4c, 0x00, 0x56,
  0x00, 0x61, 0x00, 0x71, 0x00, 0x00, 0x53, 0x21, 0x11, 0x23, 0x11, 0x21,
  0x11, 0x23, 0x13, 0x21, 0x15, 0x21, 0x01, 0x21, 0x15, 0x21, 0x01, 0x21,
  0x15, 0x21, 0x01, 0x33, 0x11, 0x23, 0x01, 0x33, 0x30, 0x06, 0x14, 0x15,
  0x0e, 0x02, 0x07, 0x06, 0x06, 0x07, 0x06, 0x26, 0x27, 0x26, 0x26, 0x27,
  0x16, 0x16, 0x33, 0x32, 0x36, 0x37, 0x3e, 0x02, 0x37, 0x25, 0x17, 0x0e,
  0x02, 0x07, 0x26, 0x26, 0x27, 0x3e, 0x02, 0x05, 0x33, 0x0e, 0x02, 0x07,
  0x26, 0x26, 0x27, 0x3e, 0x02, 0x05, 0x37, 0x1e, 0x02, 0x17, 0x07, 0x2e,
  0x02, 0x07, 0x27, 0x37, 0x25, 0x16, 0x16, 0x17, 0x0e, 0x03, 0x07, 0x2e,
  0x02, 0x27, 0x36, 0x36, 0x35, 0x35, 0x33, 0x11, 0x30, 0x0e, 0x03, 0xa9,
  0x02, 0xa1, 0x4e, 0xfd, 0xf8, 0x4b, 0x26, 0x02, 0x4e, 0xfd, 0xb2, 0x01,
  0x26, 0x01, 0x71, 0xfe, 0x8f, 0xfe, 0xda, 0x02, 0x4e, 0xfd, 0xb2, 0x01,
  0x03, 0x47, 0x47, 0x01, 0x7b, 0x49, 0x01, 0x05, 0x0b, 0x0f, 0x0d, 0x0b,
  0x1d, 0x14, 0x11, 0x3e, 0x22, 0x01, 0x0a, 0x08, 0x21, 0x37, 0x0b, 0x0c,
  0x0e, 0x05, 0x09, 0x0c, 0x0a, 0x03, 0xfe, 0x43, 0x33, 0x2b, 0x6b, 0x70,
  0x35, 0x02, 0x0d, 0x06, 0x32, 0x6a, 0x5f, 0x01, 0x00, 0x47, 0x06, 0x27,
  0x57, 0x52, 0x06, 0x1a, 0x0c, 0x49, 0x4c, 0x21, 0xfe, 0xc8, 0x3d, 0x18,
  0x2e, 0x25, 0x09, 0x42, 0x08, 0x23, 0x2d, 0xd2, 0x06, 0x23, 0x01, 0x02,
  0x04, 0x09, 0x04, 0x5e, 0x72, 0x3d, 0x1c, 0x07, 0x04, 0x0f, 0x0f, 0x06,
  0x0b, 0x1a, 0x49, 0x0f, 0x14, 0x15, 0x0e, 0x01, 0x54, 0xfe, 0x60, 0x01,
  0x62, 0xfe, 0x9a, 0x01, 0x04, 0x3b, 0x02, 0x98, 0x43, 0xfd, 0x45, 0x3e,
  0x01, 0x65, 0xfe, 0xb7, 0x03, 0x20, 0x0c, 0x0f, 0x05, 0x6d, 0x87, 0x46,
  0x0f, 0x0e, 0x0c, 0x02, 0x02, 0x01, 0x01, 0x10, 0x25, 0x0d, 0x03, 0x01,
  0x03, 0x07, 0x0a, 0x3f, 0x7f, 0x68, 0x43, 0x37, 0x11, 0x1f, 0x1b, 0x0a,
  0x0c, 0x20, 0x0b, 0x0b, 0x1c, 0x1f, 0x3e, 0x5a, 0x96, 0x73, 0x26, 0x0d,
  0x1f, 0x09, 0x21, 0x63, 0x82, 0x2d, 0x19, 0x22, 0x4d, 0x4b, 0x1e, 0x1c,
  0x1d, 0x4c, 0x50, 0xd5, 0x40, 0x1c, 0x40, 0x0e, 0x24, 0x0c, 0x1a, 0x1f,
  0x14, 0x0b, 0x05, 0x08, 0x16, 0x15, 0x06, 0x09, 0x29, 0x23, 0xdb, 0xfe,
  0xee, 0x0d, 0x13, 0x18, 0x16, 0x00, 0x00, 0x08, 0x00, 0x57, 0xff, 0xc1,
  0x03, 0xa1, 0x03, 0x4c, 0x00, 0x07, 0x00, 0x0b, 0x00, 0x0f, 0x00, 0x18,
  0x00, 0x1c, 0x00, 0x3b, 0x00, 0x48, 0x00, 0x52, 0x00, 0x00, 0x53, 0x21,
  0x11, 0x21, 0x35, 0x33, 0x11, 0x23, 0x27, 0x33, 0x11, 0x23, 0x13, 0x21,
  0x15, 0x21, 0x13, 0x17, 0x06, 0x06, 0x07, 0x27, 0x3e, 0x02, 0x05, 0x21,
  0x15, 0x21, 0x25, 0x33, 0x30, 0x14, 0x14, 0x07, 0x0e, 0x03, 0x07, 0x06,
  0x06, 0x07, 0x06, 0x26, 0x27, 0x26, 0x26, 0x27, 0x16, 0x16, 0x33, 0x32,
  0x36, 0x37, 0x3e, 0x03, 0x37, 0x25, 0x17, 0x0e, 0x02, 0x07, 0x2e, 0x02,
  0x27, 0x3e, 0x02, 0x03, 0x37, 0x1e, 0x02, 0x17, 0x07, 0x2e, 0x02, 0x83,
  0x01, 0x30, 0xfe, 0xd0, 0xeb, 0xeb, 0x2c, 0x45, 0x45, 0x27, 0x01, 0x14,
  0xfe, 0xec, 0x72, 0x51, 0x0f, 0x23, 0x0f, 0x3d, 0x09, 0x11, 0x0f, 0x01,
  0x56, 0x01, 0x33, 0xfe, 0xcd, 0x01, 0x18, 0x47, 0x01, 0x06, 0x0b, 0x10,
  0x15, 0x0f, 0x11, 0x25, 0x1b, 0x19, 0x51, 0x2b, 0x01, 0x0d, 0x0b, 0x32,
  0x51, 0x12, 0x0f, 0x13, 0x09, 0x0c, 0x13, 0x0e, 0x0c, 0x05, 0xfe, 0xfc,
  0x48, 0x12, 0x33, 0x3d, 0x22, 0x07, 0x17, 0x18, 0x09, 0x23, 0x3a, 0x2e,
  0x1e, 0x3b, 0x1c, 0x3d, 0x35, 0x10, 0x40, 0x0f, 0x33, 0x3b, 0x02, 0xa7,
  0xfd, 0x72, 0x44, 0x02, 0x07, 0x43, 0xfd, 0x23, 0x01, 0xc7, 0x42, 0x01,
  0xfb, 0x0e, 0x2f, 0x60, 0x22, 0x0f, 0x19, 0x3e, 0x40, 0x87, 0x45, 0x45,
  0x0e, 0x13, 0x05, 0xac, 0xee, 0x97, 0x54, 0x12, 0x16, 0x11, 0x03, 0x02,
  0x01, 0x03, 0x10, 0x2a, 0x0e, 0x04, 0x02, 0x07, 0x0a, 0x0d, 0x51, 0x96,
  0xe9, 0xa5, 0xb2, 0x10, 0x4b, 0x8f, 0x7e, 0x30, 0x06, 0x11, 0x0f, 0x05,
  0x2d, 0x75, 0x86, 0xfe, 0xa0, 0x21, 0x23, 0x54, 0x4e, 0x1e, 0x28, 0x1f,
  0x51, 0x55, 0x00, 0x0a, 0x00, 0x2a, 0xff, 0xcc, 0x03, 0xbb, 0x03, 0x2a,
  0x00, 0x03, 0x00, 0x07, 0x00, 0x0b, 0x00, 0x1a, 0x00, 0x2c, 0x00, 0x30,
  0x00, 0x34, 0x00, 0x3c, 0x00, 0x40, 0x00, 0x50, 0x00, 0x00, 0x41, 0x21,
  0x15, 0x21, 0x17, 0x21, 0x15, 0x21, 0x07, 0x21, 0x15, 0x21, 0x03, 0x33,
  0x15, 0x14, 0x06, 0x06, 0x07, 0x2e, 0x02, 0x27, 0x3e, 0x02, 0x35, 0x25,
  0x33, 0x11, 0x14, 0x06, 0x07, 0x06, 0x06, 0x23, 0x26, 0x26, 0x27, 0x16,
  0x32, 0x33, 0x36, 0x36, 0x35, 0x25, 0x33, 0x15, 0x23, 0x27, 0x33, 0x11,
  0x23, 0x13, 0x21, 0x11, 0x21, 0x35, 0x33, 0x11, 0x23, 0x03, 0x21, 0x15,
  0x21, 0x13, 0x21, 0x11, 0x23, 0x35, 0x23, 0x15, 0x23, 0x35, 0x23, 0x15,
  0x23, 0x35, 0x23, 0x15, 0x23, 0x02, 0x28, 0x01, 0x27, 0xfe, 0xd9, 0x01,
  0x01, 0x27, 0xfe, 0xd9, 0x09, 0x01, 0x30, 0xfe, 0xd0, 0x1c, 0x46, 0x13,
  0x38, 0x38, 0x04, 0x13, 0x15, 0x08, 0x33, 0x30, 0x0e, 0x01, 0x31, 0x4a,
  0x10, 0x15, 0x15, 0x47, 0x32, 0x03, 0x10, 0x08, 0x27, 0x3f, 0x0b, 0x0b,
  0x08, 0xfd, 0x50, 0xf3, 0xf3, 0x22, 0x45, 0x45, 0x22, 0x01, 0x1e, 0xfe,
  0xe2, 0xd9, 0xd9, 0x5b, 0x03, 0x91, 0xfc, 0x6f, 0x75, 0x02, 0xad, 0x49,
  0x87, 0x46, 0x86, 0x46, 0x85, 0x46, 0x03, 0x2a, 0x3e, 0x58, 0x38, 0x5b,
  0x38, 0x01, 0x61, 0xd1, 0x35, 0x75, 0x6e, 0x2b, 0x07, 0x13, 0x13, 0x04,
  0x27, 0x5d, 0x62, 0x2d, 0xd0, 0xfe, 0x49, 0x1c, 0x20, 0x08, 0x09, 0x04,
  0x0f, 0x25, 0x0d, 0x01, 0x01, 0x07, 0x0a, 0xfe, 0x3b, 0xe3, 0xfe, 0x3e,
  0x01, 0xc2, 0xfe, 0x75, 0x3c, 0x01, 0x12, 0xfd, 0x32, 0x43, 0x01, 0x37,
  0xfe, 0xe9, 0xda, 0xda, 0xda, 0xda, 0xda, 0xda, 0x00, 0x04, 0x00, 0x9e,
  0xff, 0xb6, 0x03, 0x45, 0x03, 0x0a, 0x00, 0x03, 0x00, 0x07, 0x00, 0x0b,
  0x00, 0x13, 0x00, 0x00, 0x53, 0x21, 0x15, 0x21, 0x15, 0x21, 0x15, 0x21,
  0x15, 0x21, 0x15, 0x21, 0x03, 0x21, 0x11, 0x23, 0x11, 0x21, 0x11, 0x23,
  0xd2, 0x02, 0x42, 0xfd, 0xbe, 0x02, 0x42, 0xfd, 0xbe, 0x02, 0x42, 0xfd,
  0xbe, 0x34, 0x02, 0xa7, 0x4e, 0xfd, 0xf2, 0x4b, 0x02, 0x1e, 0x48, 0xa5,
  0x48, 0xa6, 0x49, 0x03, 0x10, 0xfc, 0xac, 0x03, 0x0a, 0xfc, 0xf6, 0x00,
  0x00, 0x08, 0x00, 0x21, 0xff, 0xae, 0x03, 0xad, 0x03, 0x40, 0x00, 0x07,
  0x00, 0x0b, 0x00, 0x0f, 0x00, 0x13, 0x00, 0x17, 0x00, 0x1b, 0x00, 0x29,
  0x00, 0x36, 0x00, 0x00, 0x41, 0x21, 0x11, 0x23, 0x11, 0x21, 0x11, 0x23,
  0x03, 0x21, 0x15, 0x21, 0x37, 0x21, 0x15, 0x21, 0x13, 0x21, 0x15, 0x21,
  0x15, 0x21, 0x15, 0x21, 0x07, 0x21, 0x15, 0x21, 0x01, 0x17, 0x0e, 0x03,
  0x23, 0x26, 0x26, 0x27, 0x3e, 0x03, 0x05, 0x17, 0x0e, 0x02, 0x07, 0x2e,
  0x02, 0x27, 0x3e, 0x02, 0x01, 0x04, 0x02, 0x47, 0x4b, 0xfe, 0x4c, 0x48,
  0xc9, 0x03, 0x72, 0xfc, 0x8e, 0x49, 0x02, 0xef, 0xfd, 0x11, 0xb0, 0x01,
  0xeb, 0xfe, 0x15, 0x01, 0xeb, 0xfe, 0x15, 0x07, 0x01, 0xf2, 0xfe, 0x0e,
  0x02, 0x0d, 0x30, 0x46, 0xb2, 0xc6, 0xca, 0x5d, 0x01, 0x09, 0x05, 0x5b,
  0xc7, 0xc0, 0xa6, 0xfe, 0xa2, 0x4e, 0x22, 0x6b, 0xa0, 0x70, 0x05, 0x11,
  0x12, 0x08, 0x6b, 0x97, 0x62, 0x01, 0x8b, 0xfe, 0x23, 0x01, 0xa1, 0xfe,
  0x5f, 0x02, 0x61, 0x3e, 0xc5, 0x3c, 0xfe, 0xb1, 0x35, 0x46, 0x34, 0x4a,
  0x3c, 0x03, 0x6a, 0x36, 0x0e, 0x14, 0x0c, 0x07, 0x0c, 0x22, 0x0c, 0x01,
  0x06, 0x0c, 0x12, 0x38, 0x11, 0x78, 0xe3, 0xbe, 0x43, 0x08, 0x17, 0x14,
  0x08, 0x3d, 0xb2, 0xd4, 0x00, 0x0b, 0x00, 0x25, 0xff, 0xc1, 0x03, 0xbf,
  0x03, 0x47, 0x00, 0x03, 0x00, 0x07, 0x00, 0x11, 0x00, 0x1b, 0x00, 0x1f,
  0x00, 0x23, 0x00, 0x34, 0x00, 0x38, 0x00, 0x3c, 0x00, 0x49, 0x00, 0x55,
  0x00, 0x00, 0x41, 0x21, 0x15, 0x21, 0x03, 0x21, 0x15, 0x21, 0x13, 0x37,
  0x1e, 0x02, 0x17, 0x07, 0x2e, 0x02, 0x25, 0x17, 0x0e, 0x02, 0x07, 0x27,
  0x3e, 0x02, 0x03, 0x15, 0x21, 0x35, 0x25, 0x21, 0x11, 0x21, 0x01, 0x33,
  0x15, 0x14, 0x0e, 0x02, 0x07, 0x2e, 0x02, 0x27, 0x3e, 0x03, 0x35, 0x27,
  0x21, 0x15, 0x21, 0x07, 0x21, 0x15, 0x21, 0x17, 0x1e, 0x04, 0x17, 0x07,
  0x2e, 0x03, 0x27, 0x03, 0x17, 0x0e, 0x02, 0x07, 0x2e, 0x02, 0x27, 0x36,
  0x36, 0x01, 0xbd, 0x01, 0xf8, 0xfe, 0x08, 0x2a, 0x02, 0x2c, 0xfd, 0xd4,
  0x66, 0x3e, 0x10, 0x1e, 0x16, 0x05, 0x43, 0x05, 0x15, 0x1b, 0x01, 0x1f,
  0x4c, 0x11, 0x26, 0x28, 0x12, 0x3f, 0x12, 0x26, 0x21, 0xf9, 0x01, 0x22,
  0xfe, 0x98, 0x01, 0xb1, 0xfe, 0x4f, 0xfe, 0xfb, 0x46, 0x0f, 0x29, 0x4e,
  0x3f, 0x05, 0x13, 0x14, 0x08, 0x3c, 0x47, 0x24, 0x0c, 0x51, 0x01, 0x13,
  0xfe, 0xed, 0x5c, 0x01, 0x7c, 0xfe, 0x84, 0xdc, 0x08, 0x21, 0x27, 0x26,
  0x1e, 0x07, 0x32, 0x0c, 0x28, 0x2d, 0x29, 0x0d, 0x55, 0x45, 0x09, 0x1e,
  0x27, 0x19, 0x05, 0x16, 0x17, 0x09, 0x24, 0x2d, 0x03, 0x1c, 0x45, 0xfd,
  0x3e, 0x46, 0x01, 0x27, 0x11, 0x20, 0x4b, 0x48, 0x1c, 0x12, 0x1c, 0x48,
  0x4c, 0x38, 0x11, 0x2c, 0x63, 0x5b, 0x21, 0x10, 0x23, 0x5e, 0x62, 0x01,
  0x43, 0xb5, 0xb5, 0x44, 0xfe, 0xc3, 0x01, 0x73, 0xc1, 0x3d, 0x8e, 0x93,
  0x89, 0x39, 0x08, 0x14, 0x13, 0x04, 0x36, 0x7d, 0x83, 0x80, 0x38, 0xdf,
  0x44, 0xc3, 0x44, 0x43, 0x0a, 0x29, 0x33, 0x34, 0x29, 0x0a, 0x3e, 0x15,
  0x3f, 0x43, 0x3a, 0x11, 0x02, 0x3d, 0x0c, 0x41, 0x7f, 0x6f, 0x2b, 0x06,
  0x0f, 0x0f, 0x04, 0x3b, 0xa9, 0x00, 0x00, 0x08, 0x00, 0x20, 0xff, 0xac,
  0x03, 0xc0, 0x03, 0x11, 0x00, 0x03, 0x00, 0x07, 0x00, 0x0b, 0x00, 0x1c,
  0x00, 0x20, 0x00, 0x28, 0x00, 0x34, 0x00, 0x38, 0x00, 0x00, 0x41, 0x21,
  0x15, 0x21, 0x03, 0x21, 0x15, 0x21, 0x01, 0x33, 0x11, 0x23, 0x03, 0x33,
  0x11, 0x14, 0x0e, 0x02, 0x07, 0x2e, 0x02, 0x27, 0x3e, 0x03, 0x35, 0x01,
  0x21, 0x15, 0x21, 0x17, 0x33, 0x11, 0x23, 0x35, 0x33, 0x11, 0x23, 0x13,
  0x17, 0x0e, 0x02, 0x07, 0x2e, 0x02, 0x27, 0x36, 0x36, 0x07, 0x33, 0x11,
  0x23, 0x01, 0xc9, 0x01, 0xe3, 0xfe, 0x1d, 0x1c, 0x02, 0x13, 0xfd, 0xed,
  0x01, 0x5a, 0x48, 0x48, 0xea, 0x47, 0x0a, 0x1d, 0x39, 0x2f, 0x06, 0x15,
  0x15, 0x0a, 0x2c, 0x33, 0x1b, 0x08, 0xfe, 0x16, 0x01, 0x60, 0xfe, 0xa0,
  0x64, 0xeb, 0xeb, 0xa8, 0xa8, 0x1f, 0x45, 0x11, 0x34, 0x45, 0x2f, 0x02,
  0x0c, 0x0e, 0x06, 0x3a, 0x48, 0x2b, 0x40, 0x40, 0x03, 0x11, 0x47, 0xfe,
  0xe0, 0x48, 0x01, 0x93, 0xfc, 0xbb, 0x03, 0x42, 0xfe, 0xa1, 0x3e, 0x83,
  0x7f, 0x76, 0x31, 0x06, 0x11, 0x0f, 0x05, 0x2d, 0x6d, 0x76, 0x76, 0x37,
  0x01, 0x7d, 0x45, 0xed, 0xfe, 0x4f, 0x43, 0x01, 0x2a, 0x01, 0x56, 0x0f,
  0x5e, 0xb4, 0x9d, 0x3c, 0x0a, 0x1e, 0x20, 0x09, 0x4d, 0xdf, 0x95, 0xfd,
  0xff, 0x00, 0x00, 0x0d, 0x00, 0x23, 0xff, 0xaf, 0x03, 0x9f, 0x03, 0x4b,
  0x00, 0x03, 0x00, 0x07, 0x00, 0x0b, 0x00, 0x0f, 0x00, 0x20, 0x00, 0x30,
  0x00, 0x3b, 0x00, 0x3f, 0x00, 0x4e, 0x00, 0x52, 0x00, 0x5a, 0x00, 0x66,
  0x00, 0x6a, 0x00, 0x00, 0x65, 0x21, 0x15, 0x21, 0x37, 0x21, 0x15, 0x21,
  0x35, 0x21, 0x15, 0x21, 0x37, 0x33, 0x11, 0x23, 0x13, 0x33, 0x11, 0x14,
  0x06, 0x07, 0x06, 0x06, 0x23, 0x26, 0x26, 0x27, 0x16, 0x32, 0x33, 0x36,
  0x35, 0x01, 0x33, 0x11, 0x14, 0x0e, 0x02, 0x07, 0x2e, 0x02, 0x27, 0x3e,
  0x02, 0x35, 0x13, 0x17, 0x06, 0x06, 0x07, 0x2e, 0x02, 0x27, 0x36, 0x36,
  0x37, 0x33, 0x15, 0x21, 0x37, 0x33, 0x37, 0x17, 0x0e, 0x02, 0x07, 0x26,
  0x26, 0x27, 0x3e, 0x02, 0x37, 0x25, 0x21, 0x15, 0x21, 0x17, 0x33, 0x11,
  0x23, 0x35, 0x33, 0x11, 0x23, 0x13, 0x17, 0x0e, 0x02, 0x07, 0x2e, 0x02,
  0x27, 0x36, 0x36, 0x07, 0x33, 0x11, 0x23, 0x01, 0xea, 0x01, 0x90, 0xfe,
  0x70, 0x04, 0x01, 0x8a, 0xfe, 0x76, 0x01, 0x8b, 0xfe, 0x75, 0x97, 0x42,
  0x42, 0xd2, 0x48, 0x0e, 0x13, 0x13, 0x40, 0x2f, 0x01, 0x0b, 0x07, 0x20,
  0x36, 0x08, 0x10, 0xfe, 0x64, 0x46, 0x09, 0x19, 0x2f, 0x27, 0x06, 0x15,
  0x16, 0x09, 0x31, 0x2d, 0x0e, 0x6d, 0x42, 0x26, 0x76, 0x45, 0x04, 0x10,
  0x12, 0x07, 0x41, 0x6a, 0x22, 0xe6, 0xfe, 0xfa, 0xf3, 0x10, 0x0c, 0x30,
  0x10, 0x2e, 0x30, 0x17, 0x0a, 0x1d, 0x0b, 0x14, 0x28, 0x24, 0x0b, 0xfd,
  0x3c, 0x01, 0x51, 0xfe, 0xaf, 0x5f, 0xd2, 0xd2, 0x92, 0x92, 0x1e, 0x46,
  0x11, 0x32, 0x44, 0x2e, 0x03, 0x0b, 0x0f, 0x06, 0x38, 0x47, 0x29, 0x41,
  0x41, 0xe6, 0x42, 0xf5, 0x3c, 0xec, 0x41, 0x1e, 0xfd, 0xae, 0x02, 0x75,
  0xfd, 0xc1, 0x1c, 0x21, 0x09, 0x08, 0x04, 0x0f, 0x26, 0x0e, 0x01, 0x01,
  0x0f, 0x02, 0x3f, 0xfe, 0xf5, 0x2f, 0x69, 0x6b, 0x63, 0x29, 0x06, 0x11,
  0x0e, 0x04, 0x33, 0x7b, 0x80, 0x38, 0x02, 0x0d, 0x11, 0x68, 0xbb, 0x40,
  0x07, 0x15, 0x16, 0x07, 0x39, 0xa6, 0x06, 0x3f, 0x3f, 0x03, 0x21, 0x1f,
  0x43, 0x3e, 0x17, 0x08, 0x13, 0x06, 0x16, 0x3a, 0x3d, 0x19, 0x2c, 0x45,
  0xef, 0xfe, 0x4f, 0x43, 0x01, 0x2a, 0x01, 0x56, 0x0f, 0x5d, 0xb5, 0x9d,
  0x3c, 0x0a, 0x1e, 0x20, 0x09, 0x4d, 0xe0, 0x96, 0xfd, 0xff, 0x00, 0x05,
  0x00, 0x23, 0xff, 0xb1, 0x03, 0xad, 0x02, 0xfe, 0x00, 0x12, 0x00, 0x1e,
  0x00, 0x28, 0x00, 0x2c, 0x00, 0x30, 0x00, 0x00, 0x41, 0x33, 0x11, 0x14,
  0x06, 0x07, 0x06, 0x06, 0x23, 0x26, 0x26, 0x27, 0x16, 0x16, 0x36, 0x33,
  0x36, 0x36, 0x35, 0x03, 0x17, 0x0e, 0x02, 0x07, 0x2e, 0x02, 0x27, 0x36,
  0x36, 0x25, 0x37, 0x1e, 0x02, 0x17, 0x07, 0x2e, 0x02, 0x01, 0x21, 0x15,
  0x21, 0x07, 0x21, 0x15, 0x21, 0x01, 0xcd, 0x51, 0x15, 0x1b, 0x1b, 0x59,
  0x43, 0x02, 0x10, 0x09, 0x22, 0x3f, 0x2f, 0x09, 0x0e, 0x0a, 0xe3, 0x4d,
  0x18, 0x43, 0x4d, 0x27, 0x07, 0x1a, 0x1b, 0x09, 0x3d, 0x69, 0x01, 0xe3,
  0x45, 0x25, 0x47, 0x3a, 0x0f, 0x4b, 0x0d, 0x38, 0x46, 0xfd, 0xc5, 0x02,
  0xc0, 0xfd, 0x40, 0x59, 0x03, 0x71, 0xfc, 0x8f, 0x01, 0xe4, 0xfe, 0x2e,
  0x24, 0x26, 0x0a, 0x09, 0x04, 0x11, 0x2d, 0x11, 0x01, 0x02, 0x01, 0x01,
  0x08, 0x0c, 0x01, 0x4c, 0x15, 0x3d, 0x76, 0x66, 0x26, 0x07, 0x11, 0x11,
  0x04, 0x35, 0x9d, 0x36, 0x1d, 0x2e, 0x6e, 0x6a, 0x2b, 0x22, 0x2a, 0x6c,
  0x71, 0x01, 0xed, 0x4a, 0xa9, 0x4a, 0x00, 0x0d, 0x00, 0x21, 0xff, 0xac,
  0x03, 0xbe, 0x03, 0x48, 0x00, 0x03, 0x00, 0x07, 0x00, 0x14, 0x00, 0x20,
  0x00, 0x2c, 0x00, 0x37, 0x00, 0x43, 0x00, 0x47, 0x00, 0x58, 0x00, 0x5c,
  0x00, 0x6d, 0x00, 0x75, 0x00, 0x7d, 0x00, 0x00, 0x53, 0x33, 0x11, 0x23,
  0x03, 0x21, 0x15, 0x21, 0x37, 0x17, 0x0e, 0x03, 0x07, 0x26, 0x26, 0x27,
  0x3e, 0x02, 0x13, 0x17, 0x0e, 0x02, 0x07, 0x26, 0x26, 0x27, 0x3e, 0x02,
  0x03, 0x1e, 0x03, 0x17, 0x07, 0x2e, 0x03, 0x27, 0x01, 0x17, 0x06, 0x06,
  0x07, 0x2e, 0x02, 0x27, 0x36, 0x36, 0x13, 0x17, 0x06, 0x06, 0x07, 0x2e,
  0x02, 0x27, 0x3e, 0x02, 0x03, 0x33, 0x15, 0x21, 0x25, 0x33, 0x37, 0x17,
  0x0e, 0x03, 0x07, 0x26, 0x26, 0x27, 0x3e, 0x03, 0x37, 0x03, 0x33, 0x15,
  0x21, 0x25, 0x33, 0x37, 0x17, 0x0e, 0x03, 0x07, 0x26, 0x26, 0x27, 0x3e,
  0x03, 0x37, 0x25, 0x37, 0x16, 0x16, 0x17, 0x07, 0x26, 0x26, 0x13, 0x37,
  0x16, 0x16, 0x17, 0x07, 0x26, 0x26, 0xc7, 0x46, 0x46, 0x98, 0x01, 0x59,
  0xfe, 0xa7, 0x95, 0x2e, 0x0d, 0x25, 0x2e, 0x31, 0x1a, 0x06, 0x17, 0x09,
  0x20, 0x3f, 0x35, 0x9f, 0x2f, 0x29, 0x69, 0x6e, 0x34, 0x02, 0x0d, 0x07,
  0x32, 0x69, 0x5f, 0x29, 0x08, 0x24, 0x28, 0x22, 0x07, 0x2c, 0x07, 0x1e,
  0x23, 0x20, 0x09, 0x01, 0x94, 0x4d, 0x2e, 0x8b, 0x63, 0x06, 0x12, 0x13,
  0x08, 0x5d, 0x83, 0x5f, 0x4d, 0x32, 0xa3, 0x78, 0x06, 0x11, 0x12, 0x08,
  0x4c, 0x77, 0x55, 0x44, 0xf3, 0xfe, 0xd4, 0x01, 0x16, 0x0e, 0x0d, 0x30,
  0x20, 0x65, 0x80, 0x90, 0x4b, 0x06, 0x17, 0x0a, 0x45, 0x88, 0x78, 0x5c,
  0x1b, 0xac, 0xfa, 0xfe, 0xca, 0x01, 0x1f, 0x0e, 0x0d, 0x31, 0x21, 0x70,
  0x94, 0xad, 0x5c, 0x06, 0x16, 0x0b, 0x56, 0xa3, 0x8b, 0x69, 0x1c, 0xfe,
  0x8d, 0x37, 0x21, 0x47, 0x15, 0x3b, 0x11, 0x47, 0x0f, 0x38, 0x26, 0x4f,
  0x15, 0x3b, 0x14, 0x4e, 0x02, 0xfa, 0xfc, 0xb5, 0x02, 0x7a, 0x46, 0x2c,
  0x12, 0x35, 0x73, 0x6f, 0x62, 0x23, 0x10, 0x27, 0x0e, 0x29, 0x7a, 0x89,
  0x01, 0x6d, 0x3c, 0x11, 0x1e, 0x16, 0x08, 0x0c, 0x22, 0x0c, 0x0a, 0x18,
  0x1d, 0xfe, 0xa0, 0x09, 0x2b, 0x33, 0x2b, 0x0a, 0x3c, 0x10, 0x33, 0x39,
  0x30, 0x0e, 0x01, 0x97, 0x0f, 0x45, 0x85, 0x36, 0x08, 0x14, 0x12, 0x05,
  0x2e, 0x77, 0xfe, 0xcc, 0x0f, 0x52, 0x9d, 0x3c, 0x08, 0x14, 0x13, 0x05,
  0x23, 0x58, 0x5e, 0x01, 0x38, 0x40, 0x40, 0x03, 0x18, 0x47, 0x70, 0x55,
  0x3d, 0x14, 0x0d, 0x22, 0x0b, 0x10, 0x36, 0x4b, 0x60, 0x3a, 0xfe, 0xa6,
  0x41, 0x41, 0x03, 0x16, 0x63, 0x95, 0x6b, 0x49, 0x16, 0x0e, 0x24, 0x0c,
  0x11, 0x40, 0x61, 0x84, 0x55, 0xd8, 0x25, 0x13, 0x34, 0x16, 0x29, 0x15,
  0x38, 0xfe, 0x89, 0x26, 0x17, 0x3e, 0x19, 0x2a, 0x19, 0x41, 0x00, 0x09,
  0x00, 0x2f, 0xff, 0xb1, 0x03, 0xc0, 0x03, 0x49, 0x00, 0x03, 0x00, 0x0c,
  0x00, 0x16, 0x00, 0x22, 0x00, 0x2a, 0x00, 0x2e, 0x00, 0x32, 0x00, 0x36,
  0x00, 0x3e, 0x00, 0x00, 0x53, 0x21, 0x15, 0x21, 0x03, 0x3e, 0x02, 0x37,
  0x17, 0x06, 0x06, 0x07, 0x13, 0x37, 0x1e, 0x02, 0x17, 0x07, 0x2e, 0x02,
  0x37, 0x17, 0x0e, 0x03, 0x07, 0x27, 0x3e, 0x03, 0x03, 0x37, 0x16, 0x16,
  0x17, 0x07, 0x26, 0x26, 0x05, 0x21, 0x15, 0x21, 0x03, 0x21, 0x15, 0x21,
  0x13, 0x33, 0x11, 0x23, 0x27, 0x21, 0x11, 0x23, 0x11, 0x21, 0x11, 0x23,
  0x3a, 0x01, 0x85, 0xfe, 0x7b, 0x0b, 0x31, 0x7f, 0x8e, 0x47, 0x07, 0x63,
  0xc9, 0x4e, 0x21, 0x3c, 0x0c, 0x15, 0x0f, 0x03, 0x3f, 0x02, 0x0e, 0x14,
  0xdc, 0x46, 0x08, 0x13, 0x16, 0x15, 0x0b, 0x38, 0x0a, 0x13, 0x12, 0x0f,
  0x96, 0x41, 0x16, 0x28, 0x09, 0x44, 0x09, 0x26, 0x01, 0xdd, 0x01, 0x1f,
  0xfe, 0xe1, 0xac, 0x01, 0x7a, 0xfe, 0x86, 0x80, 0x4d, 0x4d, 0xa2, 0x01,
  0xc3, 0x4c, 0xfe, 0xd2, 0x49, 0x02, 0x8c, 0x46, 0xfe, 0x19, 0x0a, 0x1d,
  0x22, 0x11, 0x45, 0x1a, 0x32, 0x14, 0x01, 0xf9, 0x0b, 0x39, 0x80, 0x7b,
  0x32, 0x0b, 0x31, 0x7b, 0x82, 0x50, 0x0e, 0x31, 0x6f, 0x6f, 0x64, 0x27,
  0x0d, 0x28, 0x66, 0x70, 0x6e, 0x01, 0x39, 0x14, 0x23, 0x53, 0x1f, 0x18,
  0x1f, 0x57, 0x93, 0x48, 0xfd, 0xf6, 0x46, 0x03, 0x68, 0xfe, 0x02, 0x1f,
  0xfe, 0x4b, 0x01, 0x6e, 0xfe, 0x8e, 0x00, 0x0c, 0x00, 0x2e, 0xff, 0xaf,
  0x03, 0xb3, 0x03, 0x4d, 0x00, 0x07, 0x00, 0x11, 0x00, 0x15, 0x00, 0x2f,
  0x00, 0x33, 0x00, 0x40, 0x00, 0x44, 0x00, 0x48, 0x00, 0x53, 0x00, 0x5e,
  0x00, 0x66, 0x00, 0x6e, 0x00, 0x00, 0x53, 0x21, 0x35, 0x21, 0x35, 0x21,
  0x15, 0x21, 0x27, 0x33, 0x0e, 0x02, 0x07, 0x23, 0x3e, 0x02, 0x17, 0x21,
  0x15, 0x21, 0x25, 0x33, 0x30, 0x06, 0x07, 0x06, 0x06, 0x07, 0x06, 0x06,
  0x07, 0x06, 0x22, 0x27, 0x26, 0x26, 0x27, 0x16, 0x16, 0x37, 0x32, 0x36,
  0x37, 0x36, 0x36, 0x37, 0x01, 0x33, 0x11, 0x23, 0x03, 0x17, 0x0e, 0x02,
  0x07, 0x2e, 0x02, 0x27, 0x3e, 0x02, 0x03, 0x21, 0x15, 0x21, 0x25, 0x21,
  0x15, 0x21, 0x25, 0x17, 0x06, 0x06, 0x07, 0x2e, 0x02, 0x27, 0x36, 0x36,
  0x25, 0x17, 0x06, 0x06, 0x07, 0x2e, 0x02, 0x27, 0x36, 0x36, 0x05, 0x37,
  0x16, 0x16, 0x17, 0x07, 0x26, 0x26, 0x25, 0x37, 0x16, 0x16, 0x17, 0x07,
  0x26, 0x26, 0xc7, 0x02, 0x54, 0xfd, 0x68, 0x02, 0xe1, 0xfd, 0x63, 0x1f,
  0x47, 0x04, 0x0c, 0x0c, 0x06, 0x4a, 0x08, 0x0d, 0x0c, 0x13, 0x02, 0x98,
  0xfd, 0x55, 0x02, 0x97, 0x4b, 0x01, 0x01, 0x0b, 0x16, 0x14, 0x0d, 0x1d,
  0x16, 0x12, 0x45, 0x27, 0x01, 0x0b, 0x09, 0x25, 0x40, 0x0d, 0x0d, 0x11,
  0x06, 0x0d, 0x13, 0x09, 0xfe, 0x8e, 0x4a, 0x4a, 0x14, 0x3b, 0x2b, 0x7c,
  0x8d, 0x45, 0x05, 0x11, 0x13, 0x08, 0x45, 0x8c, 0x77, 0xcb, 0x01, 0x38,
  0xfe, 0xc8, 0x01, 0x7d, 0x01, 0x73, 0xfe, 0x8d, 0xfe, 0x94, 0x45, 0x1d,
  0x5c, 0x33, 0x06, 0x17, 0x18, 0x0a, 0x36, 0x56, 0x01, 0x9c, 0x48, 0x16,
  0x4b, 0x2b, 0x07, 0x18, 0x19, 0x0a, 0x2e, 0x44, 0xfe, 0xc6, 0x3f, 0x13,
  0x22, 0x07, 0x42, 0x07, 0x20, 0x01, 0x8b, 0x3e, 0x1a, 0x33, 0x0c, 0x41,
  0x0b, 0x31, 0x01, 0x91, 0x5d, 0x40, 0xdd, 0x40, 0x25, 0x51, 0x4b, 0x1c,
  0x1e, 0x4c, 0x4f, 0x79, 0x40, 0x40, 0x16, 0x08, 0x69, 0x66, 0x13, 0x0d,
  0x0b, 0x01, 0x01, 0x02, 0x10, 0x27, 0x0e, 0x04, 0x02, 0x01, 0x03, 0x05,
  0x0d, 0x59, 0x61, 0x01, 0x32, 0xfd, 0x93, 0x01, 0x32, 0x1a, 0x3c, 0x6c,
  0x55, 0x1c, 0x09, 0x17, 0x15, 0x06, 0x17, 0x4d, 0x60, 0x02, 0x44, 0x3a,
  0x3a, 0x3a, 0x95, 0x11, 0x4e, 0x8d, 0x30, 0x06, 0x0d, 0x0e, 0x04, 0x2d,
  0x82, 0x48, 0x11, 0x4b, 0x8a, 0x2f, 0x05, 0x10, 0x0e, 0x04, 0x2b, 0x7e,
  0x43, 0x14, 0x1e, 0x4a, 0x1a, 0x18, 0x1b, 0x4c, 0x1c, 0x18, 0x1d, 0x48,
  0x1b, 0x1c, 0x1b, 0x4b, 0x00, 0x0c, 0x00, 0x21, 0xff, 0xb1, 0x03, 0xbc,
  0x03, 0x4d, 0x00, 0x03, 0x00, 0x07, 0x00, 0x0b, 0x00, 0x0f, 0x00, 0x22,
  0x00, 0x26, 0x00, 0x2a, 0x00, 0x35, 0x00, 0x40, 0x00, 0x48, 0x00, 0x50,
  0x00, 0x5a, 0x00, 0x00, 0x41, 0x33, 0x11, 0x23, 0x25, 0x21, 0x15, 0x21,
  0x07, 0x21, 0x15, 0x21, 0x17, 0x21, 0x15, 0x21, 0x25, 0x33, 0x11, 0x14,
  0x06, 0x07, 0x06, 0x06, 0x23, 0x26, 0x26, 0x27, 0x16, 0x16, 0x32, 0x37,
  0x36, 0x36, 0x35, 0x01, 0x21, 0x15, 0x21, 0x25, 0x21, 0x15, 0x21, 0x25,
  0x17, 0x06, 0x06, 0x07, 0x2e, 0x02, 0x27, 0x36, 0x36, 0x25, 0x17, 0x06,
  0x06, 0x07, 0x2e, 0x02, 0x27, 0x36, 0x36, 0x05, 0x37, 0x16, 0x16, 0x17,
  0x07, 0x26, 0x26, 0x25, 0x37, 0x16, 0x16, 0x17, 0x07, 0x26, 0x26, 0x01,
  0x37, 0x1e, 0x02, 0x17, 0x07, 0x2e, 0x02, 0x01, 0xcc, 0x4d, 0x4d, 0xfe,
  0xc7, 0x02, 0xca, 0xfd, 0x36, 0x63, 0x03, 0x8c, 0xfc, 0x74, 0x20, 0x03,
  0x51, 0xfc, 0xaf, 0x02, 0x49, 0x4c, 0x12, 0x1a, 0x19, 0x55, 0x3e, 0x03,
  0x11, 0x08, 0x22, 0x3b, 0x2b, 0x09, 0x0e, 0x09, 0xfe, 0x0a, 0x01, 0x45,
  0xfe, 0xbb, 0x01, 0x82, 0x01, 0x8c, 0xfe, 0x74, 0xfe, 0x95, 0x47, 0x1d,
  0x56, 0x2e, 0x07, 0x17, 0x18, 0x09, 0x2f, 0x51, 0x01, 0xa1, 0x48, 0x19,
  0x53, 0x2f, 0x07, 0x17, 0x17, 0x09, 0x2e, 0x4e, 0xfe, 0xb2, 0x40, 0x10,
  0x20, 0x06, 0x43, 0x05, 0x1d, 0x01, 0x8f, 0x3e, 0x19, 0x31, 0x0c, 0x41,
  0x0a, 0x2f, 0xfe, 0x46, 0x37, 0x21, 0x42, 0x39, 0x11, 0x3a, 0x10, 0x37,
  0x42, 0x02, 0x63, 0xfe, 0xfb, 0xc1, 0x40, 0x5a, 0x42, 0x58, 0x42, 0xa7,
  0xfe, 0xb9, 0x21, 0x22, 0x0a, 0x08, 0x03, 0x10, 0x28, 0x0f, 0x01, 0x01,
  0x01, 0x01, 0x07, 0x0b, 0x02, 0xea, 0x40, 0x40, 0x40, 0x99, 0x13, 0x4a,
  0x89, 0x2f, 0x06, 0x10, 0x10, 0x04, 0x2c, 0x7d, 0x42, 0x11, 0x48, 0x80,
  0x2c, 0x07, 0x10, 0x10, 0x05, 0x27, 0x73, 0x4a, 0x15, 0x1d, 0x48, 0x19,
  0x19, 0x1a, 0x49, 0x1e, 0x19, 0x1d, 0x4a, 0x1c, 0x1c, 0x1c, 0x4b, 0xfd,
  0xda, 0x2b, 0x14, 0x34, 0x36, 0x18, 0x30, 0x18, 0x38, 0x35, 0x00, 0x0b,
  0x00, 0x25, 0xff, 0xb0, 0x03, 0xcb, 0x03, 0x4c, 0x00, 0x03, 0x00, 0x07,
  0x00, 0x0f, 0x00, 0x13, 0x00, 0x17, 0x00, 0x23, 0x00, 0x2e, 0x00, 0x36,
  0x00, 0x3e, 0x00, 0x4a, 0x00, 0x59, 0x00, 0x00, 0x41, 0x21, 0x15, 0x21,
  0x03, 0x21, 0x15, 0x21, 0x03, 0x21, 0x11, 0x23, 0x35, 0x21, 0x15, 0x23,
  0x03, 0x21, 0x15, 0x21, 0x25, 0x21, 0x15, 0x21, 0x25, 0x17, 0x0e, 0x02,
  0x07, 0x2e, 0x02, 0x27, 0x36, 0x36, 0x25, 0x17, 0x06, 0x06, 0x07, 0x2e,
  0x02, 0x27, 0x36, 0x36, 0x05, 0x37, 0x16, 0x16, 0x17, 0x07, 0x26, 0x26,
  0x25, 0x37, 0x16, 0x16, 0x17, 0x07, 0x26, 0x26, 0x07, 0x17, 0x06, 0x06,
  0x07, 0x2e, 0x02, 0x27, 0x3e, 0x02, 0x37, 0x1e, 0x03, 0x17, 0x0e, 0x02,
  0x07, 0x2e, 0x03, 0x27, 0x01, 0x29, 0x01, 0x9e, 0xfe, 0x62, 0x2c, 0x01,
  0xf4, 0xfe, 0x0c, 0x29, 0x02, 0x46, 0x4b, 0xfe, 0x4d, 0x48, 0x27, 0x01,
  0x3d, 0xfe, 0xc3, 0x01, 0x89, 0x01, 0x77, 0xfe, 0x89, 0xfe, 0x92, 0x47,
  0x14, 0x37, 0x3f, 0x21, 0x06, 0x18, 0x18, 0x09, 0x33, 0x55, 0x01, 0xa6,
  0x47, 0x14, 0x46, 0x28, 0x07, 0x16, 0x17, 0x0a, 0x28, 0x3f, 0xfe, 0xb1,
  0x40, 0x16, 0x29, 0x09, 0x43, 0x08, 0x28, 0x01, 0x8e, 0x42, 0x19, 0x32,
  0x0c, 0x46, 0x0a, 0x30, 0xc8, 0x46, 0x4b, 0xf4, 0x94, 0x05, 0x11, 0x13,
  0x08, 0x60, 0xac, 0x88, 0x47, 0x22, 0x65, 0x7c, 0x85, 0x40, 0x08, 0x14,
  0x13, 0x06, 0x3f, 0x82, 0x78, 0x66, 0x22, 0x01, 0x7d, 0x40, 0xfe, 0xde,
  0x42, 0x01, 0x13, 0xfe, 0xc8, 0xf7, 0xfb, 0x03, 0x3a, 0x41, 0x40, 0x41,
  0xa4, 0x13, 0x34, 0x65, 0x59, 0x22, 0x07, 0x10, 0x0f, 0x05, 0x2d, 0x87,
  0x48, 0x10, 0x45, 0x7d, 0x2a, 0x05, 0x10, 0x10, 0x04, 0x27, 0x6f, 0x54,
  0x13, 0x21, 0x4f, 0x1d, 0x17, 0x1d, 0x52, 0x1d, 0x16, 0x1e, 0x4c, 0x1d,
  0x1a, 0x1d, 0x4f, 0x3d, 0x1c, 0x67, 0x9e, 0x37, 0x09, 0x17, 0x16, 0x07,
  0x20, 0x58, 0x69, 0x17, 0x1d, 0x41, 0x3e, 0x37, 0x12, 0x08, 0x18, 0x18,
  0x0b, 0x16, 0x3d, 0x45, 0x46, 0x1f, 0x00, 0x0d, 0x00, 0x31, 0xff, 0xb2,
  0x03, 0xa2, 0x03, 0x4b, 0x00, 0x03, 0x00, 0x07, 0x00, 0x13, 0x00, 0x1e,
  0x00, 0x26, 0x00, 0x2e, 0x00, 0x32, 0x00, 0x36, 0x00, 0x3a, 0x00, 0x42,
  0x00, 0x55, 0x00, 0x59, 0x00, 0x5d, 0x00, 0x00, 0x53, 0x21, 0x15, 0x21,
  0x25, 0x21, 0x15, 0x21, 0x25, 0x17, 0x0e, 0x02, 0x07, 0x2e, 0x02, 0x27,
  0x36, 0x36, 0x25, 0x17, 0x06, 0x06, 0x07, 0x2e, 0x02, 0x27, 0x36, 0x36,
  0x05, 0x37, 0x16, 0x16, 0x17, 0x07, 0x26, 0x26, 0x25, 0x37, 0x16, 0x16,
  0x17, 0x07, 0x26, 0x26, 0x01, 0x21, 0x15, 0x21, 0x03, 0x33, 0x11, 0x23,
  0x13, 0x21, 0x15, 0x21, 0x27, 0x37, 0x16, 0x16, 0x17, 0x07, 0x26, 0x26,
  0x25, 0x33, 0x11, 0x14, 0x06, 0x07, 0x06, 0x06, 0x23, 0x26, 0x26, 0x27,
  0x32, 0x16, 0x36, 0x33, 0x36, 0x36, 0x35, 0x01, 0x15, 0x33, 0x35, 0x25,
  0x21, 0x11, 0x21, 0xbd, 0x01, 0x30, 0xfe, 0xd0, 0x01, 0x7a, 0x01, 0x6b,
  0xfe, 0x95, 0xfe, 0x98, 0x47, 0x13, 0x34, 0x3f, 0x21, 0x07, 0x17, 0x17,
  0x09, 0x32, 0x53, 0x01, 0x9e, 0x48, 0x16, 0x4a, 0x2a, 0x06, 0x16, 0x18,
  0x0a, 0x2b, 0x43, 0xfe, 0xc6, 0x3e, 0x15, 0x29, 0x09, 0x43, 0x08, 0x26,
  0x01, 0x86, 0x3e, 0x19, 0x32, 0x0c, 0x41, 0x0a, 0x31, 0xfe, 0xa4, 0x01,
  0x2f, 0xfe, 0xd1, 0xf4, 0x49, 0x49, 0xf3, 0x01, 0xfe, 0xfe, 0x02, 0xc6,
  0x37, 0x20, 0x42, 0x11, 0x3a, 0x10, 0x41, 0x02, 0x7d, 0x4a, 0x10, 0x17,
  0x17, 0x4c, 0x38, 0x02, 0x0e, 0x08, 0x1c, 0x33, 0x26, 0x07, 0x0c, 0x08,
  0xfe, 0x4d, 0xeb, 0xfe, 0xd4, 0x01, 0x70, 0xfe, 0x90, 0x02, 0xf0, 0x3f,
  0x3e, 0x3f, 0x9b, 0x12, 0x35, 0x62, 0x55, 0x21, 0x07, 0x0f, 0x0f, 0x05,
  0x2c, 0x82, 0x45, 0x10, 0x49, 0x83, 0x2d, 0x06, 0x10, 0x10, 0x04, 0x29,
  0x75, 0x47, 0x17, 0x1f, 0x4d, 0x1b, 0x1b, 0x1c, 0x4f, 0x21, 0x1a, 0x21,
  0x50, 0x1d, 0x1d, 0x1d, 0x53, 0xfe, 0x54, 0x38, 0x01, 0x09, 0xfd, 0xec,
  0x02, 0x68, 0x44, 0x45, 0x26, 0x1b, 0x45, 0x1b, 0x29, 0x1a, 0x48, 0x1b,
  0xfd, 0xf0, 0x1f, 0x21, 0x09, 0x08, 0x03, 0x0f, 0x25, 0x0e, 0x02, 0x01,
  0x01, 0x08, 0x0b, 0x01, 0x3e, 0xe6, 0xe6, 0x3a, 0xfe, 0xa6, 0x00, 0x09,
  0x00, 0x2e, 0xff, 0xb0, 0x03, 0xc3, 0x03, 0x47, 0x00, 0x03, 0x00, 0x07,
  0x00, 0x10, 0x00, 0x14, 0x00, 0x1c, 0x00, 0x2d, 0x00, 0x3a, 0x00, 0x46,
  0x00, 0x52, 0x00, 0x00, 0x53, 0x21, 0x15, 0x21, 0x03, 0x21, 0x15, 0x21,
  0x01, 0x17, 0x06, 0x06, 0x07, 0x27, 0x3e, 0x02, 0x25, 0x33, 0x11, 0x23,
  0x01, 0x37, 0x16, 0x16, 0x17, 0x07, 0x26, 0x26, 0x13, 0x33, 0x0e, 0x04,
  0x07, 0x2e, 0x02, 0x27, 0x3e, 0x04, 0x03, 0x17, 0x0e, 0x02, 0x07, 0x2e,
  0x02, 0x27, 0x3e, 0x02, 0x13, 0x16, 0x16, 0x17, 0x0e, 0x02, 0x07, 0x2e,
  0x02, 0x27, 0x13, 0x37, 0x1e, 0x03, 0x17, 0x07, 0x2e, 0x03, 0x48, 0x03,
  0x5d, 0xfc, 0xa3, 0x05, 0x03, 0x65, 0xfc, 0x9b, 0x02, 0xa7, 0x4e, 0x1c,
  0x3f, 0x1b, 0x3d, 0x11, 0x25, 0x23, 0xfe, 0xee, 0x4b, 0x4b, 0xfe, 0xe9,
  0x3f, 0x21, 0x3e, 0x0f, 0x43, 0x0e, 0x3c, 0xfa, 0x4f, 0x09, 0x1f, 0x3c,
  0x63, 0x97, 0x6b, 0x03, 0x0d, 0x10, 0x07, 0x65, 0x8b, 0x5b, 0x34, 0x1b,
  0x17, 0x3c, 0x2a, 0x7d, 0x94, 0x4d, 0x05, 0x11, 0x12, 0x08, 0x4c, 0x92,
  0x78, 0x98, 0x30, 0xd5, 0x9b, 0x08, 0x13, 0x0f, 0x05, 0x6e, 0xa9, 0x79,
  0x25, 0x03, 0x23, 0x32, 0x72, 0x71, 0x64, 0x23, 0x25, 0x22, 0x62, 0x71,
  0x73, 0x02, 0x85, 0x45, 0xfe, 0xb9, 0x46, 0x02, 0x83, 0x19, 0x26, 0x4b,
  0x1b, 0x17, 0x14, 0x32, 0x33, 0x26, 0xfe, 0x34, 0x01, 0x9a, 0x1d, 0x1d,
  0x4c, 0x1e, 0x21, 0x1d, 0x4f, 0xfe, 0x6f, 0x45, 0x76, 0x61, 0x4d, 0x39,
  0x13, 0x0a, 0x1a, 0x18, 0x09, 0x10, 0x2f, 0x41, 0x51, 0x64, 0x01, 0x3c,
  0x19, 0x3b, 0x66, 0x4c, 0x17, 0x0a, 0x17, 0x16, 0x07, 0x12, 0x42, 0x59,
  0xfe, 0xae, 0x65, 0x75, 0x12, 0x08, 0x19, 0x1a, 0x0b, 0x11, 0x4a, 0x75,
  0x52, 0x01, 0x59, 0x34, 0x17, 0x38, 0x3b, 0x36, 0x15, 0x3e, 0x17, 0x38,
  0x3d, 0x3b, 0x00, 0x09, 0x00, 0x46, 0xff, 0xbb, 0x03, 0xa8, 0x03, 0x41,
  0x00, 0x0b, 0x00, 0x15, 0x00, 0x28, 0x00, 0x36, 0x00, 0x4c, 0x00, 0x59,
  0x00, 0x6f, 0x00, 0x7a, 0x00, 0x84, 0x00, 0x00, 0x65, 0x17, 0x0e, 0x02,
  0x07, 0x2e, 0x02, 0x27, 0x36, 0x36, 0x25, 0x37, 0x1e, 0x02, 0x17, 0x07,
  0x2e, 0x02, 0x27, 0x33, 0x11, 0x14, 0x06, 0x07, 0x06, 0x06, 0x23, 0x26,
  0x26, 0x27, 0x16, 0x16, 0x36, 0x33, 0x36, 0x36, 0x35, 0x01, 0x17, 0x0e,
  0x03, 0x07, 0x26, 0x26, 0x27, 0x3e, 0x03, 0x01, 0x2e, 0x02, 0x27, 0x36,
  0x36, 0x37, 0x3e, 0x03, 0x37, 0x17, 0x06, 0x04, 0x07, 0x15, 0x30, 0x0e,
  0x02, 0x15, 0x27, 0x37, 0x25, 0x06, 0x14, 0x17, 0x0e, 0x05, 0x37, 0x2e,
  0x02, 0x27, 0x36, 0x36, 0x37, 0x3e, 0x03, 0x37, 0x17, 0x06, 0x06, 0x07,
  0x15, 0x30, 0x0e, 0x02, 0x15, 0x35, 0x37, 0x25, 0x06, 0x06, 0x07, 0x0e,
  0x03, 0x05, 0x37, 0x1e, 0x02, 0x17, 0x07, 0x2e, 0x02, 0x01, 0x1e, 0x4b,
  0x1e, 0x4c, 0x51, 0x26, 0x07, 0x18, 0x19, 0x0a, 0x3c, 0x74, 0x01, 0x86,
  0x3b, 0x2a, 0x5b, 0x51, 0x1b, 0x40, 0x18, 0x50, 0x5a, 0xcf, 0x4c, 0x11,
  0x19, 0x19, 0x4c, 0x37, 0x03, 0x11, 0x09, 0x1f, 0x35, 0x27, 0x08, 0x0d,
  0x07, 0x01, 0x4c, 0x34, 0x46, 0xb0, 0xc1, 0xc6, 0x5c, 0x01, 0x0c, 0x06,
  0x5b, 0xc2, 0xbb, 0xa3, 0xfd, 0x9b, 0x01, 0x08, 0x09, 0x05, 0x18, 0x44,
  0x2f, 0x1a, 0x64, 0x80, 0x89, 0x3e, 0x3a, 0x8d, 0xfe, 0xdd, 0x8e, 0x10,
  0x15, 0x10, 0x02, 0x33, 0x02, 0x80, 0x02, 0x01, 0x95, 0xd5, 0x92, 0x5b,
  0x34, 0x1c, 0x2d, 0x01, 0x07, 0x09, 0x04, 0x0f, 0x25, 0x16, 0x0c, 0x2f,
  0x3c, 0x3e, 0x1b, 0x40, 0x41, 0x8d, 0x46, 0x0f, 0x13, 0x0f, 0x2a, 0x01,
  0x5a, 0x03, 0x04, 0x01, 0x77, 0x8f, 0x4b, 0x21, 0x01, 0xd7, 0x3a, 0x26,
  0x4f, 0x43, 0x14, 0x3c, 0x13, 0x43, 0x4e, 0xe0, 0x1b, 0x28, 0x50, 0x46,
  0x1b, 0x07, 0x13, 0x12, 0x06, 0x24, 0x68, 0x14, 0x27, 0x1f, 0x4a, 0x48,
  0x1d, 0x2d, 0x1c, 0x4b, 0x4d, 0x92, 0xfe, 0xe3, 0x1f, 0x22, 0x0a, 0x09,
  0x04, 0x11, 0x2b, 0x0f, 0x01, 0x02, 0x01, 0x01, 0x07, 0x08, 0x03, 0x2d,
  0x3f, 0x11, 0x1b, 0x14, 0x0e, 0x04, 0x0e, 0x26, 0x0d, 0x05, 0x0e, 0x14,
  0x19, 0xfd, 0xc4, 0x08, 0x19, 0x1b, 0x0a, 0x03, 0x1c, 0x17, 0x0c, 0x38,
  0x4e, 0x5e, 0x33, 0x30, 0x6b, 0xa7, 0x3c, 0x03, 0x05, 0x09, 0x0b, 0x05,
  0x36, 0x1b, 0x2b, 0x0f, 0x23, 0x0b, 0x0b, 0x10, 0x0b, 0x09, 0x06, 0x06,
  0xcd, 0x07, 0x19, 0x1a, 0x09, 0x02, 0x16, 0x10, 0x08, 0x26, 0x34, 0x3e,
  0x20, 0x24, 0x43, 0x76, 0x2b, 0x02, 0x06, 0x0a, 0x0c, 0x05, 0x33, 0x16,
  0x12, 0x0e, 0x23, 0x0b, 0x06, 0x0a, 0x06, 0x06, 0x0d, 0x1e, 0x22, 0x50,
  0x4e, 0x1e, 0x24, 0x1f, 0x50, 0x53, 0x00, 0x09, 0x00, 0x2a, 0xff, 0xc6,
  0x03, 0xbf, 0x03, 0x48, 0x00, 0x03, 0x00, 0x07, 0x00, 0x0b, 0x00, 0x13,
  0x00, 0x29, 0x00, 0x34, 0x00, 0x4b, 0x00, 0x56, 0x00, 0x5f, 0x00, 0x00,
  0x65, 0x21, 0x15, 0x21, 0x13, 0x21, 0x15, 0x21, 0x17, 0x21, 0x15, 0x21,
  0x03, 0x21, 0x11, 0x23, 0x11, 0x23, 0x11, 0x23, 0x25, 0x2e, 0x02, 0x27,
  0x36, 0x36, 0x37, 0x3e, 0x03, 0x37, 0x17, 0x06, 0x06, 0x07, 0x15, 0x30,
  0x0e, 0x02, 0x15, 0x27, 0x37, 0x25, 0x06, 0x14, 0x17, 0x0e, 0x03, 0x27,
  0x2e, 0x02, 0x27, 0x36, 0x36, 0x37, 0x3e, 0x03, 0x37, 0x17, 0x0e, 0x02,
  0x07, 0x15, 0x30, 0x0e, 0x02, 0x15, 0x27, 0x37, 0x37, 0x06, 0x06, 0x17,
  0x0e, 0x03, 0x03, 0x3e, 0x02, 0x37, 0x17, 0x06, 0x06, 0x07, 0x01, 0x7c,
  0x02, 0x43, 0xfd, 0xbd, 0x8c, 0x01, 0x47, 0xfe, 0xb9, 0x01, 0x01, 0x47,
  0xfe, 0xb9, 0x28, 0x01, 0x87, 0x4a, 0xf5, 0x48, 0xfe, 0x68, 0x02, 0x08,
  0x09, 0x05, 0x11, 0x27, 0x19, 0x0d, 0x34, 0x40, 0x43, 0x1d, 0x3c, 0x40,
  0x98, 0x4c, 0x0f, 0x14, 0x0f, 0x04, 0x25, 0x01, 0x28, 0x02, 0x01, 0x66,
  0x7b, 0x42, 0x1d, 0x0f, 0x02, 0x09, 0x09, 0x04, 0x0e, 0x1d, 0x11, 0x09,
  0x24, 0x2b, 0x2b, 0x11, 0x44, 0x1c, 0x44, 0x49, 0x26, 0x0d, 0x13, 0x0d,
  0x02, 0x24, 0xc8, 0x02, 0x04, 0x01, 0x45, 0x55, 0x2f, 0x16, 0x18, 0x2c,
  0x70, 0x7e, 0x40, 0x07, 0x59, 0xb3, 0x46, 0x0b, 0x45, 0x02, 0x51, 0x45,
  0xc0, 0x43, 0x02, 0x47, 0xfc, 0xd1, 0x02, 0xea, 0xfd, 0x16, 0xcf, 0x08,
  0x18, 0x1a, 0x09, 0x03, 0x23, 0x1c, 0x0d, 0x3f, 0x56, 0x63, 0x34, 0x25,
  0x68, 0xc2, 0x48, 0x02, 0x07, 0x0b, 0x0d, 0x06, 0x3b, 0x1a, 0x36, 0x0f,
  0x24, 0x0b, 0x14, 0x1b, 0x10, 0x09, 0xec, 0x07, 0x1a, 0x1b, 0x0a, 0x03,
  0x21, 0x1a, 0x0c, 0x3a, 0x4f, 0x5b, 0x2d, 0x1f, 0x3f, 0x7c, 0x71, 0x2d,
  0x03, 0x07, 0x0d, 0x0c, 0x06, 0x36, 0x17, 0x15, 0x0d, 0x24, 0x0b, 0x09,
  0x0c, 0x08, 0x06, 0xfe, 0x90, 0x09, 0x19, 0x1e, 0x0f, 0x40, 0x17, 0x2e,
  0x12, 0x00, 0x00, 0x0c, 0x00, 0x21, 0xff, 0xb3, 0x03, 0xbe, 0x03, 0x4c,
  0x00, 0x09, 0x00, 0x0d, 0x00, 0x2b, 0x00, 0x3a, 0x00, 0x46, 0x00, 0x4e,
  0x00, 0x66, 0x00, 0x7c, 0x00, 0x87, 0x00, 0x9e, 0x00, 0xa9, 0x00, 0xb2,
  0x00, 0x00, 0x41, 0x37, 0x1e, 0x02, 0x17, 0x07, 0x2e, 0x02, 0x25, 0x21,
  0x15, 0x21, 0x01, 0x33, 0x11, 0x14, 0x16, 0x33, 0x3a, 0x02, 0x33, 0x32,
  0x36, 0x36, 0x37, 0x16, 0x16, 0x17, 0x0e, 0x02, 0x23, 0x2a, 0x03, 0x23,
  0x22, 0x26, 0x26, 0x35, 0x03, 0x33, 0x0e, 0x03, 0x07, 0x2e, 0x02, 0x27,
  0x3e, 0x03, 0x27, 0x27, 0x37, 0x25, 0x14, 0x16, 0x17, 0x0e, 0x04, 0x13,
  0x37, 0x16, 0x16, 0x17, 0x07, 0x26, 0x26, 0x03, 0x2e, 0x02, 0x27, 0x36,
  0x36, 0x37, 0x3e, 0x03, 0x37, 0x33, 0x0e, 0x03, 0x07, 0x30, 0x0e, 0x03,
  0x05, 0x2e, 0x02, 0x27, 0x36, 0x36, 0x37, 0x3e, 0x03, 0x37, 0x17, 0x06,
  0x06, 0x07, 0x15, 0x30, 0x0e, 0x02, 0x15, 0x27, 0x37, 0x25, 0x06, 0x16,
  0x17, 0x0e, 0x03, 0x27, 0x2e, 0x02, 0x27, 0x36, 0x36, 0x37, 0x3e, 0x03,
  0x37, 0x17, 0x0e, 0x02, 0x07, 0x15, 0x30, 0x0e, 0x02, 0x15, 0x27, 0x37,
  0x37, 0x06, 0x06, 0x15, 0x0e, 0x03, 0x03, 0x3e, 0x02, 0x37, 0x17, 0x06,
  0x06, 0x07, 0x02, 0xe5, 0x3b, 0x1b, 0x39, 0x33, 0x0e, 0x40, 0x0d, 0x30,
  0x37, 0xfe, 0x96, 0x02, 0x1d, 0xfd, 0xe3, 0x01, 0x23, 0x4a, 0x09, 0x10,
  0x05, 0x1c, 0x1d, 0x06, 0x0b, 0x0c, 0x05, 0x01, 0x0b, 0x27, 0x0e, 0x02,
  0x11, 0x23, 0x1f, 0x05, 0x19, 0x1d, 0x18, 0x05, 0x23, 0x25, 0x0f, 0xbc,
  0x4a, 0x03, 0x13, 0x2e, 0x54, 0x44, 0x05, 0x0f, 0x12, 0x09, 0x3d, 0x4b,
  0x28, 0x0f, 0x60, 0x02, 0x2b, 0x01, 0x93, 0x05, 0x02, 0x72, 0x99, 0x60,
  0x35, 0x1a, 0xae, 0x45, 0x11, 0x23, 0x09, 0x4b, 0x08, 0x20, 0xc6, 0x01,
  0x0a, 0x0a, 0x04, 0x0e, 0x23, 0x0e, 0x0b, 0x2b, 0x33, 0x2e, 0x0d, 0x5a,
  0x13, 0x35, 0x3a, 0x36, 0x14, 0x12, 0x1a, 0x1a, 0x12, 0xfe, 0xa6, 0x02,
  0x08, 0x0a, 0x05, 0x11, 0x24, 0x18, 0x0c, 0x31, 0x3b, 0x3f, 0x19, 0x43,
  0x3b, 0x8e, 0x48, 0x11, 0x14, 0x11, 0x05, 0x25, 0x01, 0x0e, 0x02, 0x02,
  0x01, 0x5c, 0x72, 0x3d, 0x1c, 0x0e, 0x02, 0x09, 0x0b, 0x05, 0x0e, 0x1d,
  0x10, 0x0a, 0x21, 0x29, 0x2a, 0x10, 0x4c, 0x1b, 0x42, 0x48, 0x25, 0x0f,
  0x13, 0x0e, 0x02, 0x25, 0xbb, 0x03, 0x03, 0x40, 0x50, 0x2c, 0x16, 0x18,
  0x29, 0x69, 0x76, 0x3d, 0x0c, 0x54, 0xa8, 0x44, 0x02, 0x29, 0x1e, 0x23,
  0x51, 0x4c, 0x1e, 0x23, 0x1d, 0x4f, 0x53, 0xb2, 0x44, 0xfe, 0xed, 0xfe,
  0xc4, 0x14, 0x0a, 0x13, 0x3b, 0x3d, 0x0a, 0x11, 0x04, 0x44, 0x4c, 0x1e,
  0x11, 0x2a, 0x25, 0x01, 0x3a, 0x54, 0x86, 0x68, 0x4d, 0x1c, 0x0a, 0x17,
  0x16, 0x06, 0x17, 0x41, 0x58, 0x74, 0x47, 0x39, 0x19, 0x21, 0x0e, 0x23,
  0x0c, 0x0b, 0x0f, 0x0b, 0x07, 0x06, 0x01, 0xd9, 0x12, 0x1e, 0x49, 0x18,
  0x17, 0x1a, 0x4a, 0xfe, 0x43, 0x0b, 0x1c, 0x1c, 0x07, 0x04, 0x0d, 0x0d,
  0x0a, 0x36, 0x44, 0x40, 0x13, 0x1b, 0x4a, 0x4d, 0x44, 0x17, 0x06, 0x0b,
  0x0c, 0x0e, 0xac, 0x08, 0x1b, 0x1c, 0x0a, 0x03, 0x23, 0x1c, 0x0d, 0x3e,
  0x56, 0x63, 0x33, 0x28, 0x66, 0xc1, 0x49, 0x02, 0x08, 0x0c, 0x0e, 0x06,
  0x40, 0x1b, 0x35, 0x0f, 0x27, 0x0c, 0x14, 0x1a, 0x10, 0x0b, 0xec, 0x08,
  0x1c, 0x1f, 0x0a, 0x03, 0x21, 0x19, 0x0d, 0x39, 0x4e, 0x5a, 0x2d, 0x23,
  0x3e, 0x7b, 0x70, 0x2d, 0x02, 0x09, 0x0d, 0x0e, 0x06, 0x39, 0x18, 0x14,
  0x0f, 0x25, 0x0c, 0x09, 0x0b, 0x08, 0x06, 0xfe, 0x8b, 0x0b, 0x1e, 0x23,
  0x12, 0x41, 0x1b, 0x36, 0x16, 0x00, 0x00, 0x06, 0x00, 0x58, 0xff, 0xb2,
  0x03, 0x93, 0x03, 0x0c, 0x00, 0x0b, 0x00, 0x17, 0x00, 0x23, 0x00, 0x2f,
  0x00, 0x35, 0x00, 0x49, 0x00, 0x00, 0x41, 0x17, 0x06, 0x02, 0x07, 0x2e,
  0x02, 0x27, 0x3e, 0x02, 0x25, 0x17, 0x06, 0x02, 0x07, 0x2e, 0x02, 0x27,
  0x3e, 0x02, 0x25, 0x37, 0x1e, 0x03, 0x17, 0x07, 0x2e, 0x03, 0x37, 0x37,
  0x1e, 0x03, 0x17, 0x07, 0x2e, 0x03, 0x01, 0x21, 0x15, 0x21, 0x11, 0x23,
  0x01, 0x33, 0x11, 0x14, 0x06, 0x07, 0x06, 0x06, 0x27, 0x2e, 0x02, 0x27,
  0x16, 0x16, 0x36, 0x33, 0x36, 0x36, 0x35, 0x01, 0x93, 0x45, 0x1f, 0x73,
  0x60, 0x05, 0x16, 0x17, 0x08, 0x3f, 0x5b, 0x3b, 0x01, 0x2e, 0x44, 0x1d,
  0x74, 0x63, 0x06, 0x16, 0x16, 0x09, 0x42, 0x5d, 0x3c, 0xfe, 0x23, 0x2e,
  0x25, 0x4d, 0x48, 0x3c, 0x14, 0x31, 0x14, 0x3c, 0x47, 0x4c, 0xfd, 0x31,
  0x27, 0x4f, 0x48, 0x3b, 0x12, 0x34, 0x13, 0x3a, 0x47, 0x4d, 0xfe, 0x4e,
  0x03, 0x1e, 0xfd, 0x2e, 0x4c, 0x02, 0xf0, 0x4b, 0x15, 0x19, 0x18, 0x55,
  0x44, 0x02, 0x0a, 0x0b, 0x06, 0x21, 0x3e, 0x2f, 0x09, 0x0e, 0x0c, 0x02,
  0x80, 0x08, 0xbb, 0xfe, 0xd5, 0x64, 0x06, 0x0f, 0x10, 0x05, 0x3c, 0xaa,
  0xce, 0x72, 0x08, 0xbf, 0xfe, 0xd3, 0x64, 0x06, 0x10, 0x10, 0x04, 0x3d,
  0xa9, 0xd1, 0x11, 0x2a, 0x2c, 0x63, 0x64, 0x5c, 0x25, 0x31, 0x26, 0x5e,
  0x67, 0x64, 0x2b, 0x27, 0x2f, 0x69, 0x6d, 0x64, 0x2a, 0x2c, 0x2a, 0x67,
  0x6d, 0x6c, 0x01, 0x23, 0x48, 0xfc, 0xee, 0x03, 0x5a, 0xfd, 0x08, 0x24,
  0x26, 0x0a, 0x09, 0x05, 0x01, 0x0a, 0x1b, 0x1b, 0x0a, 0x01, 0x01, 0x01,
  0x01, 0x0a, 0x0d, 0x00, 0x00, 0x07, 0x00, 0x20, 0xff, 0xb0, 0x03, 0xb2,
  0x03, 0x48, 0x00, 0x03, 0x00, 0x07, 0x00, 0x0b, 0x00, 0x0f, 0x00, 0x13,
  0x00, 0x20, 0x00, 0x28, 0x00, 0x00, 0x53, 0x21, 0x15, 0x21, 0x13, 0x21,
  0x15, 0x21, 0x13, 0x21, 0x15, 0x21, 0x15, 0x21, 0x15, 0x21, 0x13, 0x33,
  0x11, 0x23, 0x01, 0x17, 0x06, 0x04, 0x04, 0x07, 0x2e, 0x02, 0x27, 0x36,
  0x24, 0x36, 0x01, 0x21, 0x11, 0x23, 0x11, 0x21, 0x11, 0x23, 0x36, 0x03,
  0x7c, 0xfc, 0x84, 0x58, 0x02, 0x44, 0xfd, 0xbc, 0xa3, 0x01, 0xd7, 0xfe,
  0x29, 0x01, 0xd7, 0xfe, 0x29, 0x5e, 0x4a, 0x4a, 0x01, 0xb6, 0x40, 0x64,
  0xfe, 0xfb, 0xfe, 0xd4, 0xa0, 0x04, 0x12, 0x13, 0x07, 0xa2, 0x01, 0x2a,
  0xfd, 0xfe, 0x1f, 0x02, 0x2f, 0x4d, 0xfe, 0x69, 0x4b, 0x02, 0x07, 0x44,
  0x01, 0x07, 0x42, 0xfe, 0x2f, 0x3c, 0x69, 0x41, 0x03, 0x77, 0xfe, 0x9b,
  0x01, 0x43, 0x23, 0x83, 0xda, 0xac, 0x3d, 0x09, 0x17, 0x17, 0x08, 0x38,
  0xa4, 0xd2, 0xfe, 0xb0, 0xfe, 0x5a, 0x01, 0x66, 0xfe, 0x96, 0x00, 0x0c,
  0x00, 0x26, 0xff, 0xa8, 0x03, 0xc6, 0x03, 0x38, 0x00, 0x03, 0x00, 0x07,
  0x00, 0x17, 0x00, 0x22, 0x00, 0x2b, 0x00, 0x33, 0x00, 0x37, 0x00, 0x3b,
  0x00, 0x3f, 0x00, 0x43, 0x00, 0x47, 0x00, 0x50, 0x00, 0x00, 0x41, 0x21,
  0x15, 0x21, 0x07, 0x21, 0x15, 0x21, 0x13, 0x33, 0x15, 0x14, 0x0e, 0x02,
  0x07, 0x26, 0x26, 0x27, 0x3e, 0x03, 0x35, 0x17, 0x16, 0x16, 0x17, 0x0e,
  0x02, 0x07, 0x26, 0x26, 0x27, 0x13, 0x17, 0x06, 0x06, 0x07, 0x27, 0x3e,
  0x02, 0x21, 0x37, 0x16, 0x16, 0x17, 0x07, 0x26, 0x26, 0x25, 0x21, 0x15,
  0x21, 0x17, 0x33, 0x15, 0x23, 0x15, 0x33, 0x15, 0x23, 0x03, 0x33, 0x11,
  0x23, 0x13, 0x33, 0x11, 0x23, 0x25, 0x3e, 0x02, 0x37, 0x17, 0x06, 0x06,
  0x07, 0x01, 0xc5, 0x01, 0xd1, 0xfe, 0x2f, 0x19, 0x02, 0x10, 0xfd, 0xf0,
  0xd0, 0x4b, 0x0f, 0x33, 0x6a, 0x5a, 0x09, 0x21, 0x0f, 0x57, 0x63, 0x2e,
  0x0c, 0x44, 0x20, 0x85, 0x61, 0x08, 0x13, 0x11, 0x06, 0x66, 0x8a, 0x24,
  0xaa, 0x4d, 0x1d, 0x43, 0x1e, 0x3e, 0x13, 0x2a, 0x26, 0xfe, 0xc7, 0x3d,
  0x1f, 0x3a, 0x0d, 0x40, 0x0e, 0x37, 0xfe, 0x2c, 0x01, 0x78, 0xfe, 0x88,
  0x60, 0xc2, 0xc2, 0xc2, 0xc2, 0x2a, 0x44, 0x44, 0xd4, 0x42, 0x42, 0xfe,
  0xed, 0x34, 0x89, 0x9a, 0x4d, 0x04, 0x6d, 0xd9, 0x53, 0x02, 0x78, 0x45,
  0xb6, 0x46, 0x01, 0x0d, 0x8b, 0x38, 0x85, 0x8c, 0x8b, 0x3d, 0x0c, 0x1f,
  0x0a, 0x37, 0x7e, 0x80, 0x77, 0x31, 0x78, 0x74, 0xb4, 0x2b, 0x07, 0x16,
  0x17, 0x0a, 0x35, 0xc9, 0x83, 0x02, 0x06, 0x17, 0x33, 0x6b, 0x26, 0x15,
  0x1b, 0x45, 0x48, 0x1e, 0x22, 0x55, 0x21, 0x22, 0x20, 0x59, 0x26, 0x44,
  0x8e, 0x3f, 0x8f, 0x40, 0x01, 0xbe, 0xfd, 0x80, 0x02, 0x80, 0xfc, 0xb5,
  0xd7, 0x07, 0x15, 0x18, 0x0c, 0x41, 0x12, 0x26, 0x0f, 0x00, 0x00, 0x0b,
  0x00, 0x3a, 0xff, 0xb1, 0x03, 0xc3, 0x03, 0x4a, 0x00, 0x05, 0x00, 0x17,
  0x00, 0x1b, 0x00, 0x1f, 0x00, 0x3f, 0x00, 0x4b, 0x00, 0x6b, 0x00, 0x77,
  0x00, 0x81, 0x00, 0x97, 0x00, 0xa3, 0x00, 0x00, 0x53, 0x21, 0x15, 0x23,
  0x11, 0x23, 0x01, 0x33, 0x11, 0x14, 0x06, 0x07, 0x06, 0x06, 0x23, 0x26,
  0x26, 0x27, 0x16, 0x16, 0x37, 0x32, 0x36, 0x35, 0x03, 0x21, 0x15, 0x21,
  0x15, 0x21, 0x15, 0x21, 0x01, 0x33, 0x11, 0x14, 0x16, 0x33, 0x3a, 0x03,
  0x33, 0x32, 0x36, 0x36, 0x37, 0x16, 0x16, 0x17, 0x0e, 0x02, 0x23, 0x2a,
  0x04, 0x23, 0x22, 0x26, 0x26, 0x35, 0x01, 0x17, 0x0e, 0x02, 0x07, 0x26,
  0x26, 0x27, 0x3e, 0x02, 0x01, 0x33, 0x11, 0x14, 0x16, 0x33, 0x3a, 0x03,
  0x33, 0x32, 0x36, 0x36, 0x37, 0x16, 0x16, 0x17, 0x0e, 0x02, 0x23, 0x2a,
  0x04, 0x23, 0x22, 0x26, 0x26, 0x35, 0x01, 0x17, 0x0e, 0x02, 0x07, 0x26,
  0x26, 0x27, 0x3e, 0x02, 0x01, 0x37, 0x1e, 0x02, 0x17, 0x07, 0x2e, 0x02,
  0x07, 0x2e, 0x02, 0x27, 0x36, 0x36, 0x37, 0x3e, 0x02, 0x37, 0x17, 0x0e,
  0x02, 0x07, 0x15, 0x30, 0x0e, 0x02, 0x15, 0x27, 0x37, 0x25, 0x06, 0x06,
  0x15, 0x0e, 0x04, 0x64, 0x01, 0x3d, 0xf7, 0x46, 0x01, 0x1b, 0x4a, 0x0e,
  0x15, 0x15, 0x42, 0x2f, 0x03, 0x0e, 0x08, 0x23, 0x3a, 0x0b, 0x0a, 0x06,
  0xf9, 0x01, 0x20, 0xfe, 0xe0, 0x01, 0x20, 0xfe, 0xe0, 0x01, 0xa1, 0x4a,
  0x13, 0x22, 0x08, 0x2b, 0x34, 0x2e, 0x0a, 0x14, 0x14, 0x09, 0x02, 0x0b,
  0x28, 0x0f, 0x03, 0x16, 0x2d, 0x28, 0x06, 0x23, 0x2e, 0x2d, 0x22, 0x06,
  0x30, 0x34, 0x15, 0x01, 0x33, 0x32, 0x2b, 0x68, 0x6e, 0x34, 0x02, 0x0d,
  0x07, 0x31, 0x68, 0x5e, 0xfe, 0xef, 0x4a, 0x15, 0x23, 0x08, 0x2c, 0x35,
  0x2e, 0x0b, 0x15, 0x15, 0x09, 0x02, 0x0d, 0x27, 0x0f, 0x04, 0x16, 0x2e,
  0x2a, 0x07, 0x23, 0x2e, 0x2e, 0x23, 0x06, 0x30, 0x36, 0x15, 0x01, 0x3f,
  0x31, 0x29, 0x6c, 0x74, 0x36, 0x03, 0x0e, 0x06, 0x34, 0x6d, 0x62, 0xfd,
  0xf4, 0x3d, 0x1b, 0x33, 0x29, 0x0a, 0x41, 0x0b, 0x27, 0x32, 0xfd, 0x02,
  0x09, 0x0a, 0x05, 0x0c, 0x16, 0x0d, 0x09, 0x25, 0x2a, 0x10, 0x4e, 0x16,
  0x34, 0x36, 0x1b, 0x0f, 0x13, 0x0e, 0x02, 0x27, 0x01, 0x45, 0x03, 0x03,
  0x59, 0x79, 0x4c, 0x2a, 0x16, 0x01, 0xe4, 0x40, 0xfe, 0x0d, 0x02, 0x33,
  0xfe, 0x23, 0x1d, 0x21, 0x0a, 0x08, 0x04, 0x0f, 0x28, 0x0e, 0x01, 0x01,
  0x01, 0x07, 0x0a, 0x01, 0x46, 0x3b, 0x5b, 0x3b, 0x02, 0xc9, 0xfe, 0xb5,
  0x18, 0x0e, 0x11, 0x31, 0x32, 0x09, 0x10, 0x04, 0x3d, 0x43, 0x1b, 0x13,
  0x2e, 0x28, 0x01, 0x03, 0x38, 0x13, 0x27, 0x22, 0x0f, 0x0b, 0x1f, 0x0b,
  0x0f, 0x26, 0x27, 0xfe, 0x8a, 0xfe, 0xad, 0x18, 0x0e, 0x12, 0x39, 0x39,
  0x09, 0x10, 0x04, 0x43, 0x4a, 0x1d, 0x12, 0x2e, 0x2a, 0x01, 0x1c, 0x38,
  0x18, 0x2b, 0x25, 0x0f, 0x0b, 0x20, 0x0b, 0x0f, 0x28, 0x2c, 0x01, 0xcb,
  0x18, 0x21, 0x4e, 0x4c, 0x1e, 0x1e, 0x1f, 0x4d, 0x50, 0xa8, 0x08, 0x1b,
  0x1b, 0x0a, 0x03, 0x14, 0x10, 0x0b, 0x37, 0x49, 0x27, 0x18, 0x29, 0x52,
  0x49, 0x1c, 0x01, 0x08, 0x0c, 0x0e, 0x06, 0x34, 0x17, 0x13, 0x0d, 0x23,
  0x0b, 0x06, 0x09, 0x08, 0x05, 0x04, 0x00, 0x06, 0x00, 0x37, 0xff, 0xb2,
  0x03, 0xb2, 0x03, 0x48, 0x00, 0x12, 0x00, 0x16, 0x00, 0x1a, 0x00, 0x1e,
  0x00, 0x22, 0x00, 0x26, 0x00, 0x00, 0x41, 0x33, 0x11, 0x14, 0x06, 0x07,
  0x06, 0x06, 0x23, 0x26, 0x26, 0x27, 0x16, 0x16, 0x36, 0x33, 0x36, 0x36,
  0x35, 0x01, 0x33, 0x11, 0x23, 0x01, 0x21, 0x15, 0x21, 0x03, 0x21, 0x15,
  0x21, 0x37, 0x33, 0x11, 0x23, 0x01, 0x33, 0x11, 0x23, 0x03, 0x04, 0x4d,
  0x12, 0x1c, 0x1c, 0x5f, 0x47, 0x02, 0x0d, 0x08, 0x25, 0x42, 0x30, 0x0a,
  0x0e, 0x0b, 0xfe, 0x64, 0x4f, 0x4f, 0xfe, 0xfa, 0x02, 0xc3, 0xfd, 0x3d,
  0x2b, 0x03, 0x7b, 0xfc, 0x85, 0xea, 0x4d, 0x4d, 0x01, 0x59, 0x4e, 0x4e,
  0x01, 0xe6, 0xfe, 0xb2, 0x22, 0x27, 0x0a, 0x09, 0x03, 0x12, 0x2c, 0x10,
  0x01, 0x01, 0x01, 0x01, 0x08, 0x0b, 0x01, 0x20, 0xfd, 0xf8, 0x02, 0x34,
  0x48, 0x01, 0x39, 0x48, 0xb9, 0xfe, 0xd4, 0x01, 0x2c, 0xfe, 0xd4, 0x00,
  0x00, 0x06, 0x00, 0x19, 0xff, 0xad, 0x03, 0xbb, 0x03, 0x49, 0x00, 0x03,
  0x00, 0x16, 0x00, 0x1a, 0x00, 0x1f, 0x00, 0x2c, 0x00, 0x39, 0x00, 0x00,
  0x41, 0x21, 0x15, 0x21, 0x05, 0x33, 0x11, 0x14, 0x06, 0x07, 0x06, 0x06,
  0x23, 0x26, 0x26, 0x27, 0x16, 0x16, 0x36, 0x33, 0x36, 0x36, 0x35, 0x01,
  0x21, 0x15, 0x21, 0x07, 0x37, 0x17, 0x11, 0x23, 0x13, 0x17, 0x0e, 0x02,
  0x07, 0x2e, 0x02, 0x27, 0x3e, 0x02, 0x03, 0x17, 0x0e, 0x02, 0x07, 0x2e,
  0x02, 0x27, 0x3e, 0x02, 0x01, 0xb3, 0x01, 0xec, 0xfe, 0x14, 0x01, 0x25,
  0x4c, 0x14, 0x19, 0x1a, 0x59, 0x4a, 0x02, 0x0e, 0x09, 0x24, 0x40, 0x30,
  0x09, 0x0e, 0x0c, 0xfe, 0xaf, 0x02, 0x34, 0xfd, 0xcc, 0xc7, 0x42, 0x08,
  0x4a, 0x73, 0x47, 0x26, 0x64, 0x6d, 0x35, 0x06, 0x13, 0x14, 0x08, 0x34,
  0x67, 0x5d, 0x06, 0x48, 0x21, 0x57, 0x5f, 0x2d, 0x05, 0x0f, 0x11, 0x07,
  0x2a, 0x57, 0x4d, 0x03, 0x0c, 0x48, 0xe2, 0xfe, 0x2e, 0x23, 0x25, 0x0a,
  0x08, 0x03, 0x0f, 0x2a, 0x11, 0x01, 0x02, 0x01, 0x01, 0x09, 0x0c, 0x01,
  0xe7, 0x48, 0x06, 0x42, 0x04, 0xfd, 0xc5, 0x02, 0xc5, 0x1a, 0x3f, 0x7e,
  0x6d, 0x2b, 0x08, 0x18, 0x18, 0x07, 0x25, 0x62, 0x70, 0x01, 0x10, 0x1e,
  0x2b, 0x5b, 0x53, 0x20, 0x08, 0x17, 0x17, 0x06, 0x1d, 0x4a, 0x50, 0x00,
  0x00, 0x0d, 0x00, 0x1e, 0xff, 0xb1, 0x03, 0xc7, 0x03, 0x48, 0x00, 0x03,
  0x00, 0x0b, 0x00, 0x0f, 0x00, 0x1b, 0x00, 0x2b, 0x00, 0x33, 0x00, 0x37,
  0x00, 0x42, 0x00, 0x46, 0x00, 0x57, 0x00, 0x5b, 0x00, 0x6a, 0x00, 0x76,
  0x00, 0x00, 0x53, 0x37, 0x11, 0x23, 0x13, 0x17, 0x06, 0x06, 0x07, 0x27,
  0x36, 0x36, 0x25, 0x21, 0x15, 0x21, 0x17, 0x1e, 0x03, 0x17, 0x07, 0x2e,
  0x03, 0x27, 0x13, 0x33, 0x37, 0x17, 0x0e, 0x02, 0x07, 0x2e, 0x02, 0x27,
  0x3e, 0x02, 0x37, 0x27, 0x37, 0x16, 0x16, 0x17, 0x07, 0x26, 0x26, 0x05,
  0x21, 0x15, 0x21, 0x25, 0x33, 0x37, 0x17, 0x06, 0x06, 0x07, 0x27, 0x36,
  0x36, 0x37, 0x27, 0x33, 0x11, 0x23, 0x03, 0x33, 0x11, 0x14, 0x0e, 0x02,
  0x07, 0x2e, 0x02, 0x27, 0x3e, 0x03, 0x35, 0x37, 0x21, 0x15, 0x21, 0x25,
  0x33, 0x37, 0x17, 0x0e, 0x02, 0x07, 0x26, 0x26, 0x27, 0x3e, 0x02, 0x37,
  0x05, 0x1e, 0x02, 0x17, 0x0e, 0x02, 0x07, 0x26, 0x26, 0x27, 0xb2, 0x46,
  0x46, 0xb2, 0x2f, 0x1b, 0x37, 0x17, 0x22, 0x15, 0x37, 0xfe, 0xd4, 0x01,
  0x1a, 0xfe, 0xe6, 0xc6, 0x0a, 0x27, 0x2e, 0x26, 0x08, 0x29, 0x0a, 0x23,
  0x2a, 0x25, 0x0c, 0x5e, 0x0f, 0x0b, 0x26, 0x1f, 0x60, 0x70, 0x38, 0x03,
  0x0c, 0x0e, 0x06, 0x34, 0x68, 0x56, 0x18, 0x9c, 0x39, 0x16, 0x2d, 0x0d,
  0x3d, 0x0a, 0x2e, 0x01, 0x2e, 0x01, 0xb8, 0xfe, 0x48, 0x01, 0xa0, 0x0c,
  0x0b, 0x35, 0x0f, 0x22, 0x10, 0x3f, 0x0d, 0x1c, 0x0b, 0xef, 0x46, 0x46,
  0xd7, 0x45, 0x09, 0x1b, 0x35, 0x2a, 0x05, 0x15, 0x15, 0x08, 0x28, 0x2f,
  0x17, 0x07, 0x2d, 0x01, 0x82, 0xfe, 0x7e, 0x01, 0x72, 0x0d, 0x0e, 0x2d,
  0x21, 0x82, 0xae, 0x65, 0x07, 0x17, 0x0b, 0x5d, 0xa5, 0x79, 0x1c, 0xfe,
  0xe8, 0x20, 0x71, 0xa1, 0x66, 0x07, 0x12, 0x10, 0x06, 0x9f, 0xd1, 0x37,
  0x01, 0x73, 0x5b, 0xfd, 0xe3, 0x02, 0x27, 0x2a, 0x1c, 0x37, 0x14, 0x20,
  0x16, 0x42, 0xd8, 0x45, 0xae, 0x0a, 0x30, 0x39, 0x31, 0x0b, 0x3a, 0x12,
  0x37, 0x3c, 0x34, 0x0e, 0x01, 0x15, 0x03, 0x1d, 0x57, 0xa7, 0x8f, 0x32,
  0x0a, 0x1b, 0x19, 0x07, 0x2b, 0x7f, 0x92, 0x48, 0xa1, 0x1c, 0x20, 0x4c,
  0x1b, 0x23, 0x1d, 0x50, 0x53, 0x46, 0x46, 0x03, 0x0d, 0x35, 0x6f, 0x26,
  0x0f, 0x24, 0x68, 0x2f, 0x9e, 0xfe, 0x52, 0x01, 0x1a, 0xfe, 0xfa, 0x39,
  0x82, 0x88, 0x7f, 0x35, 0x08, 0x13, 0x11, 0x04, 0x31, 0x73, 0x7a, 0x76,
  0x34, 0x10, 0x42, 0x42, 0x04, 0x12, 0x89, 0xc9, 0x87, 0x27, 0x0d, 0x25,
  0x0b, 0x20, 0x7b, 0xb4, 0x75, 0x1a, 0x65, 0xa8, 0x78, 0x1f, 0x07, 0x17,
  0x18, 0x0a, 0x37, 0xf1, 0xac, 0x00, 0x00, 0x0d, 0x00, 0x25, 0xff, 0xab,
  0x03, 0xc1, 0x03, 0x48, 0x00, 0x0d, 0x00, 0x19, 0x00, 0x23, 0x00, 0x27,
  0x00, 0x2b, 0x00, 0x2f, 0x00, 0x33, 0x00, 0x37, 0x00, 0x40, 0x00, 0x48,
  0x00, 0x53, 0x00, 0x64, 0x00, 0x6c, 0x00, 0x00, 0x41, 0x17, 0x0e, 0x03,
  0x07, 0x26, 0x26, 0x27, 0x3e, 0x03, 0x37, 0x1e, 0x02, 0x17, 0x06, 0x06,
  0x07, 0x2e, 0x02, 0x27, 0x05, 0x17, 0x0e, 0x02, 0x07, 0x27, 0x3e, 0x02,
  0x25, 0x21, 0x15, 0x21, 0x01, 0x21, 0x15, 0x21, 0x17, 0x21, 0x15, 0x21,
  0x03, 0x33, 0x11, 0x23, 0x01, 0x33, 0x11, 0x23, 0x01, 0x37, 0x16, 0x16,
  0x17, 0x07, 0x2e, 0x02, 0x07, 0x36, 0x36, 0x37, 0x17, 0x06, 0x06, 0x07,
  0x13, 0x27, 0x37, 0x25, 0x06, 0x06, 0x17, 0x0e, 0x03, 0x07, 0x2e, 0x02,
  0x27, 0x3e, 0x02, 0x35, 0x35, 0x33, 0x15, 0x30, 0x0e, 0x03, 0x13, 0x37,
  0x16, 0x16, 0x17, 0x07, 0x26, 0x26, 0x01, 0xc1, 0x3b, 0x24, 0x63, 0x72,
  0x79, 0x3a, 0x08, 0x18, 0x0b, 0x3a, 0x75, 0x6f, 0x5e, 0x82, 0x22, 0x77,
  0xa3, 0x62, 0x0b, 0x1a, 0x06, 0x68, 0xa7, 0x7d, 0x27, 0x01, 0x64, 0x37,
  0x1e, 0x49, 0x49, 0x20, 0x2d, 0x20, 0x49, 0x45, 0xfd, 0x05, 0x03, 0x81,
  0xfc, 0x7f, 0x01, 0x4e, 0x02, 0x25, 0xfd, 0xdb, 0x1e, 0x01, 0xf4, 0xfe,
  0x0c, 0x90, 0x46, 0x46, 0x01, 0x60, 0x4b, 0x4b, 0xfd, 0xd4, 0x2e, 0x21,
  0x48, 0x13, 0x30, 0x0c, 0x29, 0x2f, 0x35, 0x31, 0x88, 0x47, 0x0f, 0x3f,
  0x81, 0x35, 0xaa, 0x03, 0x24, 0x01, 0x38, 0x02, 0x02, 0x01, 0x6b, 0x81,
  0x45, 0x1d, 0x08, 0x01, 0x09, 0x0a, 0x05, 0x0a, 0x18, 0x12, 0x49, 0x14,
  0x1d, 0x1e, 0x15, 0xce, 0x48, 0x11, 0x20, 0x07, 0x4c, 0x07, 0x1e, 0x01,
  0x1f, 0x1a, 0x25, 0x42, 0x37, 0x2b, 0x0e, 0x0d, 0x21, 0x0a, 0x0c, 0x24,
  0x30, 0x39, 0x1f, 0x4c, 0x78, 0x51, 0x15, 0x0a, 0x25, 0x0f, 0x19, 0x5e,
  0x89, 0x58, 0x28, 0x29, 0x14, 0x2a, 0x25, 0x0e, 0x24, 0x0f, 0x28, 0x2c,
  0x62, 0x3e, 0x01, 0xc7, 0x42, 0x9f, 0x42, 0x01, 0xad, 0xfe, 0x29, 0x01,
  0xd7, 0xfe, 0x6b, 0x01, 0x33, 0x2b, 0x15, 0x3a, 0x18, 0x30, 0x10, 0x26,
  0x27, 0xf2, 0x14, 0x3d, 0x20, 0x3e, 0x1e, 0x3b, 0x19, 0xfe, 0x05, 0x37,
  0x1a, 0x40, 0x0d, 0x24, 0x0b, 0x18, 0x1d, 0x11, 0x0a, 0x05, 0x09, 0x16,
  0x17, 0x07, 0x04, 0x0d, 0x1a, 0x14, 0x79, 0xb5, 0x08, 0x0e, 0x11, 0x11,
  0x01, 0xc4, 0x15, 0x1a, 0x3f, 0x17, 0x18, 0x17, 0x42, 0x00, 0x00, 0x09,
  0x00, 0x36, 0xff, 0xb0, 0x03, 0xb3, 0x03, 0x1d, 0x00, 0x03, 0x00, 0x07,
  0x00, 0x14, 0x00, 0x1f, 0x00, 0x23, 0x00, 0x27, 0x00, 0x2b, 0x00, 0x2f,
  0x00, 0x39, 0x00, 0x00, 0x53, 0x21, 0x15, 0x21, 0x13, 0x21, 0x15, 0x21,
  0x01, 0x17, 0x0e, 0x03, 0x07, 0x26, 0x26, 0x27, 0x3e, 0x02, 0x05, 0x37,
  0x1e, 0x03, 0x17, 0x07, 0x2e, 0x02, 0x13, 0x33, 0x11, 0x23, 0x13, 0x33,
  0x11, 0x23, 0x25, 0x15, 0x21, 0x35, 0x25, 0x21, 0x11, 0x21, 0x13, 0x3e,
  0x02, 0x37, 0x17, 0x0e, 0x02, 0x07, 0x36, 0x03, 0x7d, 0xfc, 0x83, 0x0f,
  0x03, 0x5d, 0xfc, 0xa3, 0x02, 0x6f, 0x47, 0x22, 0x74, 0xa6, 0xdc, 0x89,
  0x04, 0x11, 0x0a, 0xb0, 0xfc, 0xa3, 0xfe, 0x30, 0x36, 0x60, 0xbf, 0xb3,
  0x9d, 0x3d, 0x40, 0x4b, 0xd5, 0xfb, 0x15, 0x47, 0x47, 0xea, 0x47, 0x47,
  0xfe, 0x7e, 0x02, 0x70, 0xfd, 0x49, 0x03, 0x01, 0xfc, 0xff, 0x43, 0x23,
  0x4b, 0x46, 0x18, 0x4c, 0x18, 0x43, 0x46, 0x1d, 0x01, 0x2a, 0x43, 0x02,
  0x36, 0x43, 0xfe, 0x35, 0x15, 0x51, 0x73, 0x4c, 0x2d, 0x0b, 0x10, 0x24,
  0x0d, 0x0a, 0x3d, 0x76, 0x4b, 0x35, 0x11, 0x2a, 0x2e, 0x30, 0x17, 0x3a,
  0x1f, 0x41, 0x3c, 0x02, 0xb8, 0xfe, 0xa2, 0x01, 0x5e, 0xfe, 0xa2, 0xa1,
  0x88, 0x88, 0x3e, 0xfe, 0xfd, 0xfe, 0xe3, 0x26, 0x64, 0x6a, 0x30, 0x12,
  0x30, 0x65, 0x5c, 0x21, 0x00, 0x03, 0x00, 0x2e, 0xff, 0xb0, 0x03, 0xb3,
  0x03, 0x11, 0x00, 0x20, 0x00, 0x30, 0x00, 0x38, 0x00, 0x00, 0x41, 0x33,
  0x15, 0x14, 0x16, 0x33, 0x3a, 0x03, 0x33, 0x32, 0x36, 0x36, 0x37, 0x1e,
  0x02, 0x17, 0x0e, 0x02, 0x23, 0x2a, 0x04, 0x23, 0x22, 0x26, 0x26, 0x35,
  0x03, 0x33, 0x0e, 0x04, 0x07, 0x26, 0x26, 0x27, 0x3e, 0x04, 0x01, 0x21,
  0x11, 0x23, 0x11, 0x21, 0x11, 0x23, 0x02, 0x05, 0x4b, 0x15, 0x25, 0x09,
  0x2d, 0x37, 0x30, 0x0b, 0x18, 0x18, 0x0a, 0x02, 0x09, 0x18, 0x1a, 0x0a,
  0x05, 0x16, 0x32, 0x2f, 0x06, 0x24, 0x30, 0x2e, 0x24, 0x06, 0x31, 0x38,
  0x17, 0x41, 0x4f, 0x04, 0x11, 0x2f, 0x5e, 0x9e, 0x79, 0x06, 0x1a, 0x0c,
  0x73, 0x94, 0x56, 0x29, 0x0d, 0xfe, 0xf1, 0x02, 0x82, 0x51, 0xfe, 0x1d,
  0x4e, 0x01, 0x2a, 0xf8, 0x17, 0x0d, 0x15, 0x42, 0x43, 0x06, 0x0c, 0x09,
  0x02, 0x4e, 0x55, 0x20, 0x12, 0x2e, 0x29, 0x02, 0x36, 0x72, 0xbd, 0x9a,
  0x78, 0x59, 0x1d, 0x0e, 0x26, 0x0c, 0x1a, 0x4e, 0x6b, 0x8c, 0xae, 0x01,
  0x14, 0xfd, 0xc3, 0x01, 0xf0, 0xfe, 0x10, 0x00, 0x00, 0x06, 0x00, 0x2e,
  0xff, 0xb0, 0x03, 0xbf, 0x03, 0x45, 0x00, 0x09, 0x00, 0x15, 0x00, 0x19,
  0x00, 0x1d, 0x00, 0x21, 0x00, 0x31, 0x00, 0x00, 0x53, 0x37, 0x1e, 0x02,
  0x17, 0x07, 0x2e, 0x02, 0x13, 0x27, 0x37, 0x37, 0x1e, 0x02, 0x17, 0x0e,
  0x03, 0x03, 0x33, 0x15, 0x23, 0x25, 0x21, 0x15, 0x21, 0x13, 0x33, 0x11,
  0x23, 0x25, 0x2e, 0x02, 0x27, 0x36, 0x36, 0x35, 0x11, 0x33, 0x11, 0x30,
  0x0e, 0x03, 0x89, 0x31, 0x1c, 0x3d, 0x37, 0x10, 0x33, 0x10, 0x35, 0x3c,
  0x1e, 0x0f, 0x16, 0xc9, 0x02, 0x09, 0x0a, 0x04, 0x48, 0x56, 0x2f, 0x16,
  0x9c, 0xcd, 0xcd, 0x01, 0x46, 0x02, 0x4b, 0xfd, 0xb5, 0xfe, 0x4f, 0x4f,
  0xfe, 0x52, 0x04, 0x0e, 0x0f, 0x08, 0x0f, 0x23, 0x4c, 0x12, 0x19, 0x19,
  0x11, 0x03, 0x07, 0x30, 0x16, 0x36, 0x35, 0x15, 0x38, 0x16, 0x37, 0x3a,
  0xfc, 0xd3, 0x4a, 0x20, 0x89, 0x0a, 0x19, 0x18, 0x07, 0x32, 0x3f, 0x24,
  0x14, 0x02, 0x43, 0x4a, 0x38, 0x4d, 0x01, 0x96, 0xfc, 0x6b, 0x13, 0x0a,
  0x1b, 0x19, 0x07, 0x0a, 0x2b, 0x20, 0x01, 0xb1, 0xfe, 0x0b, 0x0c, 0x13,
  0x18, 0x15, 0x00, 0x06, 0x00, 0x2f, 0xff, 0xb0, 0x03, 0xc8, 0x03, 0x47,
  0x00, 0x0f, 0x00, 0x1f, 0x00, 0x29, 0x00, 0x34, 0x00, 0x38, 0x00, 0x48,
  0x00, 0x00, 0x41, 0x33, 0x14, 0x0e, 0x03, 0x07, 0x26, 0x26, 0x27, 0x3e,
  0x04, 0x17, 0x1e, 0x04, 0x17, 0x06, 0x06, 0x07, 0x2e, 0x04, 0x27, 0x25,
  0x37, 0x1e, 0x02, 0x17, 0x07, 0x2e, 0x02, 0x13, 0x27, 0x37, 0x37, 0x16,
  0x16, 0x17, 0x0e, 0x03, 0x03, 0x33, 0x15, 0x23, 0x13, 0x2e, 0x02, 0x27,
  0x36, 0x36, 0x35, 0x11, 0x33, 0x11, 0x30, 0x0e, 0x03, 0x02, 0x6e, 0x4c,
  0x07, 0x1a, 0x39, 0x64, 0x4f, 0x09, 0x21, 0x0f, 0x4c, 0x5f, 0x34, 0x16,
  0x05, 0x43, 0x04, 0x12, 0x24, 0x3d, 0x5e, 0x42, 0x0f, 0x1e, 0x0a, 0x45,
  0x60, 0x3e, 0x26, 0x14, 0x06, 0xfe, 0x20, 0x32, 0x19, 0x3b, 0x34, 0x11,
  0x35, 0x10, 0x34, 0x39, 0x23, 0x0e, 0x16, 0xca, 0x03, 0x0e, 0x05, 0x48,
  0x57, 0x2f, 0x15, 0xa0, 0xda, 0xda, 0x9b, 0x04, 0x0e, 0x10, 0x08, 0x10,
  0x27, 0x49, 0x11, 0x1a, 0x1a, 0x11, 0x03, 0x47, 0x6b, 0xd6, 0xcc, 0xb7,
  0x9a, 0x39, 0x0d, 0x1e, 0x09, 0x36, 0x90, 0xad, 0xc0, 0xcb, 0xcb, 0x1c,
  0x66, 0x82, 0x87, 0x79, 0x2b, 0x0a, 0x1f, 0x0e, 0x2f, 0x82, 0x93, 0x8c,
  0x71, 0x1f, 0xf6, 0x2e, 0x15, 0x34, 0x32, 0x12, 0x37, 0x13, 0x35, 0x37,
  0xfc, 0xe8, 0x46, 0x20, 0x87, 0x0f, 0x25, 0x0b, 0x32, 0x3e, 0x24, 0x13,
  0x02, 0x2f, 0x48, 0xfe, 0x12, 0x08, 0x15, 0x14, 0x06, 0x0b, 0x31, 0x24,
  0x01, 0x9f, 0xfe, 0x2a, 0x0e, 0x16, 0x1b, 0x18, 0x00, 0x07, 0x00, 0x2e,
  0xff, 0xc7, 0x03, 0xbe, 0x03, 0x40, 0x00, 0x03, 0x00, 0x07, 0x00, 0x0b,
  0x00, 0x15, 0x00, 0x20, 0x00, 0x24, 0x00, 0x35, 0x00, 0x00, 0x65, 0x21,
  0x15, 0x21, 0x01, 0x21, 0x15, 0x21, 0x03, 0x33, 0x11, 0x23, 0x01, 0x37,
  0x1e, 0x02, 0x17, 0x07, 0x2e, 0x02, 0x13, 0x27, 0x37, 0x37, 0x16, 0x16,
  0x17, 0x0e, 0x03, 0x03, 0x33, 0x15, 0x23, 0x13, 0x2e, 0x02, 0x27, 0x3e,
  0x02, 0x35, 0x11, 0x33, 0x11, 0x30, 0x0e, 0x03, 0x01, 0x5b, 0x02, 0x63,
  0xfd, 0x9d, 0x01, 0x0a, 0x01, 0x10, 0xfe, 0xf0, 0x19, 0x4d, 0x4d, 0xfe,
  0x3c, 0x2e, 0x19, 0x3a, 0x36, 0x11, 0x31, 0x10, 0x35, 0x39, 0x1c, 0x0d,
  0x14, 0xc6, 0x04, 0x0e, 0x05, 0x46, 0x56, 0x2e, 0x15, 0x94, 0xc7, 0xc7,
  0x8f, 0x04, 0x13, 0x13, 0x07, 0x0b, 0x1e, 0x16, 0x47, 0x11, 0x19, 0x1a,
  0x11, 0x19, 0x4a, 0x02, 0x2f, 0x48, 0x01, 0x8a, 0xfc, 0xb3, 0x03, 0x14,
  0x30, 0x16, 0x38, 0x33, 0x13, 0x38, 0x14, 0x36, 0x3a, 0xfc, 0xd8, 0x46,
  0x21, 0x91, 0x0f, 0x24, 0x0b, 0x36, 0x42, 0x26, 0x14, 0x02, 0x3e, 0x48,
  0xfe, 0x02, 0x07, 0x13, 0x11, 0x04, 0x09, 0x22, 0x2d, 0x1b, 0x01, 0xa4,
  0xfe, 0x2b, 0x11, 0x1b, 0x1f, 0x1d, 0x00, 0x07, 0x00, 0x2e, 0xff, 0xa9,
  0x03, 0xd0, 0x03, 0x34, 0x00, 0x0d, 0x00, 0x17, 0x00, 0x26, 0x00, 0x30,
  0x00, 0x3b, 0x00, 0x3f, 0x00, 0x4f, 0x00, 0x00, 0x41, 0x16, 0x12, 0x16,
  0x17, 0x0e, 0x02, 0x07, 0x2e, 0x02, 0x02, 0x27, 0x37, 0x37, 0x1e, 0x02,
  0x17, 0x07, 0x2e, 0x02, 0x25, 0x17, 0x06, 0x02, 0x06, 0x06, 0x07, 0x2e,
  0x02, 0x27, 0x3e, 0x03, 0x25, 0x37, 0x1e, 0x02, 0x17, 0x07, 0x2e, 0x02,
  0x13, 0x27, 0x37, 0x37, 0x16, 0x16, 0x17, 0x0e, 0x03, 0x03, 0x33, 0x15,
  0x23, 0x13, 0x2e, 0x02, 0x27, 0x36, 0x36, 0x35, 0x11, 0x33, 0x11, 0x30,
  0x0e, 0x03, 0x01, 0xba, 0x21, 0x7f, 0xd5, 0xa1, 0x09, 0x15, 0x12, 0x06,
  0x7c, 0xb8, 0x81, 0x56, 0x1c, 0xab, 0x3f, 0x15, 0x29, 0x21, 0x08, 0x44,
  0x08, 0x1f, 0x27, 0x01, 0x0e, 0x4d, 0x19, 0x4d, 0x7c, 0xbe, 0x89, 0x05,
  0x10, 0x11, 0x07, 0x84, 0xb4, 0x76, 0x46, 0xfd, 0x46, 0x36, 0x17, 0x31,
  0x2c, 0x0c, 0x39, 0x0d, 0x29, 0x30, 0x33, 0x0d, 0x16, 0xb8, 0x04, 0x0f,
  0x06, 0x42, 0x51, 0x2c, 0x14, 0x94, 0xcb, 0xcb, 0x8d, 0x04, 0x0f, 0x11,
  0x07, 0x0c, 0x1f, 0x49, 0x0e, 0x16, 0x16, 0x0f, 0x02, 0xfe, 0xc0, 0xfe,
  0xc7, 0xdd, 0x3a, 0x07, 0x18, 0x18, 0x0a, 0x30, 0x9d, 0xd5, 0x01, 0x08,
  0x9b, 0x27, 0x1b, 0x21, 0x4b, 0x47, 0x1c, 0x1f, 0x1c, 0x49, 0x4d, 0x12,
  0x0c, 0x8e, 0xff, 0x00, 0xda, 0xaf, 0x3e, 0x0a, 0x16, 0x16, 0x08, 0x38,
  0xa5, 0xcf, 0xf1, 0x7f, 0x29, 0x17, 0x36, 0x33, 0x15, 0x2f, 0x15, 0x37,
  0x37, 0xfc, 0xdf, 0x46, 0x20, 0x7f, 0x0f, 0x25, 0x0c, 0x2f, 0x3a, 0x21,
  0x13, 0x02, 0x3d, 0x49, 0xfe, 0x04, 0x08, 0x15, 0x13, 0x05, 0x0c, 0x33,
  0x27, 0x01, 0xaa, 0xfe, 0x20, 0x10, 0x17, 0x1b, 0x1a, 0x00, 0x00, 0x07,
  0x00, 0x2e, 0xff, 0xbf, 0x03, 0xc2, 0x03, 0x2f, 0x00, 0x09, 0x00, 0x14,
  0x00, 0x18, 0x00, 0x28, 0x00, 0x2c, 0x00, 0x4e, 0x00, 0x54, 0x00, 0x00,
  0x53, 0x37, 0x1e, 0x02, 0x17, 0x07, 0x2e, 0x02, 0x13, 0x27, 0x37, 0x37,
  0x16, 0x16, 0x17, 0x0e, 0x03, 0x03, 0x33, 0x15, 0x23, 0x13, 0x2e, 0x02,
  0x27, 0x36, 0x36, 0x35, 0x11, 0x33, 0x11, 0x30, 0x0e, 0x03, 0x01, 0x21,
  0x15, 0x21, 0x27, 0x33, 0x11, 0x14, 0x16, 0x33, 0x3a, 0x04, 0x33, 0x32,
  0x36, 0x36, 0x37, 0x1e, 0x02, 0x17, 0x0e, 0x02, 0x23, 0x2a, 0x04, 0x23,
  0x22, 0x26, 0x26, 0x35, 0x03, 0x21, 0x11, 0x23, 0x11, 0x21, 0x7c, 0x34,
  0x1c, 0x3c, 0x36, 0x11, 0x37, 0x10, 0x34, 0x3c, 0x30, 0x0e, 0x16, 0xb0,
  0x04, 0x0e, 0x06, 0x3f, 0x4d, 0x2b, 0x14, 0x9f, 0xd5, 0xd5, 0x9a, 0x04,
  0x0f, 0x10, 0x08, 0x0e, 0x23, 0x4a, 0x10, 0x18, 0x18, 0x10, 0x01, 0x0e,
  0x01, 0x84, 0xfe, 0x7c, 0x20, 0x4d, 0x1c, 0x30, 0x09, 0x2b, 0x37, 0x38,
  0x2e, 0x0c, 0x1f, 0x1f, 0x0d, 0x02, 0x0a, 0x19, 0x1b, 0x0b, 0x05, 0x1b,
  0x3b, 0x37, 0x08, 0x2f, 0x3c, 0x3e, 0x2d, 0x08, 0x38, 0x41, 0x1b, 0x13,
  0x01, 0xd8, 0x4b, 0xfe, 0x73, 0x03, 0x01, 0x2e, 0x17, 0x38, 0x35, 0x16,
  0x36, 0x17, 0x38, 0x3b, 0xfc, 0xdb, 0x48, 0x1f, 0x78, 0x0f, 0x26, 0x0c,
  0x2c, 0x38, 0x20, 0x13, 0x02, 0x43, 0x49, 0xfd, 0xfe, 0x09, 0x15, 0x15,
  0x06, 0x0a, 0x32, 0x25, 0x01, 0xb1, 0xfe, 0x17, 0x0e, 0x17, 0x1b, 0x18,
  0x01, 0xed, 0x48, 0x48, 0xfe, 0x7e, 0x1e, 0x13, 0x19, 0x48, 0x47, 0x07,
  0x0d, 0x09, 0x03, 0x51, 0x5b, 0x24, 0x14, 0x35, 0x31, 0x02, 0xc9, 0xfe,
  0x3c, 0x01, 0x79, 0x00, 0x00, 0x0a, 0x00, 0x2b, 0xff, 0xad, 0x03, 0xc3,
  0x03, 0x36, 0x00, 0x09, 0x00, 0x14, 0x00, 0x18, 0x00, 0x1c, 0x00, 0x20,
  0x00, 0x31, 0x00, 0x3d, 0x00, 0x4c, 0x00, 0x67, 0x00, 0x77, 0x00, 0x00,
  0x53, 0x37, 0x1e, 0x02, 0x17, 0x07, 0x2e, 0x02, 0x13, 0x27, 0x37, 0x37,
  0x16, 0x16, 0x17, 0x0e, 0x03, 0x03, 0x33, 0x15, 0x23, 0x01, 0x21, 0x15,
  0x21, 0x03, 0x21, 0x15, 0x21, 0x25, 0x33, 0x37, 0x17, 0x0e, 0x03, 0x07,
  0x26, 0x26, 0x27, 0x3e, 0x03, 0x37, 0x05, 0x1e, 0x02, 0x17, 0x0e, 0x02,
  0x07, 0x26, 0x26, 0x27, 0x13, 0x33, 0x15, 0x14, 0x06, 0x06, 0x07, 0x2e,
  0x02, 0x27, 0x3e, 0x02, 0x35, 0x37, 0x33, 0x15, 0x14, 0x16, 0x33, 0x3a,
  0x02, 0x33, 0x32, 0x36, 0x37, 0x16, 0x16, 0x17, 0x06, 0x06, 0x23, 0x2a,
  0x02, 0x23, 0x22, 0x26, 0x26, 0x35, 0x01, 0x2e, 0x02, 0x27, 0x3e, 0x02,
  0x35, 0x11, 0x33, 0x11, 0x30, 0x0e, 0x02, 0x7a, 0x31, 0x1b, 0x3b, 0x34,
  0x0f, 0x33, 0x0f, 0x33, 0x3a, 0x1a, 0x0e, 0x13, 0xbc, 0x04, 0x11, 0x06,
  0x42, 0x53, 0x2c, 0x15, 0x8a, 0xb2, 0xb2, 0x01, 0xd5, 0x01, 0x05, 0xfe,
  0xfb, 0x80, 0x01, 0xd3, 0xfe, 0x2d, 0x01, 0xbb, 0x0e, 0x0e, 0x2e, 0x1f,
  0x69, 0x8b, 0xa1, 0x58, 0x04, 0x16, 0x0a, 0x51, 0x98, 0x82, 0x61, 0x1a,
  0xfe, 0xaa, 0x28, 0x88, 0xbc, 0x72, 0x08, 0x12, 0x10, 0x04, 0xb1, 0xfa,
  0x44, 0x45, 0x47, 0x1c, 0x4c, 0x48, 0x05, 0x12, 0x13, 0x07, 0x42, 0x42,
  0x16, 0xf8, 0x47, 0x06, 0x0c, 0x06, 0x1c, 0x1d, 0x06, 0x0b, 0x1b, 0x09,
  0x01, 0x04, 0x02, 0x09, 0x1d, 0x0f, 0x07, 0x20, 0x1e, 0x06, 0x23, 0x24,
  0x0d, 0xfd, 0xcc, 0x03, 0x0e, 0x11, 0x07, 0x0a, 0x17, 0x11, 0x49, 0x19,
  0x20, 0x19, 0x03, 0x08, 0x2e, 0x16, 0x36, 0x35, 0x15, 0x35, 0x16, 0x36,
  0x39, 0xfc, 0xd4, 0x44, 0x1e, 0x89, 0x0f, 0x25, 0x0b, 0x31, 0x3d, 0x23,
  0x13, 0x02, 0x42, 0x48, 0x01, 0x5e, 0x46, 0xfe, 0xb0, 0x46, 0x46, 0x03,
  0x14, 0x62, 0x98, 0x70, 0x4c, 0x17, 0x0e, 0x27, 0x0c, 0x13, 0x44, 0x63,
  0x84, 0x53, 0x29, 0x5b, 0x92, 0x64, 0x18, 0x08, 0x18, 0x18, 0x0b, 0x2b,
  0xd0, 0x9b, 0x01, 0xe1, 0x71, 0x2e, 0x64, 0x5a, 0x23, 0x08, 0x15, 0x15,
  0x06, 0x1e, 0x49, 0x4d, 0x25, 0x6f, 0xe8, 0x16, 0x10, 0x03, 0x02, 0x0e,
  0x26, 0x0d, 0x03, 0x02, 0x14, 0x2e, 0x26, 0xfd, 0x87, 0x09, 0x18, 0x18,
  0x07, 0x06, 0x1a, 0x24, 0x17, 0x01, 0xaf, 0xfe, 0x10, 0x13, 0x1d, 0x1f,
  0x00, 0x0d, 0x00, 0x2c, 0xff, 0xaf, 0x03, 0xcc, 0x03, 0x3e, 0x00, 0x03,
  0x00, 0x07, 0x00, 0x13, 0x00, 0x19, 0x00, 0x23, 0x00, 0x2e, 0x00, 0x32,
  0x00, 0x42, 0x00, 0x46, 0x00, 0x4a, 0x00, 0x58, 0x00, 0x6e, 0x00, 0x85,
  0x00, 0x00, 0x41, 0x33, 0x15, 0x23, 0x03, 0x33, 0x11, 0x23, 0x13, 0x17,
  0x0e, 0x02, 0x07, 0x26, 0x26, 0x27, 0x3e, 0x02, 0x05, 0x33, 0x11, 0x21,
  0x15, 0x21, 0x01, 0x37, 0x1e, 0x02, 0x17, 0x07, 0x2e, 0x02, 0x13, 0x27,
  0x37, 0x37, 0x16, 0x16, 0x17, 0x0e, 0x03, 0x03, 0x33, 0x15, 0x23, 0x13,
  0x2e, 0x02, 0x27, 0x3e, 0x02, 0x35, 0x11, 0x33, 0x11, 0x30, 0x0e, 0x02,
  0x13, 0x33, 0x15, 0x23, 0x17, 0x33, 0x15, 0x23, 0x37, 0x33, 0x37, 0x17,
  0x06, 0x02, 0x07, 0x26, 0x26, 0x27, 0x3e, 0x02, 0x37, 0x07, 0x1e, 0x03,
  0x33, 0x3a, 0x03, 0x33, 0x0e, 0x02, 0x07, 0x23, 0x23, 0x22, 0x2e, 0x02,
  0x27, 0x37, 0x2e, 0x02, 0x27, 0x36, 0x36, 0x37, 0x3e, 0x02, 0x37, 0x35,
  0x37, 0x17, 0x06, 0x06, 0x07, 0x31, 0x30, 0x0e, 0x02, 0x03, 0x02, 0xaf,
  0xaf, 0x22, 0x42, 0x42, 0x97, 0x37, 0x30, 0x7b, 0x83, 0x3e, 0x03, 0x0d,
  0x07, 0x3c, 0x7c, 0x6f, 0xfe, 0xf8, 0x3d, 0x01, 0x34, 0xfe, 0x8f, 0xfe,
  0x06, 0x3b, 0x19, 0x34, 0x2d, 0x0d, 0x3e, 0x0d, 0x2b, 0x33, 0x2f, 0x0e,
  0x12, 0xa5, 0x06, 0x11, 0x06, 0x3c, 0x4a, 0x28, 0x13, 0x71, 0x96, 0x96,
  0x6c, 0x03, 0x0f, 0x0f, 0x06, 0x09, 0x17, 0x11, 0x44, 0x18, 0x1e, 0x18,
  0x9a, 0xb7, 0xb7, 0x32, 0x93, 0x93, 0x7f, 0x0b, 0x0b, 0x26, 0x11, 0x72,
  0x62, 0x07, 0x16, 0x0a, 0x3a, 0x56, 0x37, 0x09, 0x69, 0x17, 0x4f, 0x69,
  0x7d, 0x46, 0x0b, 0x33, 0x3d, 0x37, 0x0e, 0x05, 0x0a, 0x08, 0x02, 0x23,
  0x87, 0x52, 0x8c, 0x73, 0x57, 0x1e, 0x14, 0x03, 0x0c, 0x0b, 0x05, 0x0c,
  0x21, 0x0d, 0x08, 0x27, 0x2b, 0x10, 0x18, 0x2b, 0x21, 0x4e, 0x27, 0x0f,
  0x14, 0x0f, 0x01, 0xf3, 0x44, 0x01, 0x41, 0xfd, 0x99, 0x02, 0xb5, 0x39,
  0x15, 0x23, 0x1a, 0x09, 0x0c, 0x23, 0x0b, 0x0b, 0x1b, 0x21, 0xf3, 0xfe,
  0x75, 0x43, 0x02, 0xa5, 0x28, 0x1b, 0x40, 0x3d, 0x18, 0x2e, 0x19, 0x3f,
  0x42, 0xfc, 0xde, 0x46, 0x20, 0x83, 0x0f, 0x25, 0x0a, 0x30, 0x3d, 0x23,
  0x13, 0x02, 0x36, 0x4c, 0xfe, 0x0e, 0x08, 0x14, 0x13, 0x06, 0x06, 0x1a,
  0x26, 0x18, 0x01, 0xab, 0xfe, 0x1e, 0x15, 0x1e, 0x1e, 0x03, 0x3d, 0x44,
  0xe2, 0x3f, 0x3f, 0x02, 0x09, 0xe1, 0xfe, 0xec, 0x48, 0x0c, 0x21, 0x09,
  0x27, 0x8e, 0xc9, 0x83, 0x83, 0x6d, 0x88, 0x49, 0x1a, 0x08, 0x19, 0x19,
  0x0a, 0x1f, 0x53, 0x9b, 0x7b, 0x50, 0x07, 0x14, 0x14, 0x06, 0x03, 0x25,
  0x17, 0x0f, 0x50, 0x6b, 0x36, 0x05, 0x0b, 0x1c, 0x5a, 0xab, 0x3e, 0x08,
  0x0b, 0x0c, 0x00, 0x0a, 0x00, 0x28, 0xff, 0xb1, 0x03, 0xb9, 0x03, 0x4b,
  0x00, 0x09, 0x00, 0x14, 0x00, 0x18, 0x00, 0x29, 0x00, 0x2d, 0x00, 0x31,
  0x00, 0x35, 0x00, 0x39, 0x00, 0x41, 0x00, 0x4a, 0x00, 0x00, 0x53, 0x37,
  0x1e, 0x02, 0x17, 0x07, 0x2e, 0x02, 0x13, 0x27, 0x37, 0x37, 0x16, 0x16,
  0x17, 0x0e, 0x03, 0x03, 0x33, 0x15, 0x23, 0x13, 0x2e, 0x02, 0x27, 0x3e,
  0x02, 0x35, 0x11, 0x33, 0x11, 0x30, 0x0e, 0x03, 0x13, 0x21, 0x15, 0x21,
  0x17, 0x21, 0x15, 0x21, 0x07, 0x21, 0x15, 0x21, 0x13, 0x33, 0x11, 0x23,
  0x03, 0x37, 0x16, 0x16, 0x17, 0x07, 0x26, 0x26, 0x25, 0x17, 0x06, 0x06,
  0x07, 0x27, 0x3e, 0x02, 0x6b, 0x30, 0x1c, 0x3c, 0x35, 0x10, 0x32, 0x10,
  0x35, 0x3a, 0x34, 0x0e, 0x14, 0xac, 0x05, 0x0f, 0x06, 0x3d, 0x4c, 0x29,
  0x14, 0x99, 0xce, 0xce, 0x93, 0x03, 0x0f, 0x11, 0x06, 0x09, 0x17, 0x11,
  0x47, 0x10, 0x17, 0x18, 0x10, 0xd4, 0x02, 0x14, 0xfd, 0xec, 0x1f, 0x01,
  0xd5, 0xfe, 0x2b, 0x37, 0x02, 0x42, 0xfd, 0xbe, 0xff, 0x4b, 0x4b, 0xb0,
  0x42, 0x1a, 0x33, 0x0b, 0x45, 0x0b, 0x30, 0x01, 0x5a, 0x4c, 0x1a, 0x40,
  0x1b, 0x40, 0x13, 0x27, 0x23, 0x03, 0x00, 0x31, 0x16, 0x35, 0x33, 0x15,
  0x37, 0x15, 0x36, 0x37, 0xfc, 0xdc, 0x46, 0x21, 0x82, 0x0f, 0x25, 0x0b,
  0x30, 0x3c, 0x23, 0x14, 0x02, 0x42, 0x49, 0xfd, 0xff, 0x08, 0x15, 0x14,
  0x05, 0x08, 0x1a, 0x27, 0x18, 0x01, 0xb3, 0xfe, 0x16, 0x0e, 0x17, 0x1a,
  0x18, 0x02, 0xbb, 0x45, 0x8a, 0x45, 0x8d, 0x47, 0x01, 0xce, 0xfd, 0x43,
  0x03, 0x7a, 0x19, 0x25, 0x58, 0x21, 0x1d, 0x20, 0x5c, 0x46, 0x1a, 0x37,
  0x73, 0x28, 0x17, 0x1d, 0x49, 0x4e, 0x00, 0x0a, 0x00, 0x31, 0xff, 0xae,
  0x03, 0xb5, 0x03, 0x44, 0x00, 0x09, 0x00, 0x11, 0x00, 0x1c, 0x00, 0x20,
  0x00, 0x2b, 0x00, 0x33, 0x00, 0x42, 0x00, 0x4e, 0x00, 0x5c, 0x00, 0x68,
  0x00, 0x00, 0x53, 0x37, 0x1e, 0x02, 0x17, 0x07, 0x2e, 0x02, 0x07, 0x36,
  0x36, 0x37, 0x17, 0x06, 0x06, 0x07, 0x01, 0x17, 0x06, 0x06, 0x07, 0x2e,
  0x02, 0x27, 0x36, 0x36, 0x17, 0x21, 0x15, 0x21, 0x25, 0x33, 0x37, 0x17,
  0x06, 0x06, 0x07, 0x27, 0x36, 0x36, 0x37, 0x01, 0x21, 0x11, 0x23, 0x35,
  0x21, 0x15, 0x23, 0x25, 0x33, 0x0e, 0x03, 0x07, 0x2e, 0x02, 0x27, 0x3e,
  0x03, 0x17, 0x37, 0x1e, 0x03, 0x17, 0x07, 0x2e, 0x03, 0x13, 0x33, 0x0e,
  0x03, 0x07, 0x26, 0x26, 0x27, 0x3e, 0x03, 0x17, 0x1e, 0x02, 0x17, 0x06,
  0x06, 0x07, 0x2e, 0x02, 0x27, 0x55, 0x26, 0x24, 0x50, 0x48, 0x17, 0x28,
  0x16, 0x47, 0x4f, 0x49, 0x37, 0x9a, 0x51, 0x0c, 0x49, 0x93, 0x3c, 0x01,
  0x9d, 0x48, 0x19, 0x56, 0x43, 0x06, 0x13, 0x14, 0x08, 0x3d, 0x4f, 0x14,
  0x01, 0x7b, 0xfe, 0x5c, 0x01, 0x93, 0x0d, 0x0c, 0x37, 0x13, 0x2b, 0x13,
  0x41, 0x10, 0x25, 0x0d, 0xfd, 0x67, 0x02, 0x88, 0x4e, 0xfe, 0x10, 0x4a,
  0x01, 0x23, 0x4a, 0x0d, 0x36, 0x67, 0xa7, 0x7f, 0x02, 0x0c, 0x0d, 0x06,
  0x77, 0x9b, 0x5b, 0x2f, 0x36, 0x29, 0x2f, 0x68, 0x68, 0x5b, 0x20, 0x2c,
  0x20, 0x59, 0x66, 0x69, 0x2f, 0x4b, 0x0c, 0x2d, 0x48, 0x6f, 0x4f, 0x06,
  0x17, 0x0b, 0x49, 0x64, 0x40, 0x25, 0x35, 0x1b, 0x59, 0x73, 0x41, 0x0b,
  0x1a, 0x08, 0x43, 0x77, 0x5c, 0x1d, 0x02, 0xf0, 0x34, 0x0c, 0x23, 0x26,
  0x12, 0x3a, 0x11, 0x29, 0x25, 0xf3, 0x10, 0x30, 0x1a, 0x42, 0x18, 0x30,
  0x15, 0x01, 0x9a, 0x0a, 0x41, 0x84, 0x37, 0x09, 0x11, 0x10, 0x05, 0x2e,
  0x75, 0x25, 0x3a, 0x3a, 0x04, 0x0f, 0x29, 0x55, 0x1d, 0x13, 0x1a, 0x4c,
  0x23, 0xfe, 0x93, 0xfe, 0xf0, 0xca, 0xd1, 0xb4, 0x4b, 0x75, 0x56, 0x3b,
  0x12, 0x09, 0x17, 0x16, 0x08, 0x0e, 0x31, 0x48, 0x5f, 0x87, 0x37, 0x0e,
  0x24, 0x27, 0x27, 0x10, 0x3e, 0x10, 0x28, 0x29, 0x27, 0x02, 0x91, 0x36,
  0x62, 0x54, 0x43, 0x18, 0x0c, 0x21, 0x09, 0x14, 0x39, 0x47, 0x52, 0x19,
  0x2e, 0x4d, 0x38, 0x0e, 0x0a, 0x23, 0x0e, 0x13, 0x45, 0x5d, 0x38, 0x00,
  0x00, 0x0c, 0x00, 0x23, 0xff, 0xae, 0x03, 0xc9, 0x03, 0x49, 0x00, 0x03,
  0x00, 0x07, 0x00, 0x0b, 0x00, 0x0f, 0x00, 0x18, 0x00, 0x1c, 0x00, 0x38,
  0x00, 0x42, 0x00, 0x4a, 0x00, 0x54, 0x00, 0x5e, 0x00, 0x6f, 0x00, 0x00,
  0x53, 0x33, 0x11, 0x23, 0x13, 0x15, 0x33, 0x35, 0x27, 0x21, 0x11, 0x21,
  0x37, 0x33, 0x11, 0x23, 0x07, 0x3e, 0x02, 0x37, 0x17, 0x06, 0x06, 0x07,
  0x13, 0x33, 0x15, 0x23, 0x01, 0x33, 0x11, 0x14, 0x16, 0x33, 0x3a, 0x02,
  0x33, 0x32, 0x36, 0x37, 0x16, 0x16, 0x17, 0x06, 0x06, 0x23, 0x2a, 0x03,
  0x23, 0x22, 0x26, 0x26, 0x35, 0x01, 0x37, 0x1e, 0x02, 0x17, 0x07, 0x2e,
  0x02, 0x03, 0x36, 0x36, 0x37, 0x17, 0x06, 0x06, 0x07, 0x01, 0x17, 0x0e,
  0x02, 0x07, 0x27, 0x3e, 0x02, 0x03, 0x37, 0x1e, 0x02, 0x17, 0x07, 0x2e,
  0x02, 0x03, 0x33, 0x11, 0x14, 0x0e, 0x02, 0x07, 0x2e, 0x02, 0x27, 0x3e,
  0x03, 0x35, 0x59, 0x38, 0x38, 0x3d, 0xa1, 0xe0, 0x01, 0x21, 0xfe, 0xdf,
  0x7a, 0x3f, 0x3f, 0xae, 0x2d, 0x75, 0x84, 0x42, 0x09, 0x5d, 0xba, 0x49,
  0xc1, 0x87, 0x87, 0x01, 0xc8, 0x47, 0x0a, 0x11, 0x06, 0x21, 0x23, 0x06,
  0x0f, 0x0a, 0x02, 0x0c, 0x24, 0x0f, 0x05, 0x22, 0x2e, 0x06, 0x1b, 0x1f,
  0x1a, 0x06, 0x22, 0x26, 0x0f, 0xfe, 0xc9, 0x3a, 0x16, 0x26, 0x1b, 0x07,
  0x40, 0x05, 0x1a, 0x25, 0x33, 0x26, 0x6b, 0x38, 0x14, 0x2e, 0x5c, 0x29,
  0x01, 0xe2, 0x46, 0x13, 0x2c, 0x2c, 0x14, 0x36, 0x13, 0x29, 0x27, 0x84,
  0x30, 0x1f, 0x45, 0x3e, 0x13, 0x32, 0x12, 0x3d, 0x44, 0xe1, 0x45, 0x0d,
  0x29, 0x56, 0x4a, 0x05, 0x10, 0x13, 0x08, 0x45, 0x50, 0x23, 0x09, 0x01,
  0x94, 0xfe, 0x92, 0x02, 0xaf, 0xb2, 0xb2, 0x40, 0xfe, 0xce, 0x1a, 0xfe,
  0x3c, 0x05, 0x0a, 0x1c, 0x21, 0x11, 0x41, 0x18, 0x31, 0x14, 0x01, 0x77,
  0x43, 0x02, 0x27, 0xfc, 0xe7, 0x1c, 0x10, 0x2f, 0x44, 0x09, 0x12, 0x03,
  0x54, 0x46, 0x13, 0x31, 0x2d, 0x02, 0x79, 0x1a, 0x21, 0x4c, 0x4a, 0x1e,
  0x1d, 0x1f, 0x4b, 0x4d, 0xfe, 0x64, 0x16, 0x43, 0x25, 0x37, 0x25, 0x46,
  0x20, 0x02, 0x23, 0x23, 0x24, 0x50, 0x4c, 0x1c, 0x1c, 0x1e, 0x50, 0x52,
  0xfe, 0xaf, 0x2f, 0x18, 0x3a, 0x38, 0x15, 0x35, 0x16, 0x3a, 0x3c, 0x02,
  0x0b, 0xfe, 0x58, 0x43, 0x8d, 0x87, 0x73, 0x29, 0x08, 0x14, 0x15, 0x06,
  0x22, 0x66, 0x7a, 0x7f, 0x3b, 0x00, 0x00, 0x0b, 0x00, 0x28, 0xff, 0xaf,
  0x03, 0xbf, 0x03, 0x48, 0x00, 0x03, 0x00, 0x07, 0x00, 0x10, 0x00, 0x27,
  0x00, 0x2f, 0x00, 0x33, 0x00, 0x40, 0x00, 0x4a, 0x00, 0x56, 0x00, 0x5a,
  0x00, 0x5e, 0x00, 0x00, 0x53, 0x21, 0x15, 0x21, 0x17, 0x33, 0x11, 0x23,
  0x27, 0x3e, 0x02, 0x37, 0x17, 0x06, 0x06, 0x07, 0x37, 0x2e, 0x02, 0x27,
  0x36, 0x36, 0x37, 0x3e, 0x03, 0x37, 0x17, 0x0e, 0x02, 0x07, 0x15, 0x30,
  0x0e, 0x02, 0x15, 0x35, 0x37, 0x21, 0x15, 0x21, 0x22, 0x06, 0x25, 0x21,
  0x15, 0x21, 0x25, 0x33, 0x37, 0x17, 0x0e, 0x02, 0x07, 0x27, 0x3e, 0x02,
  0x37, 0x05, 0x37, 0x1e, 0x02, 0x17, 0x07, 0x2e, 0x02, 0x13, 0x17, 0x0e,
  0x03, 0x07, 0x23, 0x3e, 0x03, 0x07, 0x21, 0x15, 0x21, 0x07, 0x21, 0x15,
  0x21, 0x2e, 0x01, 0x73, 0xfe, 0x8d, 0xc5, 0x48, 0x48, 0xcb, 0x33, 0x85,
  0x94, 0x4b, 0x03, 0x68, 0xd1, 0x51, 0x19, 0x02, 0x07, 0x0a, 0x04, 0x0d,
  0x17, 0x0d, 0x07, 0x1a, 0x1e, 0x1c, 0x08, 0x4a, 0x12, 0x31, 0x3a, 0x1e,
  0x0d, 0x12, 0x0d, 0x29, 0x01, 0x28, 0xfe, 0xf8, 0x1a, 0x29, 0x01, 0xdc,
  0x01, 0x2b, 0xfe, 0xd5, 0x01, 0x19, 0x0c, 0x0c, 0x35, 0x1c, 0x45, 0x4a,
  0x24, 0x40, 0x22, 0x49, 0x42, 0x15, 0xfe, 0xc7, 0x30, 0x34, 0x6a, 0x5d,
  0x1e, 0x32, 0x1d, 0x5c, 0x6b, 0x5d, 0x4b, 0x11, 0x28, 0x2b, 0x27, 0x11,
  0x51, 0x13, 0x2c, 0x2c, 0x28, 0xc3, 0x01, 0xca, 0xfe, 0x36, 0x27, 0x02,
  0x15, 0xfd, 0xeb, 0x02, 0xd3, 0x46, 0x56, 0xfd, 0x7d, 0xf3, 0x08, 0x16,
  0x1a, 0x0d, 0x41, 0x15, 0x29, 0x0f, 0xee, 0x07, 0x19, 0x19, 0x09, 0x03,
  0x2d, 0x20, 0x11, 0x49, 0x64, 0x73, 0x39, 0x0f, 0x51, 0xa3, 0x95, 0x3b,
  0x02, 0x08, 0x0d, 0x0d, 0x05, 0x3e, 0x14, 0x44, 0x08, 0x0a, 0x46, 0x46,
  0x05, 0x1a, 0x29, 0x62, 0x63, 0x2c, 0x1d, 0x2b, 0x64, 0x5b, 0x20, 0xd1,
  0x30, 0x1e, 0x47, 0x48, 0x1d, 0x3a, 0x1e, 0x4b, 0x4d, 0x02, 0xe3, 0x0a,
  0x43, 0x95, 0x97, 0x87, 0x32, 0x35, 0x8b, 0x99, 0x97, 0x33, 0x46, 0x76,
  0x47, 0x00, 0x00, 0x0b, 0x00, 0x36, 0xff, 0xae, 0x03, 0xc3, 0x03, 0x49,
  0x00, 0x08, 0x00, 0x0c, 0x00, 0x10, 0x00, 0x14, 0x00, 0x2c, 0x00, 0x38,
  0x00, 0x3c, 0x00, 0x40, 0x00, 0x56, 0x00, 0x5e, 0x00, 0x68, 0x00, 0x00,
  0x41, 0x37, 0x1e, 0x02, 0x17, 0x07, 0x26, 0x26, 0x05, 0x21, 0x15, 0x21,
  0x37, 0x21, 0x15, 0x21, 0x37, 0x33, 0x11, 0x23, 0x01, 0x33, 0x06, 0x1e,
  0x03, 0x33, 0x32, 0x36, 0x37, 0x16, 0x16, 0x17, 0x0e, 0x02, 0x23, 0x22,
  0x2e, 0x04, 0x17, 0x17, 0x0e, 0x02, 0x07, 0x26, 0x26, 0x27, 0x3e, 0x02,
  0x25, 0x21, 0x15, 0x21, 0x05, 0x33, 0x11, 0x23, 0x03, 0x2e, 0x02, 0x27,
  0x36, 0x36, 0x37, 0x3e, 0x02, 0x37, 0x17, 0x0e, 0x02, 0x07, 0x15, 0x30,
  0x0e, 0x02, 0x15, 0x35, 0x37, 0x21, 0x15, 0x21, 0x22, 0x06, 0x07, 0x3e,
  0x02, 0x37, 0x15, 0x0e, 0x02, 0x07, 0x02, 0xe0, 0x36, 0x17, 0x30, 0x2a,
  0x0c, 0x39, 0x11, 0x47, 0xfd, 0x34, 0x03, 0x81, 0xfc, 0x7f, 0x33, 0x01,
  0xb8, 0xfe, 0x48, 0xbf, 0x48, 0x48, 0x01, 0x39, 0x4a, 0x01, 0x0e, 0x1e,
  0x2c, 0x3a, 0x23, 0x12, 0x13, 0x04, 0x0b, 0x22, 0x0e, 0x06, 0x18, 0x2a,
  0x23, 0x2f, 0x49, 0x36, 0x26, 0x18, 0x0b, 0xe6, 0x43, 0x21, 0x63, 0x83,
  0x53, 0x09, 0x1e, 0x0e, 0x4f, 0x80, 0x5f, 0xfd, 0x1c, 0x02, 0x02, 0xfd,
  0xfe, 0x01, 0x08, 0x46, 0x46, 0xd4, 0x02, 0x07, 0x09, 0x05, 0x0c, 0x16,
  0x0c, 0x09, 0x25, 0x2a, 0x0f, 0x4a, 0x15, 0x33, 0x36, 0x1c, 0x0e, 0x12,
  0x0e, 0x29, 0x01, 0x90, 0xfe, 0x98, 0x20, 0x2a, 0x3f, 0x3f, 0xa9, 0xc0,
  0x60, 0x5c, 0xba, 0xa8, 0x42, 0x03, 0x10, 0x23, 0x12, 0x2d, 0x2d, 0x12,
  0x28, 0x1c, 0x4b, 0x8e, 0x3d, 0xcf, 0x3c, 0x8d, 0xfe, 0xfe, 0x01, 0x00,
  0x8f, 0xfe, 0xd0, 0x97, 0x52, 0x4a, 0x58, 0x0c, 0x16, 0x05, 0x4b, 0x55,
  0x24, 0x42, 0x78, 0xa7, 0xcb, 0xe7, 0xd6, 0x14, 0x71, 0xd3, 0xaf, 0x40,
  0x0c, 0x1d, 0x0a, 0x39, 0xa7, 0xc8, 0x3c, 0x3e, 0x1f, 0xfe, 0x4c, 0x01,
  0x14, 0x08, 0x19, 0x1b, 0x09, 0x03, 0x1b, 0x14, 0x0e, 0x48, 0x60, 0x32,
  0x14, 0x36, 0x6a, 0x5e, 0x25, 0x02, 0x08, 0x0c, 0x0c, 0x06, 0x39, 0x16,
  0x41, 0x08, 0x72, 0x05, 0x0e, 0x11, 0x09, 0x3e, 0x0a, 0x13, 0x10, 0x08,
  0x00, 0x08, 0x00, 0x27, 0xff, 0xb1, 0x03, 0xc1, 0x03, 0x4a, 0x00, 0x05,
  0x00, 0x0f, 0x00, 0x31, 0x00, 0x37, 0x00, 0x48, 0x00, 0x53, 0x00, 0x5e,
  0x00, 0x6e, 0x00, 0x00, 0x53, 0x11, 0x23, 0x11, 0x23, 0x35, 0x37, 0x37,
  0x1e, 0x02, 0x17, 0x07, 0x2e, 0x02, 0x13, 0x32, 0x16, 0x17, 0x16, 0x16,
  0x33, 0x32, 0x3e, 0x02, 0x37, 0x0e, 0x02, 0x07, 0x0e, 0x03, 0x23, 0x22,
  0x26, 0x27, 0x26, 0x26, 0x23, 0x22, 0x06, 0x06, 0x07, 0x27, 0x36, 0x36,
  0x01, 0x21, 0x15, 0x23, 0x11, 0x23, 0x13, 0x33, 0x11, 0x14, 0x06, 0x07,
  0x06, 0x06, 0x23, 0x26, 0x26, 0x27, 0x16, 0x32, 0x37, 0x32, 0x35, 0x01,
  0x17, 0x06, 0x06, 0x07, 0x26, 0x26, 0x27, 0x3e, 0x02, 0x03, 0x27, 0x37,
  0x37, 0x14, 0x16, 0x17, 0x0e, 0x03, 0x07, 0x2e, 0x02, 0x27, 0x36, 0x36,
  0x35, 0x11, 0x33, 0x11, 0x30, 0x0e, 0x03, 0xfb, 0x49, 0x82, 0x14, 0x2e,
  0x20, 0x44, 0x3c, 0x13, 0x31, 0x12, 0x3b, 0x43, 0x7c, 0x18, 0x2d, 0x2a,
  0x32, 0x80, 0x53, 0x2b, 0x5f, 0x62, 0x5b, 0x26, 0x04, 0x0a, 0x07, 0x01,
  0x19, 0x53, 0x63, 0x62, 0x28, 0x5b, 0x83, 0x34, 0x1e, 0x32, 0x12, 0x10,
  0x2b, 0x31, 0x19, 0x32, 0x32, 0x60, 0x01, 0xb4, 0x01, 0x0d, 0xc8, 0x45,
  0xe6, 0x46, 0x0d, 0x14, 0x11, 0x3f, 0x2d, 0x02, 0x0e, 0x07, 0x21, 0x36,
  0x09, 0x0f, 0xfe, 0xdc, 0x38, 0x33, 0x7d, 0x3b, 0x02, 0x0f, 0x07, 0x25,
  0x4c, 0x43, 0xc1, 0x06, 0x23, 0xe1, 0x03, 0x02, 0x4f, 0x60, 0x35, 0x18,
  0x07, 0x03, 0x0c, 0x0e, 0x07, 0x0e, 0x23, 0x46, 0x10, 0x19, 0x19, 0x11,
  0x01, 0xea, 0xfe, 0x64, 0x01, 0x56, 0x46, 0xf5, 0x2d, 0x12, 0x2d, 0x2d,
  0x14, 0x34, 0x13, 0x30, 0x31, 0xfd, 0xa4, 0x23, 0x1a, 0x1f, 0x12, 0x03,
  0x05, 0x07, 0x04, 0x0a, 0x1c, 0x1d, 0x0b, 0x01, 0x05, 0x02, 0x02, 0x17,
  0x20, 0x13, 0x27, 0x23, 0x39, 0x21, 0x41, 0x36, 0x48, 0x02, 0x8e, 0x41,
  0xfd, 0x73, 0x02, 0xce, 0xfd, 0xfb, 0x1c, 0x1f, 0x09, 0x08, 0x04, 0x0d,
  0x26, 0x0e, 0x01, 0x01, 0x10, 0x02, 0x50, 0x37, 0x1d, 0x33, 0x13, 0x0c,
  0x1f, 0x0c, 0x0d, 0x21, 0x25, 0xfd, 0x63, 0x41, 0x1d, 0x45, 0x10, 0x27,
  0x0c, 0x1a, 0x21, 0x14, 0x0c, 0x05, 0x08, 0x15, 0x15, 0x07, 0x08, 0x28,
  0x21, 0x01, 0xc0, 0xfe, 0x08, 0x0c, 0x13, 0x16, 0x15, 0x00, 0x00, 0x08,
  0x00, 0x20, 0xff, 0xc0, 0x03, 0xc1, 0x03, 0x38, 0x00, 0x05, 0x00, 0x0f,
  0x00, 0x13, 0x00, 0x23, 0x00, 0x34, 0x00, 0x41, 0x00, 0x4d, 0x00, 0x6e,
  0x00, 0x00, 0x53, 0x11, 0x23, 0x11, 0x23, 0x35, 0x13, 0x37, 0x1e, 0x02,
  0x17, 0x07, 0x2e, 0x02, 0x05, 0x21, 0x15, 0x21, 0x27, 0x33, 0x15, 0x14,
  0x0e, 0x02, 0x07, 0x2e, 0x02, 0x27, 0x3e, 0x02, 0x35, 0x25, 0x33, 0x37,
  0x17, 0x0e, 0x03, 0x07, 0x26, 0x26, 0x27, 0x3e, 0x03, 0x37, 0x37, 0x17,
  0x0e, 0x02, 0x07, 0x26, 0x26, 0x27, 0x3e, 0x03, 0x01, 0x37, 0x1e, 0x03,
  0x17, 0x07, 0x2e, 0x03, 0x01, 0x32, 0x16, 0x17, 0x16, 0x16, 0x33, 0x32,
  0x36, 0x36, 0x37, 0x0e, 0x02, 0x07, 0x0e, 0x03, 0x23, 0x22, 0x26, 0x27,
  0x26, 0x26, 0x23, 0x22, 0x06, 0x06, 0x07, 0x27, 0x36, 0x36, 0xf9, 0x4b,
  0x7f, 0x1b, 0x3c, 0x17, 0x36, 0x31, 0x10, 0x40, 0x0f, 0x2f, 0x34, 0x01,
  0x48, 0x01, 0x99, 0xfe, 0x67, 0x29, 0x4a, 0x09, 0x19, 0x2f, 0x26, 0x06,
  0x18, 0x18, 0x09, 0x30, 0x2e, 0x0e, 0x01, 0xb6, 0x0e, 0x0e, 0x2d, 0x19,
  0x57, 0x72, 0x85, 0x48, 0x06, 0x19, 0x0c, 0x43, 0x7c, 0x6b, 0x51, 0x16,
  0x2b, 0x3f, 0x45, 0xb1, 0xbd, 0x58, 0x02, 0x0d, 0x06, 0x40, 0x86, 0x81,
  0x71, 0xfe, 0xa8, 0x35, 0x2e, 0x69, 0x67, 0x58, 0x20, 0x3a, 0x1d, 0x58,
  0x65, 0x67, 0xfe, 0xbe, 0x1a, 0x2f, 0x29, 0x32, 0x85, 0x53, 0x3c, 0x86,
  0x82, 0x32, 0x04, 0x0a, 0x07, 0x01, 0x1c, 0x59, 0x66, 0x61, 0x26, 0x5a,
  0x88, 0x36, 0x21, 0x31, 0x11, 0x10, 0x28, 0x2c, 0x17, 0x33, 0x31, 0x5a,
  0x01, 0xd3, 0xfe, 0x82, 0x01, 0x37, 0x47, 0x01, 0x2b, 0x26, 0x17, 0x3a,
  0x36, 0x15, 0x2c, 0x15, 0x38, 0x3c, 0x9e, 0x44, 0xfc, 0xdd, 0x32, 0x74,
  0x79, 0x72, 0x30, 0x08, 0x10, 0x10, 0x04, 0x3b, 0x8e, 0x90, 0x3e, 0x23,
  0x03, 0x11, 0x5f, 0x9a, 0x79, 0x59, 0x1d, 0x0e, 0x25, 0x0b, 0x17, 0x50,
  0x6c, 0x88, 0x4f, 0xff, 0x3c, 0x12, 0x1a, 0x0f, 0x04, 0x0e, 0x27, 0x0d,
  0x03, 0x0b, 0x0e, 0x12, 0xfe, 0x6d, 0x2b, 0x24, 0x54, 0x56, 0x4f, 0x20,
  0x36, 0x21, 0x52, 0x59, 0x57, 0xfe, 0xff, 0x22, 0x17, 0x1a, 0x0f, 0x05,
  0x08, 0x06, 0x0a, 0x1d, 0x1c, 0x0c, 0x02, 0x03, 0x03, 0x02, 0x14, 0x1c,
  0x12, 0x23, 0x20, 0x34, 0x1d, 0x45, 0x31, 0x3e, 0x00, 0x07, 0x00, 0x26,
  0xff, 0xbe, 0x03, 0xc4, 0x03, 0x33, 0x00, 0x03, 0x00, 0x13, 0x00, 0x17,
  0x00, 0x1d, 0x00, 0x3f, 0x00, 0x49, 0x00, 0x4d, 0x00, 0x00, 0x41, 0x21,
  0x15, 0x21, 0x37, 0x33, 0x11, 0x14, 0x0e, 0x02, 0x07, 0x2e, 0x02, 0x27,
  0x3e, 0x02, 0x35, 0x07, 0x21, 0x15, 0x21, 0x27, 0x11, 0x23, 0x11, 0x23,
  0x35, 0x13, 0x32, 0x16, 0x17, 0x16, 0x16, 0x33, 0x32, 0x3e, 0x02, 0x37,
  0x0e, 0x02, 0x07, 0x0e, 0x03, 0x23, 0x22, 0x26, 0x27, 0x26, 0x26, 0x23,
  0x22, 0x06, 0x06, 0x07, 0x27, 0x36, 0x36, 0x03, 0x37, 0x1e, 0x02, 0x17,
  0x07, 0x2e, 0x02, 0x25, 0x33, 0x11, 0x23, 0x01, 0x53, 0x02, 0x49, 0xfd,
  0xb7, 0x8e, 0x4a, 0x0b, 0x1f, 0x3d, 0x32, 0x04, 0x14, 0x16, 0x08, 0x3c,
  0x38, 0x11, 0x94, 0x02, 0x63, 0xfd, 0x9d, 0x47, 0x4a, 0x8a, 0xae, 0x19,
  0x2d, 0x29, 0x31, 0x82, 0x54, 0x2d, 0x61, 0x61, 0x5a, 0x25, 0x05, 0x09,
  0x07, 0x01, 0x1b, 0x56, 0x65, 0x60, 0x24, 0x5d, 0x84, 0x34, 0x1f, 0x30,
  0x11, 0x11, 0x2b, 0x31, 0x1a, 0x32, 0x33, 0x61, 0x69, 0x36, 0x1c, 0x3b,
  0x35, 0x11, 0x3a, 0x0f, 0x34, 0x3a, 0x02, 0x63, 0x4b, 0x4b, 0x02, 0x93,
  0x49, 0xe9, 0xfe, 0xa1, 0x30, 0x6b, 0x6a, 0x5f, 0x26, 0x08, 0x15, 0x14,
  0x05, 0x2e, 0x72, 0x7b, 0x3a, 0x3e, 0x48, 0x8f, 0xfe, 0x7d, 0x01, 0x3d,
  0x46, 0xfe, 0xa2, 0x25, 0x1b, 0x1f, 0x11, 0x03, 0x05, 0x07, 0x04, 0x0a,
  0x1c, 0x1d, 0x0b, 0x01, 0x04, 0x03, 0x02, 0x16, 0x21, 0x14, 0x27, 0x23,
  0x3a, 0x22, 0x44, 0x37, 0x47, 0x02, 0x8a, 0x29, 0x18, 0x3b, 0x39, 0x16,
  0x30, 0x18, 0x3b, 0x3d, 0x42, 0xfd, 0x1d, 0x00, 0x00, 0x10, 0x00, 0x31,
  0xff, 0xb5, 0x03, 0xc4, 0x03, 0x20, 0x00, 0x19, 0x00, 0x27, 0x00, 0x2b,
  0x00, 0x2f, 0x00, 0x33, 0x00, 0x37, 0x00, 0x3b, 0x00, 0x43, 0x00, 0x47,
  0x00, 0x51, 0x00, 0x55, 0x00, 0x59, 0x00, 0x5d, 0x00, 0x61, 0x00, 0x65,
  0x00, 0x69, 0x00, 0x00, 0x41, 0x14, 0x16, 0x33, 0x3a, 0x02, 0x33, 0x32,
  0x36, 0x37, 0x16, 0x16, 0x17, 0x06, 0x06, 0x23, 0x2a, 0x02, 0x23, 0x22,
  0x26, 0x35, 0x35, 0x33, 0x07, 0x14, 0x06, 0x06, 0x07, 0x26, 0x26, 0x27,
  0x3e, 0x02, 0x35, 0x35, 0x33, 0x37, 0x15, 0x23, 0x35, 0x23, 0x15, 0x23,
  0x35, 0x25, 0x15, 0x21, 0x35, 0x01, 0x15, 0x21, 0x35, 0x25, 0x15, 0x21,
  0x35, 0x01, 0x11, 0x23, 0x11, 0x21, 0x11, 0x23, 0x11, 0x01, 0x15, 0x21,
  0x37, 0x37, 0x06, 0x06, 0x07, 0x26, 0x26, 0x27, 0x36, 0x36, 0x37, 0x37,
  0x21, 0x35, 0x21, 0x35, 0x21, 0x35, 0x21, 0x25, 0x11, 0x21, 0x11, 0x13,
  0x11, 0x23, 0x11, 0x17, 0x15, 0x21, 0x35, 0x05, 0x15, 0x21, 0x35, 0x01,
  0x4d, 0x03, 0x0a, 0x03, 0x10, 0x10, 0x04, 0x09, 0x05, 0x01, 0x07, 0x18,
  0x0b, 0x04, 0x18, 0x15, 0x04, 0x16, 0x15, 0x04, 0x20, 0x17, 0x2e, 0x65,
  0x0d, 0x21, 0x21, 0x05, 0x18, 0x07, 0x1d, 0x1e, 0x0a, 0x2e, 0x70, 0x38,
  0x39, 0x37, 0x01, 0x25, 0xfe, 0x5c, 0x01, 0x7a, 0xfe, 0xb2, 0x01, 0x4e,
  0xfe, 0xb2, 0x01, 0x6f, 0x3e, 0xfe, 0xef, 0x3c, 0x03, 0x65, 0xfe, 0x70,
  0x1f, 0x37, 0x12, 0x3d, 0x23, 0x08, 0x21, 0x0c, 0x25, 0x35, 0x10, 0x1b,
  0x01, 0x03, 0xfe, 0xfd, 0x01, 0x03, 0xfe, 0xfd, 0x01, 0x48, 0xfe, 0x76,
  0xeb, 0x44, 0xe3, 0xfe, 0x7e, 0x01, 0xb4, 0xfe, 0x20, 0x01, 0x6f, 0x0a,
  0x05, 0x02, 0x01, 0x06, 0x09, 0x03, 0x11, 0x0f, 0x18, 0x26, 0xc2, 0x5e,
  0x1e, 0x45, 0x43, 0x1b, 0x07, 0x14, 0x04, 0x19, 0x37, 0x3a, 0x19, 0x5d,
  0xd6, 0xdb, 0xdb, 0xdb, 0xdb, 0x16, 0x40, 0x40, 0xfd, 0x1a, 0x3d, 0x3d,
  0xa0, 0x3b, 0x3b, 0x01, 0x88, 0xfd, 0x64, 0x02, 0x5c, 0xfd, 0x96, 0x02,
  0xaa, 0xfe, 0xf9, 0x3d, 0x3d, 0x51, 0x42, 0x7c, 0x2a, 0x07, 0x15, 0x06,
  0x28, 0x6f, 0x3b, 0x4c, 0x56, 0x38, 0x54, 0x3d, 0xfe, 0xa5, 0x01, 0x5b,
  0xfe, 0x91, 0xfe, 0x37, 0x01, 0xc9, 0xf9, 0x3d, 0x3d, 0xb0, 0x3f, 0x3f,
  0x00, 0x08, 0x00, 0x34, 0xff, 0xd0, 0x03, 0xb5, 0x03, 0x42, 0x00, 0x03,
  0x00, 0x07, 0x00, 0x0b, 0x00, 0x0f, 0x00, 0x1d, 0x00, 0x21, 0x00, 0x25,
  0x00, 0x29, 0x00, 0x00, 0x77, 0x21, 0x15, 0x21, 0x13, 0x21, 0x15, 0x21,
  0x13, 0x21, 0x15, 0x21, 0x01, 0x33, 0x11, 0x23, 0x01, 0x17, 0x0e, 0x03,
  0x07, 0x34, 0x26, 0x27, 0x3e, 0x03, 0x01, 0x15, 0x21, 0x35, 0x25, 0x15,
  0x21, 0x35, 0x25, 0x21, 0x11, 0x21, 0x34, 0x03, 0x81, 0xfc, 0x7f, 0x06,
  0x03, 0x76, 0xfc, 0x8a, 0x45, 0x02, 0xf7, 0xfd, 0x09, 0x01, 0x4c, 0x4b,
  0x4b, 0x01, 0x5c, 0x28, 0x43, 0xa9, 0xba, 0xbc, 0x58, 0x0b, 0x05, 0x57,
  0xbb, 0xb5, 0x9f, 0xfd, 0xfd, 0x02, 0x1c, 0xfd, 0xe4, 0x02, 0x1c, 0xfd,
  0x9b, 0x02, 0xb1, 0xfd, 0x4f, 0x0d, 0x3d, 0x02, 0xc7, 0x3e, 0xfe, 0x47,
  0x3c, 0x02, 0x98, 0xfc, 0xf4, 0x03, 0x52, 0x3a, 0x0c, 0x13, 0x0d, 0x09,
  0x01, 0x0d, 0x23, 0x0b, 0x03, 0x09, 0x0d, 0x12, 0xfe, 0x30, 0x4c, 0x4c,
  0x7e, 0x4b, 0x4b, 0x36, 0xfe, 0xc9, 0x00, 0x0a, 0x00, 0x2f, 0xff, 0xc9,
  0x03, 0xbb, 0x03, 0x28, 0x00, 0x03, 0x00, 0x07, 0x00, 0x0b, 0x00, 0x0f,
  0x00, 0x13, 0x00, 0x17, 0x00, 0x1b, 0x00, 0x1f, 0x00, 0x23, 0x00, 0x27,
  0x00, 0x00, 0x53, 0x15, 0x21, 0x35, 0x25, 0x15, 0x21, 0x35, 0x25, 0x21,
  0x15, 0x21, 0x13, 0x15, 0x21, 0x35, 0x25, 0x15, 0x21, 0x35, 0x25, 0x21,
  0x15, 0x21, 0x25, 0x33, 0x11, 0x23, 0x01, 0x21, 0x15, 0x21, 0x13, 0x21,
  0x15, 0x21, 0x07, 0x21, 0x15, 0x21, 0xfa, 0x01, 0xf1, 0xfe, 0x0f, 0x01,
  0xf1, 0xfd, 0xc6, 0x02, 0x85, 0xfd, 0x7b, 0x35, 0x02, 0x23, 0xfd, 0xdd,
  0x02, 0x23, 0xfd, 0x96, 0x02, 0xb4, 0xfd, 0x4c, 0x01, 0x2f, 0x49, 0x49,
  0xfe, 0x66, 0x03, 0x81, 0xfc, 0x7f, 0x4f, 0x02, 0xe6, 0xfd, 0x1a, 0x54,
  0x03, 0x8c, 0xfc, 0x74, 0x02, 0x99, 0x37, 0x37, 0x62, 0x36, 0x36, 0x2d,
  0xf3, 0xfe, 0xdc, 0x3a, 0x3a, 0x64, 0x38, 0x38, 0x2f, 0xfb, 0xea, 0xfe,
  0x52, 0x02, 0x25, 0x39, 0xfe, 0xa1, 0x35, 0x3a, 0x3a, 0x00, 0x00, 0x07,
  0x00, 0x5b, 0xff, 0xb0, 0x03, 0x91, 0x03, 0x3b, 0x00, 0x03, 0x00, 0x0d,
  0x00, 0x11, 0x00, 0x23, 0x00, 0x27, 0x00, 0x2b, 0x00, 0x2f, 0x00, 0x00,
  0x53, 0x33, 0x11, 0x23, 0x13, 0x37, 0x1e, 0x02, 0x17, 0x07, 0x2e, 0x02,
  0x37, 0x21, 0x15, 0x21, 0x25, 0x33, 0x11, 0x14, 0x06, 0x07, 0x06, 0x06,
  0x23, 0x26, 0x26, 0x27, 0x16, 0x32, 0x33, 0x36, 0x36, 0x35, 0x01, 0x15,
  0x33, 0x35, 0x27, 0x15, 0x33, 0x35, 0x25, 0x21, 0x11, 0x21, 0x5b, 0x4d,
  0x4d, 0x0f, 0x3a, 0x18, 0x30, 0x2a, 0x0b, 0x3e, 0x0c, 0x27, 0x2f, 0xdf,
  0x02, 0x0e, 0xfd, 0xf2, 0x01, 0xe4, 0x4d, 0x0f, 0x14, 0x14, 0x41, 0x2e,
  0x03, 0x0d, 0x08, 0x20, 0x36, 0x0a, 0x0a, 0x07, 0xfe, 0x37, 0xf0, 0xf0,
  0xf0, 0xfe, 0xcc, 0x01, 0x7b, 0xfe, 0x85, 0x02, 0x67, 0xfd, 0x49, 0x03,
  0x67, 0x24, 0x15, 0x33, 0x32, 0x15, 0x28, 0x14, 0x34, 0x35, 0x0f, 0x47,
  0x47, 0xfc, 0xfb, 0x1f, 0x21, 0x0a, 0x09, 0x03, 0x0e, 0x29, 0x0e, 0x01,
  0x01, 0x08, 0x09, 0x01, 0x1c, 0x87, 0x87, 0xc4, 0x85, 0x85, 0x3f, 0xfe,
  0x38, 0x00, 0x00, 0x0a, 0x00, 0x59, 0xff, 0xb0, 0x03, 0x90, 0x03, 0x3d,
  0x00, 0x11, 0x00, 0x15, 0x00, 0x1f, 0x00, 0x23, 0x00, 0x2c, 0x00, 0x34,
  0x00, 0x4a, 0x00, 0x56, 0x00, 0x5a, 0x00, 0x65, 0x00, 0x00, 0x41, 0x33,
  0x11, 0x14, 0x06, 0x07, 0x06, 0x06, 0x23, 0x26, 0x26, 0x27, 0x16, 0x32,
  0x37, 0x36, 0x36, 0x35, 0x01, 0x33, 0x11, 0x23, 0x13, 0x37, 0x1e, 0x02,
  0x17, 0x07, 0x2e, 0x02, 0x37, 0x21, 0x15, 0x21, 0x13, 0x3e, 0x02, 0x37,
  0x17, 0x06, 0x06, 0x07, 0x37, 0x37, 0x16, 0x16, 0x17, 0x07, 0x26, 0x26,
  0x27, 0x33, 0x1e, 0x04, 0x33, 0x32, 0x36, 0x37, 0x16, 0x16, 0x17, 0x06,
  0x06, 0x23, 0x22, 0x2e, 0x03, 0x27, 0x17, 0x0e, 0x02, 0x07, 0x2e, 0x02,
  0x27, 0x36, 0x36, 0x07, 0x37, 0x11, 0x23, 0x01, 0x17, 0x06, 0x06, 0x07,
  0x2e, 0x02, 0x27, 0x36, 0x36, 0x03, 0x46, 0x4a, 0x0f, 0x13, 0x14, 0x40,
  0x2e, 0x02, 0x0d, 0x08, 0x20, 0x36, 0x09, 0x0b, 0x07, 0xfd, 0x13, 0x4a,
  0x4a, 0x11, 0x38, 0x14, 0x2e, 0x2b, 0x0c, 0x3b, 0x0c, 0x29, 0x2d, 0xe5,
  0x02, 0x0f, 0xfd, 0xf1, 0x21, 0x32, 0x80, 0x8f, 0x47, 0x04, 0x68, 0xcc,
  0x50, 0xc4, 0x2e, 0x19, 0x39, 0x10, 0x2f, 0x11, 0x37, 0x7f, 0x42, 0x03,
  0x12, 0x1c, 0x26, 0x32, 0x1e, 0x0f, 0x0f, 0x03, 0x08, 0x19, 0x0a, 0x08,
  0x22, 0x25, 0x30, 0x48, 0x33, 0x22, 0x14, 0x99, 0x3f, 0x14, 0x3a, 0x43,
  0x25, 0x04, 0x0e, 0x11, 0x06, 0x33, 0x53, 0x21, 0x42, 0x42, 0x01, 0xac,
  0x40, 0x38, 0xb8, 0x67, 0x04, 0x11, 0x12, 0x07, 0x66, 0xae, 0x03, 0x18,
  0xfc, 0xf4, 0x1e, 0x22, 0x0a, 0x09, 0x05, 0x0f, 0x2a, 0x0e, 0x01, 0x01,
  0x01, 0x07, 0x0a, 0x02, 0x5a, 0xfd, 0x49, 0x03, 0x67, 0x26, 0x14, 0x30,
  0x2e, 0x12, 0x2c, 0x13, 0x30, 0x32, 0x16, 0x47, 0xfe, 0xef, 0x05, 0x0f,
  0x11, 0x09, 0x41, 0x0e, 0x1a, 0x0a, 0xe1, 0x21, 0x16, 0x38, 0x13, 0x26,
  0x14, 0x3a, 0x2d, 0x4e, 0x9a, 0x89, 0x69, 0x3c, 0x24, 0x25, 0x0b, 0x15,
  0x08, 0x35, 0x2d, 0x3f, 0x71, 0x97, 0xb1, 0x6b, 0x11, 0x3f, 0x7a, 0x6b,
  0x29, 0x07, 0x17, 0x18, 0x07, 0x36, 0x98, 0x61, 0x3f, 0xfd, 0xf5, 0x01,
  0x7c, 0x14, 0x6d, 0xac, 0x38, 0x07, 0x15, 0x14, 0x07, 0x31, 0x9a, 0x00,
  0x00, 0x0d, 0x00, 0x23, 0xff, 0xa8, 0x03, 0xcb, 0x03, 0x20, 0x00, 0x03,
  0x00, 0x07, 0x00, 0x0b, 0x00, 0x0f, 0x00, 0x13, 0x00, 0x17, 0x00, 0x1f,
  0x00, 0x2f, 0x00, 0x3b, 0x00, 0x3f, 0x00, 0x47, 0x00, 0x56, 0x00, 0x63,
  0x00, 0x00, 0x53, 0x21, 0x15, 0x21, 0x17, 0x33, 0x15, 0x23, 0x07, 0x33,
  0x15, 0x23, 0x25, 0x33, 0x15, 0x23, 0x35, 0x33, 0x15, 0x23, 0x27, 0x33,
  0x11, 0x23, 0x25, 0x21, 0x15, 0x23, 0x35, 0x21, 0x15, 0x23, 0x01, 0x33,
  0x37, 0x17, 0x0e, 0x02, 0x07, 0x26, 0x26, 0x27, 0x3e, 0x03, 0x37, 0x05,
  0x37, 0x1e, 0x03, 0x17, 0x07, 0x2e, 0x03, 0x27, 0x21, 0x15, 0x21, 0x25,
  0x37, 0x16, 0x16, 0x17, 0x07, 0x26, 0x26, 0x37, 0x1e, 0x03, 0x17, 0x0e,
  0x02, 0x07, 0x2e, 0x03, 0x27, 0x37, 0x17, 0x0e, 0x02, 0x07, 0x26, 0x26,
  0x27, 0x3e, 0x03, 0x86, 0x02, 0xdb, 0xfd, 0x25, 0x3b, 0xd9, 0xd9, 0x16,
  0xf0, 0xf0, 0x01, 0x9d, 0xf7, 0xf7, 0xde, 0xde, 0x7c, 0x4a, 0x4a, 0xfe,
  0x80, 0x03, 0x51, 0x46, 0xfd, 0x39, 0x44, 0x02, 0xb5, 0x0c, 0x0b, 0x30,
  0x25, 0x6e, 0x73, 0x2f, 0x08, 0x1b, 0x0a, 0x22, 0x50, 0x50, 0x44, 0x15,
  0xfe, 0x1d, 0x20, 0x30, 0x6f, 0x6d, 0x5f, 0x23, 0x21, 0x21, 0x5e, 0x6d,
  0x6f, 0xa5, 0x02, 0x68, 0xfd, 0x98, 0x01, 0x03, 0x2f, 0x19, 0x33, 0x0f,
  0x31, 0x0d, 0x33, 0x4a, 0x26, 0x6b, 0x79, 0x7b, 0x35, 0x07, 0x12, 0x10,
  0x05, 0x35, 0x79, 0x7b, 0x6f, 0x2a, 0x28, 0x39, 0x3c, 0xa6, 0xb6, 0x57,
  0x07, 0x17, 0x0c, 0x40, 0x87, 0x81, 0x70, 0x03, 0x20, 0x39, 0xa2, 0x2f,
  0x35, 0x31, 0x31, 0x31, 0x95, 0x2f, 0xf3, 0xfe, 0xd6, 0xcf, 0xaf, 0x7b,
  0x7b, 0xfe, 0xd9, 0x04, 0x22, 0x27, 0x4c, 0x3f, 0x15, 0x0b, 0x1e, 0x08,
  0x0d, 0x26, 0x2e, 0x30, 0x15, 0x8f, 0x30, 0x0c, 0x22, 0x26, 0x26, 0x11,
  0x38, 0x11, 0x28, 0x28, 0x24, 0xab, 0x39, 0x8b, 0x20, 0x11, 0x30, 0x13,
  0x25, 0x14, 0x32, 0x81, 0x14, 0x27, 0x23, 0x1b, 0x0a, 0x07, 0x16, 0x16,
  0x09, 0x0b, 0x21, 0x2a, 0x2e, 0x18, 0x52, 0x23, 0x2d, 0x4f, 0x3f, 0x15,
  0x0c, 0x20, 0x0c, 0x0e, 0x27, 0x30, 0x38, 0x00, 0x00, 0x0d, 0x00, 0x41,
  0xff, 0xb0, 0x03, 0xaa, 0x03, 0x20, 0x00, 0x03, 0x00, 0x07, 0x00, 0x0b,
  0x00, 0x0f, 0x00, 0x13, 0x00, 0x17, 0x00, 0x1b, 0x00, 0x1f, 0x00, 0x23,
  0x00, 0x2b, 0x00, 0x31, 0x00, 0x43, 0x00, 0x4b, 0x00, 0x00, 0x53, 0x21,
  0x15, 0x21, 0x03, 0x21, 0x15, 0x21, 0x13, 0x33, 0x15, 0x23, 0x07, 0x33,
  0x15, 0x23, 0x25, 0x33, 0x15, 0x23, 0x35, 0x33, 0x15, 0x23, 0x03, 0x33,
  0x11, 0x23, 0x07, 0x33, 0x11, 0x23, 0x13, 0x33, 0x11, 0x23, 0x01, 0x21,
  0x15, 0x23, 0x35, 0x21, 0x15, 0x23, 0x13, 0x21, 0x15, 0x21, 0x15, 0x23,
  0x01, 0x33, 0x15, 0x14, 0x06, 0x07, 0x06, 0x06, 0x23, 0x26, 0x26, 0x27,
  0x16, 0x32, 0x37, 0x32, 0x36, 0x35, 0x01, 0x17, 0x06, 0x06, 0x07, 0x27,
  0x36, 0x36, 0x86, 0x02, 0xdb, 0xfd, 0x25, 0x45, 0x03, 0x69, 0xfc, 0x97,
  0x81, 0xd7, 0xd7, 0x16, 0xee, 0xee, 0x01, 0x9d, 0xf5, 0xf5, 0xdd, 0xdd,
  0x7c, 0x48, 0x48, 0x63, 0x45, 0x45, 0xde, 0x45, 0x45, 0xfe, 0x04, 0x03,
  0x51, 0x46, 0xfd, 0x39, 0x44, 0x43, 0x02, 0xad, 0xfd, 0x9a, 0x47, 0x02,
  0x9a, 0x49, 0x0c, 0x13, 0x13, 0x39, 0x29, 0x02, 0x0f, 0x07, 0x1e, 0x2f,
  0x08, 0x09, 0x05, 0xfe, 0xa5, 0x51, 0x0d, 0x1e, 0x0d, 0x42, 0x0c, 0x17,
  0x03, 0x20, 0x3c, 0xfe, 0x80, 0x3d, 0x01, 0x14, 0x32, 0x37, 0x32, 0x32,
  0x33, 0x9c, 0x32, 0x01, 0x00, 0xfe, 0x7c, 0xcd, 0xff, 0x00, 0x01, 0x00,
  0xff, 0x00, 0x02, 0xf1, 0xbf, 0x88, 0x88, 0xfe, 0xf6, 0x3e, 0xf0, 0x01,
  0x2e, 0xe5, 0x1a, 0x1d, 0x08, 0x09, 0x03, 0x0e, 0x23, 0x0e, 0x01, 0x01,
  0x06, 0x07, 0x01, 0x52, 0x04, 0x28, 0x4d, 0x1c, 0x07, 0x1e, 0x51, 0x00,
  0x00, 0x08, 0x00, 0x3a, 0xff, 0xb0, 0x03, 0xb1, 0x03, 0x06, 0x00, 0x03,
  0x00, 0x07, 0x00, 0x0b, 0x00, 0x13, 0x00, 0x17, 0x00, 0x1b, 0x00, 0x24,
  0x00, 0x28, 0x00, 0x00, 0x41, 0x21, 0x15, 0x21, 0x15, 0x21, 0x15, 0x21,
  0x07, 0x21, 0x15, 0x21, 0x03, 0x21, 0x11, 0x23, 0x11, 0x21, 0x11, 0x23,
  0x13, 0x33, 0x11, 0x23, 0x01, 0x33, 0x11, 0x23, 0x03, 0x17, 0x06, 0x06,
  0x07, 0x27, 0x3e, 0x02, 0x25, 0x21, 0x15, 0x21, 0x01, 0x63, 0x01, 0x13,
  0xfe, 0xed, 0x01, 0x15, 0xfe, 0xeb, 0xcd, 0x02, 0xc2, 0xfd, 0x3e, 0x2e,
  0x03, 0x18, 0x4c, 0xfd, 0x7c, 0x48, 0xd8, 0x45, 0x45, 0x01, 0x19, 0x45,
  0x45, 0x97, 0x58, 0x10, 0x20, 0x0f, 0x44, 0x08, 0x11, 0x0f, 0xfe, 0x7b,
  0x03, 0x77, 0xfc, 0x89, 0x01, 0x8b, 0x3d, 0x71, 0x3d, 0x75, 0x46, 0x02,
  0x5b, 0xfd, 0x70, 0x02, 0x4a, 0xfd, 0xb6, 0x02, 0x65, 0xfd, 0xf5, 0x02,
  0x0b, 0xfd, 0xf8, 0x02, 0xd8, 0x15, 0x32, 0x6a, 0x26, 0x14, 0x1b, 0x44,
  0x47, 0x3e, 0x48, 0x00, 0x00, 0x05, 0x00, 0x32, 0xff, 0xad, 0x03, 0xa7,
  0x03, 0x11, 0x00, 0x03, 0x00, 0x0c, 0x00, 0x1f, 0x00, 0x2b, 0x00, 0x33,
  0x00, 0x00, 0x53, 0x21, 0x15, 0x21, 0x25, 0x17, 0x06, 0x06, 0x07, 0x27,
  0x3e, 0x02, 0x13, 0x33, 0x15, 0x14, 0x0e, 0x03, 0x07, 0x2e, 0x02, 0x27,
  0x3e, 0x04, 0x35, 0x17, 0x37, 0x1e, 0x03, 0x17, 0x07, 0x2e, 0x03, 0x01,
  0x21, 0x11, 0x23, 0x11, 0x21, 0x11, 0x23, 0x4a, 0x03, 0x5d, 0xfc, 0xa3,
  0x01, 0x81, 0x55, 0x13, 0x2c, 0x14, 0x42, 0x0c, 0x18, 0x16, 0x0b, 0x4d,
  0x13, 0x34, 0x62, 0x9f, 0x75, 0x04, 0x10, 0x11, 0x09, 0x70, 0x95, 0x5b,
  0x2f, 0x0f, 0x51, 0x2c, 0x2b, 0x5f, 0x5e, 0x52, 0x1d, 0x2f, 0x1b, 0x50,
  0x5e, 0x5f, 0xfe, 0x5e, 0x02, 0x9c, 0x4f, 0xfe, 0x00, 0x4d, 0x03, 0x11,
  0x46, 0x22, 0x0d, 0x2d, 0x5e, 0x21, 0x0d, 0x18, 0x3d, 0x3e, 0xfe, 0xfa,
  0xb6, 0x29, 0x52, 0x4d, 0x48, 0x3e, 0x1a, 0x08, 0x16, 0x18, 0x07, 0x16,
  0x36, 0x3e, 0x40, 0x42, 0x20, 0xab, 0x33, 0x13, 0x2e, 0x32, 0x31, 0x14,
  0x3c, 0x15, 0x32, 0x34, 0x32, 0x01, 0xf9, 0xfe, 0x2f, 0x01, 0x8b, 0xfe,
  0x73, 0x00, 0x00, 0x08, 0x00, 0x1d, 0xff, 0xb1, 0x03, 0xc1, 0x03, 0x1c,
  0x00, 0x03, 0x00, 0x07, 0x00, 0x10, 0x00, 0x14, 0x00, 0x1c, 0x00, 0x2d,
  0x00, 0x37, 0x00, 0x3f, 0x00, 0x00, 0x53, 0x21, 0x15, 0x21, 0x37, 0x33,
  0x11, 0x23, 0x07, 0x3e, 0x02, 0x37, 0x17, 0x06, 0x06, 0x07, 0x01, 0x21,
  0x15, 0x21, 0x37, 0x17, 0x06, 0x06, 0x07, 0x27, 0x36, 0x36, 0x17, 0x33,
  0x15, 0x14, 0x0e, 0x02, 0x07, 0x2e, 0x02, 0x27, 0x3e, 0x03, 0x35, 0x17,
  0x37, 0x1e, 0x02, 0x17, 0x07, 0x2e, 0x02, 0x01, 0x21, 0x11, 0x23, 0x11,
  0x21, 0x11, 0x23, 0x2e, 0x01, 0x3d, 0xfe, 0xc3, 0x7e, 0x4b, 0x4b, 0x8f,
  0x29, 0x6e, 0x7d, 0x40, 0x0a, 0x57, 0xaf, 0x45, 0x01, 0x4d, 0x02, 0x40,
  0xfd, 0xc0, 0xf2, 0x59, 0x12, 0x27, 0x11, 0x44, 0x0f, 0x1e, 0x03, 0x4b,
  0x18, 0x43, 0x82, 0x6a, 0x04, 0x11, 0x12, 0x08, 0x66, 0x78, 0x3b, 0x12,
  0x47, 0x2f, 0x27, 0x55, 0x4d, 0x18, 0x32, 0x17, 0x4b, 0x55, 0xfe, 0xc9,
  0x01, 0xda, 0x4b, 0xfe, 0xba, 0x49, 0x02, 0xd2, 0x48, 0x27, 0xfe, 0x11,
  0x0a, 0x0b, 0x20, 0x26, 0x13, 0x41, 0x1e, 0x3b, 0x18, 0x02, 0xb2, 0x44,
  0x26, 0x0d, 0x2b, 0x58, 0x1f, 0x0e, 0x23, 0x5b, 0xe7, 0xd3, 0x31, 0x66,
  0x60, 0x56, 0x21, 0x08, 0x15, 0x16, 0x07, 0x1c, 0x49, 0x53, 0x55, 0x27,
  0xc6, 0x2f, 0x18, 0x3a, 0x3a, 0x18, 0x35, 0x18, 0x3c, 0x3d, 0x02, 0x2e,
  0xfe, 0x2b, 0x01, 0x91, 0xfe, 0x6d, 0x00, 0x08, 0x00, 0x1e, 0xff, 0xac,
  0x03, 0xbb, 0x03, 0x27, 0x00, 0x03, 0x00, 0x0b, 0x00, 0x1b, 0x00, 0x25,
  0x00, 0x2d, 0x00, 0x31, 0x00, 0x35, 0x00, 0x43, 0x00, 0x00, 0x41, 0x21,
  0x15, 0x21, 0x37, 0x17, 0x06, 0x06, 0x07, 0x27, 0x36, 0x36, 0x17, 0x33,
  0x15, 0x14, 0x0e, 0x02, 0x07, 0x26, 0x26, 0x27, 0x3e, 0x03, 0x35, 0x17,
  0x37, 0x1e, 0x02, 0x17, 0x07, 0x2e, 0x02, 0x03, 0x21, 0x11, 0x23, 0x11,
  0x21, 0x11, 0x23, 0x03, 0x33, 0x11, 0x23, 0x03, 0x33, 0x11, 0x23, 0x03,
  0x33, 0x11, 0x14, 0x06, 0x06, 0x07, 0x2e, 0x02, 0x27, 0x36, 0x36, 0x35,
  0x01, 0xe6, 0x01, 0xd5, 0xfe, 0x2b, 0xc5, 0x51, 0x10, 0x21, 0x0f, 0x3f,
  0x0d, 0x1a, 0x03, 0x45, 0x10, 0x32, 0x65, 0x53, 0x08, 0x1b, 0x0c, 0x4e,
  0x5b, 0x2d, 0x0e, 0x19, 0x33, 0x23, 0x4c, 0x43, 0x15, 0x35, 0x14, 0x42,
  0x4c, 0xe2, 0x01, 0x94, 0x47, 0xfe, 0xf7, 0x44, 0x92, 0x42, 0x42, 0x88,
  0x3c, 0x3c, 0x8b, 0x40, 0x09, 0x1f, 0x21, 0x05, 0x14, 0x13, 0x09, 0x2a,
  0x14, 0x03, 0x1c, 0x42, 0x21, 0x0b, 0x2b, 0x58, 0x1f, 0x0d, 0x22, 0x5b,
  0xf0, 0xc9, 0x2e, 0x65, 0x63, 0x59, 0x24, 0x0b, 0x20, 0x0a, 0x1e, 0x4e,
  0x56, 0x57, 0x25, 0xaf, 0x29, 0x1b, 0x42, 0x41, 0x1a, 0x30, 0x1b, 0x43,
  0x45, 0x02, 0x20, 0xfe, 0x24, 0x01, 0x97, 0xfe, 0x67, 0x02, 0x91, 0xfc,
  0xa4, 0x03, 0x11, 0xfd, 0x63, 0x02, 0xe5, 0xfe, 0x6c, 0x5b, 0xa9, 0x97,
  0x44, 0x07, 0x12, 0x10, 0x05, 0x5c, 0xdb, 0x7a, 0x00, 0x0a, 0x00, 0x17,
  0xff, 0xaa, 0x03, 0xd2, 0x03, 0x47, 0x00, 0x03, 0x00, 0x10, 0x00, 0x1c,
  0x00, 0x29, 0x00, 0x3b, 0x00, 0x3f, 0x00, 0x4c, 0x00, 0x57, 0x00, 0x62,
  0x00, 0x73, 0x00, 0x00, 0x41, 0x21, 0x15, 0x21, 0x37, 0x17, 0x0e, 0x02,
  0x07, 0x2e, 0x02, 0x27, 0x3e, 0x02, 0x05, 0x33, 0x37, 0x17, 0x06, 0x06,
  0x07, 0x27, 0x3e, 0x02, 0x37, 0x07, 0x1e, 0x02, 0x17, 0x0e, 0x02, 0x07,
  0x2e, 0x02, 0x27, 0x27, 0x33, 0x15, 0x14, 0x0e, 0x03, 0x07, 0x2e, 0x02,
  0x27, 0x3e, 0x03, 0x35, 0x25, 0x33, 0x15, 0x23, 0x37, 0x17, 0x0e, 0x02,
  0x07, 0x2e, 0x02, 0x27, 0x3e, 0x02, 0x17, 0x33, 0x37, 0x17, 0x06, 0x06,
  0x07, 0x27, 0x36, 0x36, 0x37, 0x03, 0x27, 0x37, 0x37, 0x16, 0x16, 0x17,
  0x0e, 0x03, 0x07, 0x2e, 0x02, 0x27, 0x3e, 0x02, 0x35, 0x11, 0x33, 0x11,
  0x30, 0x0e, 0x03, 0x02, 0x2b, 0x01, 0x4f, 0xfe, 0xb1, 0x02, 0x4a, 0x0d,
  0x29, 0x37, 0x22, 0x07, 0x17, 0x19, 0x09, 0x22, 0x34, 0x24, 0x01, 0x46,
  0x0b, 0x0e, 0x33, 0x0c, 0x22, 0x12, 0x3f, 0x0a, 0x13, 0x10, 0x06, 0xa7,
  0x12, 0x43, 0x6d, 0x4f, 0x08, 0x12, 0x10, 0x06, 0x54, 0x71, 0x46, 0x13,
  0x03, 0x49, 0x0a, 0x1f, 0x3f, 0x6a, 0x50, 0x06, 0x12, 0x15, 0x09, 0x5f,
  0x6d, 0x34, 0x0f, 0xfe, 0x14, 0xf1, 0xf1, 0x07, 0x46, 0x0e, 0x2a, 0x37,
  0x23, 0x06, 0x15, 0x16, 0x08, 0x21, 0x32, 0x26, 0xe0, 0x0c, 0x0d, 0x32,
  0x11, 0x2b, 0x16, 0x3c, 0x12, 0x26, 0x0b, 0xca, 0x0c, 0x17, 0xd3, 0x03,
  0x0c, 0x04, 0x4a, 0x5b, 0x31, 0x16, 0x05, 0x03, 0x0e, 0x10, 0x07, 0x0a,
  0x1a, 0x14, 0x47, 0x11, 0x1a, 0x1a, 0x12, 0x02, 0xb1, 0x45, 0xdb, 0x0b,
  0x4f, 0x95, 0x7f, 0x31, 0x06, 0x10, 0x11, 0x04, 0x2c, 0x77, 0x89, 0x4e,
  0x02, 0x0e, 0x3c, 0x7f, 0x2b, 0x14, 0x1b, 0x46, 0x4d, 0x22, 0xe8, 0x6c,
  0xb9, 0x88, 0x23, 0x08, 0x15, 0x17, 0x0a, 0x2b, 0x95, 0xcb, 0x7a, 0x6e,
  0x3c, 0x31, 0x70, 0x78, 0x7a, 0x74, 0x33, 0x09, 0x13, 0x13, 0x05, 0x3c,
  0x87, 0x8b, 0x83, 0x36, 0xc6, 0x45, 0xe0, 0x0e, 0x50, 0x9b, 0x86, 0x34,
  0x06, 0x12, 0x11, 0x05, 0x2f, 0x7c, 0x8f, 0x50, 0x04, 0x10, 0x37, 0x74,
  0x27, 0x15, 0x24, 0x69, 0x30, 0xfd, 0x1e, 0x45, 0x1e, 0x83, 0x0f, 0x25,
  0x0b, 0x30, 0x3c, 0x21, 0x12, 0x08, 0x0a, 0x17, 0x17, 0x07, 0x06, 0x1a,
  0x25, 0x16, 0x01, 0x97, 0xfe, 0x29, 0x0c, 0x16, 0x18, 0x17, 0x00, 0x0d,
  0x00, 0x1f, 0xff, 0xba, 0x03, 0xce, 0x03, 0x4f, 0x00, 0x1b, 0x00, 0x23,
  0x00, 0x27, 0x00, 0x33, 0x00, 0x3d, 0x00, 0x41, 0x00, 0x4e, 0x00, 0x5b,
  0x00, 0x5f, 0x00, 0x69, 0x00, 0x73, 0x00, 0x7e, 0x00, 0x82, 0x00, 0x00,
  0x41, 0x33, 0x30, 0x06, 0x07, 0x0e, 0x02, 0x07, 0x06, 0x06, 0x07, 0x06,
  0x26, 0x27, 0x26, 0x26, 0x27, 0x16, 0x16, 0x33, 0x32, 0x36, 0x37, 0x3e,
  0x02, 0x37, 0x05, 0x36, 0x36, 0x37, 0x17, 0x06, 0x06, 0x07, 0x13, 0x21,
  0x15, 0x21, 0x37, 0x33, 0x0e, 0x03, 0x07, 0x07, 0x3e, 0x03, 0x07, 0x17,
  0x0e, 0x02, 0x07, 0x23, 0x3e, 0x02, 0x07, 0x21, 0x15, 0x21, 0x01, 0x1e,
  0x02, 0x17, 0x0e, 0x02, 0x07, 0x2e, 0x02, 0x27, 0x37, 0x17, 0x0e, 0x02,
  0x07, 0x2e, 0x02, 0x27, 0x3e, 0x02, 0x07, 0x21, 0x15, 0x21, 0x07, 0x37,
  0x1e, 0x02, 0x17, 0x07, 0x2e, 0x02, 0x37, 0x37, 0x1e, 0x02, 0x17, 0x07,
  0x2e, 0x02, 0x37, 0x17, 0x0e, 0x02, 0x07, 0x27, 0x3e, 0x03, 0x01, 0x21,
  0x15, 0x21, 0x01, 0x5b, 0x43, 0x01, 0x01, 0x08, 0x11, 0x15, 0x10, 0x0c,
  0x1e, 0x17, 0x13, 0x41, 0x24, 0x01, 0x0a, 0x09, 0x25, 0x3f, 0x0e, 0x0c,
  0x11, 0x06, 0x0c, 0x13, 0x0f, 0x07, 0xfe, 0xc4, 0x34, 0x8d, 0x49, 0x07,
  0x43, 0x86, 0x38, 0x11, 0x01, 0x08, 0xfe, 0xf8, 0xf3, 0x41, 0x03, 0x0a,
  0x0b, 0x0a, 0x05, 0x42, 0x05, 0x0d, 0x0b, 0x09, 0xc6, 0x40, 0x04, 0x09,
  0x0c, 0x06, 0x41, 0x07, 0x0c, 0x0a, 0x05, 0x01, 0x03, 0xfe, 0xfd, 0x02,
  0x51, 0x1e, 0x5d, 0x6c, 0x33, 0x06, 0x10, 0x0c, 0x04, 0x36, 0x71, 0x63,
  0x21, 0x1e, 0x41, 0x23, 0x63, 0x74, 0x3e, 0x04, 0x11, 0x11, 0x07, 0x3c,
  0x6f, 0x5a, 0x67, 0x01, 0x2a, 0xfe, 0xd6, 0x42, 0x3b, 0x0f, 0x1b, 0x15,
  0x04, 0x3e, 0x04, 0x14, 0x19, 0xa2, 0x3a, 0x0b, 0x11, 0x0d, 0x03, 0x3e,
  0x02, 0x0d, 0x10, 0xd9, 0x44, 0x16, 0x38, 0x39, 0x1a, 0x37, 0x12, 0x2a,
  0x28, 0x23, 0xfe, 0x5a, 0x01, 0xfe, 0xfe, 0x02, 0x01, 0x75, 0x18, 0x07,
  0x7f, 0x9c, 0x52, 0x10, 0x10, 0x0c, 0x02, 0x01, 0x01, 0x02, 0x0e, 0x23,
  0x0e, 0x04, 0x02, 0x05, 0x07, 0x0c, 0x4c, 0x95, 0x7a, 0xd5, 0x0c, 0x24,
  0x13, 0x3a, 0x13, 0x26, 0x0f, 0x02, 0xc6, 0x41, 0x41, 0x35, 0x78, 0x77,
  0x6a, 0x28, 0x04, 0x2a, 0x6d, 0x78, 0x78, 0x58, 0x04, 0x37, 0x7e, 0x75,
  0x2b, 0x2c, 0x78, 0x7f, 0xe6, 0x3d, 0x01, 0xf2, 0x33, 0x6c, 0x60, 0x22,
  0x08, 0x19, 0x1a, 0x0a, 0x27, 0x6c, 0x78, 0x37, 0x4a, 0x15, 0x4d, 0x8c,
  0x75, 0x2c, 0x08, 0x16, 0x17, 0x07, 0x26, 0x69, 0x7e, 0xf7, 0x41, 0x67,
  0x0e, 0x25, 0x57, 0x52, 0x20, 0x11, 0x21, 0x53, 0x57, 0x3f, 0x09, 0x26,
  0x56, 0x52, 0x21, 0x0a, 0x21, 0x53, 0x57, 0x20, 0x11, 0x3b, 0x83, 0x7a,
  0x2e, 0x12, 0x22, 0x59, 0x62, 0x5f, 0xfe, 0xce, 0x42, 0x00, 0x00, 0x03,
  0x00, 0x21, 0x00, 0x00, 0x02, 0xa2, 0x03, 0x29, 0x00, 0x10, 0x00, 0x20,
  0x00, 0x25, 0x00, 0x00, 0x73, 0x11, 0x34, 0x36, 0x36, 0x33, 0x32, 0x16,
  0x17, 0x07, 0x26, 0x26, 0x23, 0x22, 0x06, 0x15, 0x11, 0x33, 0x11, 0x34,
  0x36, 0x36, 0x33, 0x32, 0x16, 0x17, 0x07, 0x26, 0x23, 0x22, 0x06, 0x15,
  0x11, 0x01, 0x35, 0x37, 0x21, 0x15, 0x6b, 0x25, 0x4b, 0x38, 0x1c, 0x33,
  0x15, 0x13, 0x11, 0x24, 0x14, 0x28, 0x2d, 0xe3, 0x22, 0x47, 0x36, 0x19,
  0x2e, 0x13, 0x13, 0x1f, 0x20, 0x26, 0x26, 0xfe, 0x1d, 0x4e, 0x02, 0x08,
  0x02, 0x67, 0x39, 0x51, 0x2d, 0x0a, 0x09, 0x46, 0x08, 0x08, 0x3a, 0x36,
  0xfd, 0x9b, 0x02, 0x76, 0x37, 0x50, 0x2c, 0x0a, 0x07, 0x47, 0x0f, 0x36,
  0x35, 0xfd, 0x8b, 0x01, 0xd5, 0x45, 0x05, 0x4a, 0x00, 0x04, 0x00, 0x21,
  0x00, 0x00, 0x02, 0x0d, 0x03, 0x29, 0x00, 0x0f, 0x00, 0x14, 0x00, 0x18,
  0x00, 0x24, 0x00, 0x00, 0x73, 0x11, 0x34, 0x36, 0x36, 0x33, 0x32, 0x16,
  0x17, 0x07, 0x26, 0x23, 0x22, 0x06, 0x15, 0x11, 0x03, 0x35, 0x37, 0x33,
  0x15, 0x13, 0x11, 0x33, 0x11, 0x03, 0x22, 0x26, 0x35, 0x34, 0x36, 0x33,
  0x32, 0x16, 0x15, 0x14, 0x06, 0x6b, 0x22, 0x46, 0x36, 0x19, 0x2f, 0x13,
  0x14, 0x1e, 0x1f, 0x27, 0x26, 0xa5, 0x4e, 0xca, 0x68, 0x5c, 0x2e, 0x1a,
  0x22, 0x22, 0x1a, 0x1b, 0x23, 0x23, 0x02, 0x76, 0x37, 0x50, 0x2c, 0x0a,
  0x07, 0x47, 0x0f, 0x36, 0x35, 0xfd, 0x8b, 0x01, 0xd5, 0x45, 0x05, 0x4a,
  0xfe, 0x2b, 0x02, 0x1f, 0xfd, 0xe1, 0x02, 0x8f, 0x21, 0x1c, 0x1b, 0x20,
  0x20, 0x1b, 0x1c, 0x21, 0x00, 0x03, 0x00, 0x21, 0xff, 0xf3, 0x02, 0x36,
  0x03, 0x29, 0x00, 0x0f, 0x00, 0x14, 0x00, 0x25, 0x00, 0x00, 0x73, 0x11,
  0x34, 0x36, 0x36, 0x33, 0x32, 0x16, 0x17, 0x07, 0x26, 0x23, 0x22, 0x06,
  0x15, 0x11, 0x03, 0x35, 0x37, 0x33, 0x15, 0x13, 0x22, 0x26, 0x26, 0x35,
  0x11, 0x33, 0x11, 0x14, 0x16, 0x33, 0x32, 0x36, 0x37, 0x17, 0x06, 0x06,
  0x6b, 0x22, 0x46, 0x36, 0x19, 0x2f, 0x13, 0x14, 0x1e, 0x1f, 0x27, 0x26,
  0xa5, 0x4e, 0xca, 0xc9, 0x22, 0x2b, 0x14, 0x5c, 0x0f, 0x0a, 0x04, 0x08,
  0x08, 0x0c, 0x09, 0x18, 0x02, 0x76, 0x37, 0x50, 0x2c, 0x0a, 0x07, 0x47,
  0x0f, 0x36, 0x35, 0xfd, 0x8b, 0x01, 0xd5, 0x45, 0x05, 0x4a, 0xfe, 0x1e,
  0x1c, 0x37, 0x26, 0x02, 0xb0, 0xfd, 0x4a, 0x15, 0x12, 0x01, 0x01, 0x46,
  0x03, 0x05, 0x00, 0x05, 0x00, 0x21, 0x00, 0x00, 0x03, 0x4b, 0x03, 0x29,
  0x00, 0x10, 0x00, 0x20, 0x00, 0x25, 0x00, 0x29, 0x00, 0x35, 0x00, 0x00,
  0x73, 0x11, 0x34, 0x36, 0x36, 0x33, 0x32, 0x16, 0x17, 0x07, 0x26, 0x26,
  0x23, 0x22, 0x06, 0x15, 0x11, 0x33, 0x11, 0x34, 0x36, 0x36, 0x33, 0x32,
  0x16, 0x17, 0x07, 0x26, 0x23, 0x22, 0x06, 0x15, 0x11, 0x01, 0x35, 0x37,
  0x21, 0x15, 0x13, 0x11, 0x33, 0x11, 0x03, 0x22, 0x26, 0x35, 0x34, 0x36,
  0x33, 0x32, 0x16, 0x15, 0x14, 0x06, 0x6b, 0x25, 0x4b, 0x38, 0x1c, 0x33,
  0x15, 0x13, 0x11, 0x24, 0x14, 0x28, 0x2d, 0xe3, 0x22, 0x47, 0x36, 0x19,
  0x2e, 0x13, 0x13, 0x1f, 0x20, 0x26, 0x26, 0xfe, 0x1d, 0x4e, 0x02, 0x08,
  0x69, 0x5b, 0x2e, 0x1a, 0x22, 0x22, 0x1a, 0x1b, 0x23, 0x23, 0x02, 0x67,
  0x39, 0x51, 0x2d, 0x0a, 0x09, 0x46, 0x08, 0x08, 0x3a, 0x36, 0xfd, 0x9b,
  0x02, 0x76, 0x37, 0x50, 0x2c, 0x0a, 0x07, 0x47, 0x0f, 0x36, 0x35, 0xfd,
  0x8b, 0x01, 0xd5, 0x45, 0x05, 0x4a, 0xfe, 0x2b, 0x02, 0x1f, 0xfd, 0xe1,
  0x02, 0x8f, 0x21, 0x1c, 0x1b, 0x20, 0x20, 0x1b, 0x1c, 0x21, 0x00, 0x04,
  0x00, 0x21, 0xff, 0xf3, 0x03, 0x75, 0x03, 0x29, 0x00, 0x10, 0x00, 0x20,
  0x00, 0x25, 0x00, 0x36, 0x00, 0x00, 0x73, 0x11, 0x34, 0x36, 0x36, 0x33,
  0x32, 0x16, 0x17, 0x07, 0x26, 0x26, 0x23, 0x22, 0x06, 0x15, 0x11, 0x33,
  0x11, 0x34, 0x36, 0x36, 0x33, 0x32, 0x16, 0x17, 0x07, 0x26, 0x23, 0x22,
  0x06, 0x15, 0x11, 0x01, 0x35, 0x37, 0x21, 0x15, 0x13, 0x22, 0x26, 0x26,
  0x35, 0x11, 0x33, 0x11, 0x14, 0x16, 0x33, 0x32, 0x36, 0x37, 0x17, 0x06,
  0x06, 0x6b, 0x25, 0x4b, 0x38, 0x1c, 0x33, 0x15, 0x13, 0x11, 0x24, 0x14,
  0x28, 0x2d, 0xe3, 0x22, 0x47, 0x36, 0x19, 0x2e, 0x13, 0x13, 0x1f, 0x20,
  0x26, 0x26, 0xfe, 0x1d, 0x4e, 0x02, 0x08, 0xc9, 0x21, 0x2b, 0x14, 0x5b,
  0x0f, 0x0a, 0x04, 0x09, 0x07, 0x0d, 0x0a, 0x19, 0x02, 0x67, 0x39, 0x51,
  0x2d, 0x0a, 0x09, 0x46, 0x08, 0x08, 0x3a, 0x36, 0xfd, 0x9b, 0x02, 0x76,
  0x37, 0x50, 0x2c, 0x0a, 0x07, 0x47, 0x0f, 0x36, 0x35, 0xfd, 0x8b, 0x01,
  0xd5, 0x45, 0x05, 0x4a, 0xfe, 0x1e, 0x1c, 0x37, 0x26, 0x02, 0xb0, 0xfd,
  0x4a, 0x15, 0x12, 0x01, 0x01, 0x46, 0x03, 0x05, 0x00, 0x01, 0x02, 0x90,
  0x02, 0x16, 0x03, 0x53, 0x03, 0x6c, 0x00, 0x14, 0x00, 0x00, 0x41, 0x27,
  0x36, 0x36, 0x35, 0x27, 0x17, 0x06, 0x06, 0x23, 0x22, 0x26, 0x35, 0x34,
  0x36, 0x33, 0x32, 0x16, 0x15, 0x14, 0x06, 0x02, 0xa6, 0x16, 0x3d, 0x41,
  0x12, 0x36, 0x0b, 0x1c, 0x0e, 0x1f, 0x2c, 0x2d, 0x1f, 0x2a, 0x2b, 0x5e,
  0x02, 0x16, 0x35, 0x19, 0x4e, 0x39, 0x54, 0x4c, 0x0d, 0x09, 0x24, 0x23,
  0x24, 0x24, 0x3f, 0x34, 0x51, 0x76, 0x00, 0x01, 0x02, 0x96, 0x02, 0x25,
  0x03, 0xb2, 0x03, 0x38, 0x00, 0x08, 0x00, 0x00, 0x41, 0x26, 0x26, 0x27,
  0x37, 0x1e, 0x02, 0x17, 0x03, 0x70, 0x30, 0x76, 0x34, 0x40, 0x23, 0x4f,
  0x4c, 0x1e, 0x02, 0x25, 0x3a, 0x77, 0x2a, 0x38, 0x1c, 0x4b, 0x4e, 0x25,
  0x00, 0x02, 0x02, 0x8d, 0x02, 0x03, 0x03, 0xb9, 0x03, 0x2f, 0x00, 0x0f,
  0x00, 0x1e, 0x00, 0x00, 0x41, 0x32, 0x16, 0x16, 0x15, 0x14, 0x06, 0x06,
  0x23, 0x22, 0x26, 0x26, 0x35, 0x34, 0x36, 0x36, 0x17, 0x32, 0x36, 0x35,
  0x34, 0x26, 0x26, 0x23, 0x22, 0x06, 0x06, 0x15, 0x14, 0x16, 0x16, 0x03,
  0x23, 0x29, 0x44, 0x29, 0x29, 0x44, 0x29, 0x29, 0x45, 0x28, 0x28, 0x45,
  0x28, 0x2a, 0x3a, 0x1a, 0x2e, 0x1b, 0x1b, 0x2e, 0x1b, 0x1b, 0x2e, 0x03,
  0x2f, 0x29, 0x44, 0x29, 0x2a, 0x43, 0x29, 0x29, 0x43, 0x2a, 0x29, 0x44,
  0x29, 0xfa, 0x3a, 0x2a, 0x1c, 0x2c, 0x1b, 0x1b, 0x2c, 0x1c, 0x1c, 0x2d,
  0x1b, 0x00, 0x00, 0x02, 0x02, 0x88, 0x00, 0x80, 0x03, 0x20, 0x03, 0x00,
  0x00, 0x0b, 0x00, 0x17, 0x00, 0x00, 0x41, 0x22, 0x26, 0x35, 0x34, 0x36,
  0x33, 0x32, 0x16, 0x15, 0x14, 0x06, 0x03, 0x22, 0x26, 0x35, 0x34, 0x36,
  0x33, 0x32, 0x16, 0x15, 0x14, 0x06, 0x02, 0xd4, 0x1e, 0x2e, 0x2e, 0x1e,
  0x1e, 0x2e, 0x2e, 0x1e, 0x1e, 0x2e, 0x2e, 0x1e, 0x1e, 0x2e, 0x2e, 0x02,
  0x6a, 0x29, 0x22, 0x22, 0x29, 0x29, 0x22, 0x22, 0x29, 0xfe, 0x16, 0x29,
  0x22, 0x23, 0x29, 0x29, 0x23, 0x22, 0x29, 0x00, 0x00, 0x02, 0x01, 0xdf,
  0x00, 0x45, 0x03, 0xc3, 0x03, 0x43, 0x00, 0x1d, 0x00, 0x29, 0x00, 0x00,
  0x41, 0x26, 0x3e, 0x04, 0x35, 0x34, 0x26, 0x26, 0x23, 0x22, 0x06, 0x07,
  0x27, 0x36, 0x36, 0x33, 0x32, 0x16, 0x16, 0x15, 0x14, 0x0e, 0x04, 0x17,
  0x07, 0x22, 0x26, 0x35, 0x34, 0x36, 0x33, 0x32, 0x16, 0x15, 0x14, 0x06,
  0x02, 0x9d, 0x08, 0x17, 0x2f, 0x39, 0x34, 0x22, 0x22, 0x42, 0x34, 0x33,
  0x5f, 0x2b, 0x36, 0x32, 0x7a, 0x51, 0x47, 0x67, 0x39, 0x22, 0x35, 0x3a,
  0x31, 0x19, 0x07, 0x27, 0x1b, 0x26, 0x26, 0x1b, 0x1a, 0x26, 0x26, 0x01,
  0x3c, 0x29, 0x42, 0x35, 0x2d, 0x2c, 0x2f, 0x1c, 0x23, 0x36, 0x1f, 0x2d,
  0x2e, 0x32, 0x35, 0x3f, 0x2e, 0x53, 0x3a, 0x26, 0x3a, 0x30, 0x2d, 0x30,
  0x3a, 0x25, 0xf7, 0x24, 0x1e, 0x1e, 0x25, 0x25, 0x1e, 0x1e, 0x24, 0x00,
  0x00, 0x01, 0x00, 0x87, 0xff, 0x95, 0x01, 0x4a, 0x00, 0xeb, 0x00, 0x14,
  0x00, 0x00, 0x57, 0x27, 0x36, 0x36, 0x35, 0x27, 0x17, 0x06, 0x06, 0x23,
  0x22, 0x26, 0x35, 0x34, 0x36, 0x33, 0x32, 0x16, 0x15, 0x14, 0x06, 0x9d,
  0x16, 0x3d, 0x41, 0x12, 0x36, 0x0b, 0x1c, 0x0e, 0x1f, 0x2c, 0x2d, 0x1f,
  0x2a, 0x2b, 0x5e, 0x6b, 0x35, 0x19, 0x4e, 0x39, 0x54, 0x4c, 0x0d, 0x09,
  0x24, 0x23, 0x24, 0x24, 0x3f, 0x34, 0x51, 0x76, 0x00, 0x07, 0x00, 0x28,
  0xff, 0xaf, 0x03, 0xc2, 0x03, 0x18, 0x00, 0x09, 0x00, 0x0d, 0x00, 0x11,
  0x00, 0x15, 0x00, 0x19, 0x00, 0x25, 0x00, 0x2d, 0x00, 0x00, 0x65, 0x37,
  0x1e, 0x02, 0x17, 0x07, 0x2e, 0x02, 0x25, 0x21, 0x15, 0x21, 0x13, 0x21,
  0x15, 0x21, 0x15, 0x21, 0x15, 0x21, 0x15, 0x21, 0x15, 0x21, 0x17, 0x17,
  0x0e, 0x02, 0x07, 0x26, 0x26, 0x27, 0x3e, 0x02, 0x03, 0x21, 0x11, 0x23,
  0x11, 0x21, 0x11, 0x23, 0x02, 0x5d, 0x30, 0x39, 0x71, 0x66, 0x25, 0x3c,
  0x23, 0x60, 0x6e, 0xfd, 0x9f, 0x03, 0x83, 0xfc, 0x7d, 0xbb, 0x02, 0x09,
  0xfd, 0xf7, 0x02, 0x09, 0xfd, 0xf7, 0x02, 0x09, 0xfd, 0xf7, 0x59, 0x47,
  0x28, 0x67, 0x6e, 0x33, 0x09, 0x21, 0x0d, 0x33, 0x6e, 0x60, 0x55, 0x02,
  0x4e, 0x4b, 0xfe, 0x45, 0x48, 0x54, 0x35, 0x19, 0x39, 0x38, 0x18, 0x38,
  0x19, 0x38, 0x3b, 0x96, 0x44, 0x01, 0xf7, 0x3a, 0x55, 0x39, 0x57, 0x39,
  0xa7, 0x2d, 0x1f, 0x3f, 0x36, 0x15, 0x0c, 0x21, 0x0a, 0x14, 0x35, 0x3b,
  0x02, 0xae, 0xfd, 0x99, 0x02, 0x29, 0xfd, 0xd7, 0x00, 0x02, 0x00, 0x5a,
  0x02, 0x4f, 0x01, 0x7f, 0x03, 0x70, 0x00, 0x05, 0x00, 0x0b, 0x00, 0x00,
  0x53, 0x27, 0x27, 0x33, 0x07, 0x07, 0x33, 0x27, 0x27, 0x33, 0x07, 0x07,
  0x6e, 0x12, 0x02, 0x61, 0x03, 0x12, 0x8d, 0x12, 0x03, 0x61, 0x02, 0x12,
  0x02, 0x4f, 0xbb, 0x66, 0x66, 0xbb, 0xbb, 0x66, 0x66, 0xbb, 0x00, 0x01,
  0x00, 0x5a, 0x02, 0x4f, 0x00, 0xbb, 0x03, 0x70, 0x00, 0x05, 0x00, 0x00,
  0x53, 0x27, 0x27, 0x33, 0x07, 0x07, 0x6e, 0x12, 0x02, 0x61, 0x03, 0x12,
  0x02, 0x4f, 0xbb, 0x66, 0x66, 0xbb, 0x00, 0x02, 0x00, 0xae, 0xff, 0xfc,
  0x01, 0x46, 0x02, 0x7c, 0x00, 0x0b, 0x00, 0x17, 0x00, 0x00, 0x53, 0x22,
  0x26, 0x35, 0x34, 0x36, 0x33, 0x32, 0x16, 0x15, 0x14, 0x06, 0x03, 0x22,
  0x26, 0x35, 0x34, 0x36, 0x33, 0x32, 0x16, 0x15, 0x14, 0x06, 0xfa, 0x1e,
  0x2e, 0x2e, 0x1e, 0x1e, 0x2e, 0x2e, 0x1e, 0x1e, 0x2e, 0x2e, 0x1e, 0x1e,
  0x2e, 0x2e, 0x01, 0xe6, 0x28, 0x22, 0x23, 0x29, 0x29, 0x23, 0x22, 0x28,
  0xfe, 0x16, 0x29, 0x22, 0x22, 0x29, 0x29, 0x22, 0x22, 0x29, 0x00, 0x02,
  0x00, 0x21, 0xff, 0xfb, 0x01, 0xcd, 0x02, 0xf9, 0x00, 0x1d, 0x00, 0x29,
  0x00, 0x00, 0x77, 0x26, 0x3e, 0x04, 0x35, 0x34, 0x26, 0x26, 0x23, 0x22,
  0x07, 0x27, 0x3e, 0x02, 0x33, 0x32, 0x16, 0x16, 0x15, 0x14, 0x0e, 0x04,
  0x17, 0x07, 0x22, 0x26, 0x35, 0x34, 0x36, 0x33, 0x32, 0x16, 0x15, 0x14,
  0x06, 0xc3, 0x08, 0x14, 0x28, 0x31, 0x2e, 0x1e, 0x1b, 0x36, 0x2b, 0x55,
  0x4c, 0x36, 0x1f, 0x42, 0x50, 0x30, 0x3e, 0x5c, 0x31, 0x1e, 0x2f, 0x32,
  0x2a, 0x16, 0x07, 0x27, 0x1b, 0x26, 0x26, 0x1b, 0x1a, 0x26, 0x26, 0xf2,
  0x2a, 0x41, 0x36, 0x2e, 0x2d, 0x30, 0x1c, 0x22, 0x34, 0x1e, 0x53, 0x32,
  0x20, 0x30, 0x1c, 0x2d, 0x52, 0x38, 0x26, 0x3c, 0x30, 0x2e, 0x30, 0x3b,
  0x25, 0xf7, 0x24, 0x1e, 0x1e, 0x25, 0x25, 0x1e, 0x1e, 0x24, 0x00, 0x02,
  0x00, 0x32, 0xff, 0xf3, 0x01, 0xfa, 0x02, 0xd6, 0x00, 0x0f, 0x00, 0x1f,
  0x00, 0x00, 0x45, 0x22, 0x26, 0x26, 0x35, 0x34, 0x36, 0x36, 0x33, 0x32,
  0x16, 0x16, 0x15, 0x14, 0x06, 0x06, 0x27, 0x32, 0x36, 0x36, 0x35, 0x34,
  0x26, 0x26, 0x23, 0x22, 0x06, 0x06, 0x15, 0x14, 0x16, 0x16, 0x01, 0x16,
  0x47, 0x66, 0x37, 0x37, 0x66, 0x47, 0x47, 0x66, 0x37, 0x37, 0x66, 0x47,
  0x2a, 0x3f, 0x23, 0x23, 0x3f, 0x2a, 0x29, 0x40, 0x23, 0x23, 0x40, 0x0d,
  0x56, 0xa6, 0x78, 0x77, 0xa4, 0x54, 0x54, 0xa4, 0x77, 0x78, 0xa6, 0x56,
  0x4a, 0x3e, 0x84, 0x68, 0x68, 0x82, 0x3c, 0x3c, 0x82, 0x68, 0x68, 0x84,
  0x3e, 0x00, 0x00, 0x01, 0x00, 0x58, 0x00, 0x00, 0x01, 0xea, 0x02, 0xc9,
  0x00, 0x0c, 0x00, 0x00, 0x73, 0x35, 0x33, 0x11, 0x23, 0x35, 0x36, 0x36,
  0x37, 0x33, 0x11, 0x33, 0x15, 0x58, 0xa4, 0x83, 0x31, 0x49, 0x1e, 0x46,
  0x93, 0x4c, 0x02, 0x0e, 0x3a, 0x09, 0x1a, 0x12, 0xfd, 0x83, 0x4c, 0x00,
  0x00, 0x01, 0x00, 0x28, 0x00, 0x00, 0x01, 0xf9, 0x02, 0xd6, 0x00, 0x1d,
  0x00, 0x00, 0x73, 0x35, 0x3e, 0x02, 0x35, 0x34, 0x26, 0x26, 0x23, 0x22,
  0x06, 0x07, 0x27, 0x36, 0x36, 0x33, 0x32, 0x16, 0x16, 0x15, 0x14, 0x06,
  0x06, 0x07, 0x36, 0x36, 0x33, 0x33, 0x15, 0x2c, 0x6c, 0x96, 0x4e, 0x1d,
  0x3c, 0x2e, 0x2d, 0x4d, 0x1e, 0x35, 0x2c, 0x66, 0x46, 0x42, 0x5f, 0x35,
  0x4c, 0x84, 0x54, 0x1c, 0x40, 0x1c, 0xcf, 0x36, 0x6b, 0xa3, 0x83, 0x3a,
  0x29, 0x3f, 0x23, 0x32, 0x23, 0x33, 0x32, 0x3a, 0x34, 0x5e, 0x3f, 0x43,
  0x8a, 0x97, 0x59, 0x02, 0x05, 0x4f, 0x00, 0x01, 0x00, 0x1d, 0xff, 0xf3,
  0x01, 0xf3, 0x02, 0xd6, 0x00, 0x2e, 0x00, 0x00, 0x45, 0x22, 0x26, 0x26,
  0x27, 0x37, 0x16, 0x16, 0x33, 0x32, 0x36, 0x36, 0x35, 0x34, 0x26, 0x26,
  0x23, 0x35, 0x32, 0x36, 0x36, 0x35, 0x34, 0x26, 0x23, 0x22, 0x06, 0x07,
  0x27, 0x36, 0x36, 0x33, 0x32, 0x16, 0x16, 0x15, 0x14, 0x06, 0x07, 0x15,
  0x1e, 0x02, 0x15, 0x14, 0x06, 0x06, 0x01, 0x07, 0x39, 0x57, 0x42, 0x18,
  0x2f, 0x20, 0x57, 0x3e, 0x2c, 0x43, 0x26, 0x2b, 0x64, 0x55, 0x4c, 0x58,
  0x27, 0x42, 0x3a, 0x2c, 0x4d, 0x1f, 0x31, 0x2a, 0x63, 0x3f, 0x3e, 0x61,
  0x37, 0x48, 0x3a, 0x2b, 0x46, 0x2a, 0x40, 0x6a, 0x0d, 0x1c, 0x2e, 0x1b,
  0x3b, 0x21, 0x33, 0x20, 0x3b, 0x28, 0x2b, 0x3f, 0x23, 0x47, 0x23, 0x3d,
  0x25, 0x34, 0x3d, 0x29, 0x20, 0x3a, 0x26, 0x33, 0x2a, 0x51, 0x39, 0x41,
  0x54, 0x15, 0x04, 0x0b, 0x30, 0x49, 0x32, 0x40, 0x5a, 0x31, 0x00, 0x01,
  0x00, 0x14, 0x00, 0x00, 0x02, 0x0c, 0x02, 0xc9, 0x00, 0x10, 0x00, 0x00,
  0x61, 0x11, 0x34, 0x36, 0x37, 0x23, 0x06, 0x06, 0x07, 0x07, 0x21, 0x15,
  0x21, 0x35, 0x01, 0x33, 0x11, 0x01, 0x54, 0x04, 0x01, 0x04, 0x0e, 0x1d,
  0x10, 0xa7, 0x01, 0x99, 0xfe, 0x08, 0x01, 0x31, 0x65, 0x01, 0xdf, 0x1b,
  0x51, 0x1c, 0x19, 0x31, 0x1b, 0xf4, 0x49, 0x3c, 0x01, 0xc8, 0xfd, 0x37,
  0x00, 0x01, 0x00, 0x1b, 0xff, 0xf3, 0x01, 0xf6, 0x02, 0xc9, 0x00, 0x23,
  0x00, 0x00, 0x45, 0x22, 0x26, 0x26, 0x27, 0x37, 0x1e, 0x02, 0x33, 0x32,
  0x36, 0x36, 0x35, 0x34, 0x26, 0x23, 0x22, 0x06, 0x07, 0x27, 0x13, 0x21,
  0x15, 0x21, 0x07, 0x36, 0x36, 0x33, 0x32, 0x16, 0x16, 0x15, 0x14, 0x06,
  0x06, 0x01, 0x06, 0x39, 0x57, 0x41, 0x1a, 0x2e, 0x15, 0x33, 0x42, 0x2a,
  0x2b, 0x47, 0x2a, 0x53, 0x45, 0x24, 0x36, 0x20, 0x31, 0x18, 0x01, 0x64,
  0xfe, 0xec, 0x13, 0x18, 0x35, 0x21, 0x3d, 0x64, 0x3c, 0x45, 0x6e, 0x0d,
  0x1c, 0x2c, 0x19, 0x3c, 0x15, 0x25, 0x17, 0x28, 0x48, 0x32, 0x4b, 0x53,
  0x17, 0x15, 0x1f, 0x01, 0x57, 0x4f, 0xd4, 0x0e, 0x0f, 0x2f, 0x63, 0x4d,
  0x4d, 0x6c, 0x38, 0x00, 0x00, 0x01, 0x00, 0x36, 0xff, 0xf3, 0x01, 0xfe,
  0x02, 0xd6, 0x00, 0x30, 0x00, 0x00, 0x45, 0x22, 0x2e, 0x02, 0x35, 0x34,
  0x3e, 0x02, 0x33, 0x32, 0x16, 0x17, 0x07, 0x26, 0x26, 0x23, 0x22, 0x06,
  0x06, 0x15, 0x14, 0x16, 0x16, 0x33, 0x32, 0x36, 0x36, 0x35, 0x34, 0x26,
  0x26, 0x23, 0x22, 0x06, 0x07, 0x27, 0x3e, 0x02, 0x33, 0x32, 0x16, 0x16,
  0x15, 0x14, 0x06, 0x06, 0x01, 0x2c, 0x35, 0x5a, 0x42, 0x25, 0x2c, 0x4c,
  0x62, 0x35, 0x3a, 0x54, 0x1e, 0x33, 0x15, 0x3f, 0x21, 0x33, 0x56, 0x34,
  0x26, 0x47, 0x32, 0x24, 0x39, 0x21, 0x1e, 0x3b, 0x2c, 0x23, 0x52, 0x25,
  0x03, 0x17, 0x38, 0x3f, 0x1d, 0x3e, 0x5c, 0x32, 0x39, 0x60, 0x0d, 0x2a,
  0x56, 0x81, 0x56, 0x6b, 0x97, 0x5f, 0x2b, 0x2b, 0x20, 0x39, 0x1a, 0x1e,
  0x3c, 0x8c, 0x78, 0x58, 0x79, 0x3e, 0x27, 0x46, 0x2f, 0x2f, 0x44, 0x25,
  0x2e, 0x37, 0x48, 0x1e, 0x2c, 0x17, 0x31, 0x62, 0x49, 0x44, 0x67, 0x39,
  0x00, 0x01, 0x00, 0x31, 0x00, 0x00, 0x01, 0xfc, 0x02, 0xc9, 0x00, 0x0e,
  0x00, 0x00, 0x73, 0x3e, 0x03, 0x37, 0x21, 0x35, 0x21, 0x15, 0x0e, 0x03,
  0x07, 0xc6, 0x05, 0x1a, 0x31, 0x4a, 0x35, 0xfe, 0x9c, 0x01, 0xcb, 0x3f,
  0x50, 0x2e, 0x16, 0x04, 0x65, 0xa9, 0x96, 0x8d, 0x49, 0x4f, 0x38, 0x51,
  0x94, 0x99, 0xab, 0x68, 0x00, 0x03, 0x00, 0x2e, 0xff, 0xf3, 0x01, 0xfd,
  0x02, 0xd6, 0x00, 0x20, 0x00, 0x2e, 0x00, 0x3e, 0x00, 0x00, 0x45, 0x22,
  0x26, 0x26, 0x35, 0x34, 0x36, 0x36, 0x37, 0x35, 0x26, 0x26, 0x35, 0x34,
  0x36, 0x36, 0x33, 0x32, 0x16, 0x16, 0x15, 0x14, 0x06, 0x06, 0x07, 0x15,
  0x1e, 0x02, 0x15, 0x14, 0x06, 0x06, 0x03, 0x36, 0x36, 0x35, 0x34, 0x26,
  0x26, 0x23, 0x22, 0x06, 0x15, 0x14, 0x16, 0x16, 0x03, 0x32, 0x36, 0x36,
  0x35, 0x34, 0x2e, 0x02, 0x27, 0x06, 0x06, 0x15, 0x14, 0x16, 0x16, 0x01,
  0x18, 0x44, 0x6a, 0x3c, 0x27, 0x3e, 0x21, 0x28, 0x3b, 0x35, 0x5b, 0x39,
  0x3f, 0x5a, 0x30, 0x1f, 0x2d, 0x15, 0x1f, 0x39, 0x23, 0x39, 0x67, 0x13,
  0x24, 0x27, 0x1d, 0x38, 0x27, 0x33, 0x42, 0x2f, 0x4c, 0x06, 0x2b, 0x3f,
  0x23, 0x20, 0x35, 0x46, 0x27, 0x2c, 0x39, 0x28, 0x47, 0x0d, 0x32, 0x58,
  0x39, 0x2f, 0x49, 0x37, 0x12, 0x04, 0x1c, 0x51, 0x38, 0x37, 0x52, 0x2d,
  0x30, 0x56, 0x37, 0x26, 0x42, 0x33, 0x11, 0x04, 0x13, 0x31, 0x44, 0x31,
  0x34, 0x57, 0x32, 0x01, 0x91, 0x21, 0x47, 0x28, 0x23, 0x39, 0x22, 0x3e,
  0x34, 0x2b, 0x38, 0x27, 0xfe, 0xa1, 0x20, 0x38, 0x24, 0x23, 0x32, 0x24,
  0x1f, 0x0f, 0x1c, 0x4e, 0x32, 0x26, 0x3e, 0x23, 0x00, 0x01, 0x00, 0x2c,
  0xff, 0xf3, 0x01, 0xf5, 0x02, 0xd6, 0x00, 0x30, 0x00, 0x00, 0x57, 0x22,
  0x26, 0x27, 0x37, 0x16, 0x16, 0x33, 0x32, 0x36, 0x36, 0x35, 0x34, 0x26,
  0x26, 0x23, 0x22, 0x06, 0x06, 0x15, 0x14, 0x16, 0x16, 0x33, 0x32, 0x36,
  0x37, 0x17, 0x0e, 0x02, 0x23, 0x22, 0x26, 0x26, 0x35, 0x34, 0x36, 0x36,
  0x33, 0x32, 0x1e, 0x02, 0x15, 0x14, 0x0e, 0x02, 0xe5, 0x39, 0x55, 0x1d,
  0x32, 0x16, 0x3f, 0x21, 0x33, 0x56, 0x34, 0x25, 0x48, 0x33, 0x23, 0x38,
  0x22, 0x1d, 0x3c, 0x2c, 0x23, 0x51, 0x25, 0x04, 0x16, 0x3b, 0x3d, 0x1f,
  0x3d, 0x5c, 0x32, 0x3a, 0x5f, 0x39, 0x35, 0x5a, 0x42, 0x26, 0x2d, 0x4c,
  0x62, 0x0d, 0x2b, 0x20, 0x39, 0x1a, 0x1e, 0x3c, 0x8d, 0x77, 0x58, 0x79,
  0x3f, 0x28, 0x46, 0x30, 0x2e, 0x45, 0x25, 0x2f, 0x37, 0x49, 0x1d, 0x2c,
  0x17, 0x31, 0x62, 0x48, 0x45, 0x67, 0x39, 0x2b, 0x56, 0x7f, 0x57, 0x6b,
  0x97, 0x5f, 0x2b, 0x00
};
unsigned int quickapp_system_default_cjk_font_len = 68008;
